timestamp,sensor,dimension,residual_values,nis,chi2_threshold
0.000000000,magnetometer,3,5.00043e-06;3.08015e-10;-3.30152e-06,0.000000004,0.000000000
0.000000000,magnetometer,3,5.00909e-06;6.4693e-09;-3.30652e-06,0.000000004,0.000000000
0.000000000,magnetometer,3,5.01775e-06;1.26324e-08;-3.31151e-06,0.000000004,0.000000000
0.000000000,magnetometer,3,5.02642e-06;1.87975e-08;-3.31651e-06,0.000000004,0.000000000
0.000000000,magnetometer,3,5.03508e-06;2.49643e-08;-3.3215e-06,0.000000004,0.000000000
0.000000000,magnetometer,3,5.04374e-06;3.11331e-08;-3.32648e-06,0.000000004,0.000000000
0.000000000,magnetometer,3,5.0524e-06;3.73037e-08;-3.33147e-06,0.000000004,0.000000000
0.000000000,magnetometer,3,5.06106e-06;4.34761e-08;-3.33645e-06,0.000000004,0.000000000
0.000000000,magnetometer,3,5.06973e-06;4.96504e-08;-3.34142e-06,0.000000004,0.000000000
0.000000000,magnetometer,3,5.07839e-06;5.58266e-08;-3.3464e-06,0.000000004,0.000000000
0.000000000,magnetometer,3,5.08705e-06;6.20047e-08;-3.35137e-06,0.000000004,0.000000000
0.000000000,magnetometer,3,5.09572e-06;6.81846e-08;-3.35634e-06,0.000000004,0.000000000
0.000000000,magnetometer,3,5.10438e-06;7.43663e-08;-3.3613e-06,0.000000004,0.000000000
0.000000000,magnetometer,3,5.11305e-06;8.05499e-08;-3.36627e-06,0.000000004,0.000000000
0.000000000,magnetometer,3,5.12171e-06;8.67354e-08;-3.37123e-06,0.000000004,0.000000000
0.000000000,magnetometer,3,5.13038e-06;9.29227e-08;-3.37618e-06,0.000000004,0.000000000
0.000000000,magnetometer,3,5.13905e-06;9.91119e-08;-3.38114e-06,0.000000004,0.000000000
0.000000000,magnetometer,3,5.14771e-06;1.05303e-07;-3.38609e-06,0.000000004,0.000000000
0.000000000,magnetometer,3,5.15638e-06;1.11496e-07;-3.39104e-06,0.000000004,0.000000000
0.000000000,magnetometer,3,5.16505e-06;1.17691e-07;-3.39598e-06,0.000000004,0.000000000
0.000000000,magnetometer,3,5.17371e-06;1.23887e-07;-3.40092e-06,0.000000004,0.000000000
0.000000000,magnetometer,3,5.18238e-06;1.30086e-07;-3.40586e-06,0.000000004,0.000000000
0.000000000,magnetometer,3,5.19105e-06;1.36286e-07;-3.4108e-06,0.000000004,0.000000000
0.000000000,magnetometer,3,5.19972e-06;1.42488e-07;-3.41573e-06,0.000000004,0.000000000
0.000000000,magnetometer,3,5.20839e-06;1.48692e-07;-3.42066e-06,0.000000004,0.000000000
0.000000000,magnetometer,3,5.21706e-06;1.54898e-07;-3.42559e-06,0.000000004,0.000000000
0.000000000,magnetometer,3,5.22573e-06;1.61105e-07;-3.43051e-06,0.000000004,0.000000000
0.000000000,magnetometer,3,5.2344e-06;1.67315e-07;-3.43543e-06,0.000000004,0.000000000
0.000000000,magnetometer,3,5.24307e-06;1.73526e-07;-3.44035e-06,0.000000004,0.000000000
0.000000000,magnetometer,3,5.25174e-06;1.79739e-07;-3.44527e-06,0.000000004,0.000000000
0.000000000,magnetometer,3,5.26041e-06;1.85954e-07;-3.45018e-06,0.000000004,0.000000000
0.000000000,magnetometer,3,5.26908e-06;1.92171e-07;-3.45509e-06,0.000000004,0.000000000
0.000000000,magnetometer,3,5.27775e-06;1.9839e-07;-3.45999e-06,0.000000004,0.000000000
0.000000000,magnetometer,3,5.28642e-06;2.0461e-07;-3.4649e-06,0.000000004,0.000000000
0.000000000,magnetometer,3,5.2951e-06;2.10832e-07;-3.4698e-06,0.000000004,0.000000000
0.000000000,magnetometer,3,5.30377e-06;2.17057e-07;-3.47469e-06,0.000000004,0.000000000
0.000000000,magnetometer,3,5.31244e-06;2.23283e-07;-3.47959e-06,0.000000004,0.000000000
0.000000000,magnetometer,3,5.32112e-06;2.2951e-07;-3.48448e-06,0.000000004,0.000000000
0.000000000,magnetometer,3,5.32979e-06;2.3574e-07;-3.48937e-06,0.000000004,0.000000000
0.000000000,magnetometer,3,5.33846e-06;2.41972e-07;-3.49425e-06,0.000000004,0.000000000
0.000000000,magnetometer,3,5.34714e-06;2.48205e-07;-3.49914e-06,0.000000004,0.000000000
0.000000000,magnetometer,3,5.35581e-06;2.5444e-07;-3.50401e-06,0.000000004,0.000000000
0.000000000,magnetometer,3,5.36449e-06;2.60677e-07;-3.50889e-06,0.000000004,0.000000000
0.000000000,magnetometer,3,5.37316e-06;2.66916e-07;-3.51376e-06,0.000000004,0.000000000
0.000000000,magnetometer,3,5.38184e-06;2.73157e-07;-3.51863e-06,0.000000004,0.000000000
0.000000000,magnetometer,3,5.39052e-06;2.79399e-07;-3.5235e-06,0.000000004,0.000000000
0.000000000,magnetometer,3,5.39919e-06;2.85644e-07;-3.52837e-06,0.000000004,0.000000000
0.000000000,magnetometer,3,5.40787e-06;2.9189e-07;-3.53323e-06,0.000000004,0.000000000
0.000000000,magnetometer,3,5.41655e-06;2.98139e-07;-3.53809e-06,0.000000004,0.000000000
0.000000000,magnetometer,3,5.42522e-06;3.04389e-07;-3.54294e-06,0.000000004,0.000000000
0.000000000,magnetometer,3,5.4339e-06;3.1064e-07;-3.54779e-06,0.000000004,0.000000000
0.000000000,magnetometer,3,5.44258e-06;3.16894e-07;-3.55264e-06,0.000000004,0.000000000
0.000000000,magnetometer,3,5.45126e-06;3.2315e-07;-3.55749e-06,0.000000004,0.000000000
0.000000000,magnetometer,3,5.45994e-06;3.29407e-07;-3.56233e-06,0.000000004,0.000000000
0.000000000,magnetometer,3,5.46862e-06;3.35667e-07;-3.56717e-06,0.000000004,0.000000000
0.000000000,magnetometer,3,5.4773e-06;3.41928e-07;-3.57201e-06,0.000000004,0.000000000
0.000000000,magnetometer,3,5.48598e-06;3.48191e-07;-3.57685e-06,0.000000004,0.000000000
0.000000000,magnetometer,3,5.49466e-06;3.54456e-07;-3.58168e-06,0.000000004,0.000000000
0.000000000,magnetometer,3,5.50334e-06;3.60723e-07;-3.58651e-06,0.000000004,0.000000000
0.000000000,magnetometer,3,5.51202e-06;3.66992e-07;-3.59133e-06,0.000000004,0.000000000
0.000000000,magnetometer,3,5.52071e-06;3.73262e-07;-3.59616e-06,0.000000004,0.000000000
0.000000000,magnetometer,3,5.52939e-06;3.79535e-07;-3.60098e-06,0.000000004,0.000000000
0.000000000,magnetometer,3,5.53807e-06;3.85809e-07;-3.60579e-06,0.000000004,0.000000000
0.000000000,magnetometer,3,5.54675e-06;3.92085e-07;-3.61061e-06,0.000000004,0.000000000
0.000000000,magnetometer,3,5.55544e-06;3.98363e-07;-3.61542e-06,0.000000004,0.000000000
0.000000000,magnetometer,3,5.56412e-06;4.04642e-07;-3.62022e-06,0.000000004,0.000000000
0.000000000,magnetometer,3,5.5728e-06;4.10924e-07;-3.62503e-06,0.000000004,0.000000000
0.000000000,magnetometer,3,5.58149e-06;4.17207e-07;-3.62983e-06,0.000000004,0.000000000
0.000000000,magnetometer,3,5.59017e-06;4.23492e-07;-3.63463e-06,0.000000004,0.000000000
0.000000000,magnetometer,3,5.59886e-06;4.29779e-07;-3.63943e-06,0.000000004,0.000000000
0.000000000,magnetometer,3,5.60754e-06;4.36068e-07;-3.64422e-06,0.000000004,0.000000000
0.000000000,magnetometer,3,5.61623e-06;4.42358e-07;-3.64901e-06,0.000000005,0.000000000
0.000000000,magnetometer,3,5.62491e-06;4.4865e-07;-3.6538e-06,0.000000005,0.000000000
0.000000000,magnetometer,3,5.6336e-06;4.54944e-07;-3.65858e-06,0.000000005,0.000000000
0.000000000,magnetometer,3,5.64228e-06;4.6124e-07;-3.66336e-06,0.000000005,0.000000000
0.000000000,magnetometer,3,5.65097e-06;4.67537e-07;-3.66814e-06,0.000000005,0.000000000
0.000000000,magnetometer,3,5.65966e-06;4.73837e-07;-3.67291e-06,0.000000005,0.000000000
0.000000000,magnetometer,3,5.66834e-06;4.80138e-07;-3.67768e-06,0.000000005,0.000000000
0.000000000,magnetometer,3,5.67703e-06;4.86441e-07;-3.68245e-06,0.000000005,0.000000000
0.000000000,magnetometer,3,5.68572e-06;4.92746e-07;-3.68722e-06,0.000000005,0.000000000
0.000000000,magnetometer,3,5.69441e-06;4.99053e-07;-3.69198e-06,0.000000005,0.000000000
0.000000000,magnetometer,3,5.7031e-06;5.05361e-07;-3.69674e-06,0.000000005,0.000000000
0.000000000,magnetometer,3,5.71179e-06;5.11672e-07;-3.7015e-06,0.000000005,0.000000000
0.000000000,magnetometer,3,5.72047e-06;5.17984e-07;-3.70625e-06,0.000000005,0.000000000
0.000000000,magnetometer,3,5.72916e-06;5.24298e-07;-3.711e-06,0.000000005,0.000000000
0.000000000,magnetometer,3,5.73785e-06;5.30615e-07;-3.71575e-06,0.000000005,0.000000000
0.000000000,magnetometer,3,5.74654e-06;5.36933e-07;-3.72049e-06,0.000000005,0.000000000
0.000000000,magnetometer,3,5.75524e-06;5.43252e-07;-3.72524e-06,0.000000005,0.000000000
0.000000000,magnetometer,3,5.76393e-06;5.49574e-07;-3.72997e-06,0.000000005,0.000000000
0.000000000,magnetometer,3,5.77262e-06;5.55897e-07;-3.73471e-06,0.000000005,0.000000000
0.000000000,magnetometer,3,5.78131e-06;5.62223e-07;-3.73944e-06,0.000000005,0.000000000
0.000000000,magnetometer,3,5.79e-06;5.6855e-07;-3.74417e-06,0.000000005,0.000000000
0.000000000,magnetometer,3,5.79869e-06;5.74879e-07;-3.7489e-06,0.000000005,0.000000000
0.000000000,magnetometer,3,5.80739e-06;5.81209e-07;-3.75362e-06,0.000000005,0.000000000
0.000000000,magnetometer,3,5.81608e-06;5.87542e-07;-3.75835e-06,0.000000005,0.000000000
0.000000000,magnetometer,3,5.82477e-06;5.93876e-07;-3.76306e-06,0.000000005,0.000000000
0.000000000,magnetometer,3,5.83347e-06;6.00212e-07;-3.76778e-06,0.000000005,0.000000000
0.000000000,magnetometer,3,5.84216e-06;6.06549e-07;-3.77249e-06,0.000000005,0.000000000
0.000000000,magnetometer,3,5.85085e-06;6.12889e-07;-3.7772e-06,0.000000005,0.000000000
0.000000000,magnetometer,3,5.85955e-06;6.1923e-07;-3.7819e-06,0.000000005,0.000000000
0.000000000,magnetometer,3,5.86824e-06;6.25573e-07;-3.78661e-06,0.000000005,0.000000000
0.000000000,magnetometer,3,5.87694e-06;6.31918e-07;-3.79131e-06,0.000000005,0.000000000
0.000000000,magnetometer,3,5.88563e-06;6.38264e-07;-3.796e-06,0.000000005,0.000000000
0.000000000,magnetometer,3,5.89433e-06;6.44613e-07;-3.8007e-06,0.000000005,0.000000000
0.000000000,magnetometer,3,5.90302e-06;6.50963e-07;-3.80539e-06,0.000000005,0.000000000
0.000000000,magnetometer,3,5.91172e-06;6.57316e-07;-3.81007e-06,0.000000005,0.000000000
0.000000000,magnetometer,3,5.92041e-06;6.6367e-07;-3.81476e-06,0.000000005,0.000000000
0.000000000,magnetometer,3,5.92911e-06;6.70026e-07;-3.81944e-06,0.000000005,0.000000000
0.000000000,magnetometer,3,5.93781e-06;6.76383e-07;-3.82412e-06,0.000000005,0.000000000
0.000000000,magnetometer,3,5.94651e-06;6.82743e-07;-3.82879e-06,0.000000005,0.000000000
0.000000000,magnetometer,3,5.9552e-06;6.89105e-07;-3.83347e-06,0.000000005,0.000000000
0.000000000,magnetometer,3,5.9639e-06;6.95468e-07;-3.83814e-06,0.000000005,0.000000000
0.000000000,magnetometer,3,5.9726e-06;7.01833e-07;-3.8428e-06,0.000000005,0.000000000
0.000000000,magnetometer,3,5.9813e-06;7.082e-07;-3.84747e-06,0.000000005,0.000000000
0.000000000,magnetometer,3,5.99e-06;7.14568e-07;-3.85213e-06,0.000000005,0.000000000
0.000000000,magnetometer,3,5.9987e-06;7.20939e-07;-3.85679e-06,0.000000005,0.000000000
0.000000000,magnetometer,3,6.0074e-06;7.27311e-07;-3.86144e-06,0.000000005,0.000000000
0.000000000,magnetometer,3,6.0161e-06;7.33684e-07;-3.86609e-06,0.000000005,0.000000000
0.000000000,magnetometer,3,6.0248e-06;7.4006e-07;-3.87074e-06,0.000000005,0.000000000
0.000000000,magnetometer,3,6.0335e-06;7.46437e-07;-3.87539e-06,0.000000005,0.000000000
0.000000000,magnetometer,3,6.0422e-06;7.52816e-07;-3.88003e-06,0.000000005,0.000000000
0.000000000,magnetometer,3,6.0509e-06;7.59197e-07;-3.88467e-06,0.000000005,0.000000000
0.000000000,magnetometer,3,6.0596e-06;7.6558e-07;-3.8893e-06,0.000000005,0.000000000
0.000000000,magnetometer,3,6.0683e-06;7.71965e-07;-3.89394e-06,0.000000005,0.000000000
0.000000000,magnetometer,3,6.077e-06;7.78351e-07;-3.89857e-06,0.000000005,0.000000000
0.000000000,magnetometer,3,6.0857e-06;7.8474e-07;-3.9032e-06,0.000000005,0.000000000
0.000000000,magnetometer,3,6.0944e-06;7.9113e-07;-3.90782e-06,0.000000005,0.000000000
0.000000000,magnetometer,3,6.10311e-06;7.97522e-07;-3.91244e-06,0.000000005,0.000000000
0.000000000,magnetometer,3,6.11181e-06;8.03916e-07;-3.91706e-06,0.000000005,0.000000000
0.000000000,magnetometer,3,6.12051e-06;8.10311e-07;-3.92168e-06,0.000000005,0.000000000
0.000000000,magnetometer,3,6.12922e-06;8.16709e-07;-3.92629e-06,0.000000005,0.000000000
0.000000000,magnetometer,3,6.13792e-06;8.23108e-07;-3.9309e-06,0.000000005,0.000000000
0.000000000,magnetometer,3,6.14663e-06;8.29509e-07;-3.9355e-06,0.000000005,0.000000000
0.000000000,magnetometer,3,6.15533e-06;8.35911e-07;-3.94011e-06,0.000000005,0.000000000
0.000000000,magnetometer,3,6.16403e-06;8.42316e-07;-3.94471e-06,0.000000005,0.000000000
0.000000000,magnetometer,3,6.17274e-06;8.48722e-07;-3.9493e-06,0.000000005,0.000000000
0.000000000,magnetometer,3,6.18144e-06;8.5513e-07;-3.9539e-06,0.000000005,0.000000000
0.000000000,magnetometer,3,6.19015e-06;8.61539e-07;-3.95849e-06,0.000000005,0.000000000
0.000000000,magnetometer,3,6.19885e-06;8.67951e-07;-3.96308e-06,0.000000005,0.000000000
0.000000000,magnetometer,3,6.20756e-06;8.74364e-07;-3.96766e-06,0.000000006,0.000000000
0.000000000,magnetometer,3,6.21627e-06;8.80779e-07;-3.97224e-06,0.000000006,0.000000000
0.000000000,magnetometer,3,6.22497e-06;8.87196e-07;-3.97682e-06,0.000000006,0.000000000
0.000000000,magnetometer,3,6.23368e-06;8.93615e-07;-3.9814e-06,0.000000006,0.000000000
0.000000000,magnetometer,3,6.24239e-06;9.00036e-07;-3.98597e-06,0.000000006,0.000000000
0.000000000,magnetometer,3,6.25109e-06;9.06458e-07;-3.99054e-06,0.000000006,0.000000000
0.000000000,magnetometer,3,6.2598e-06;9.12883e-07;-3.99511e-06,0.000000006,0.000000000
0.000000000,magnetometer,3,6.26851e-06;9.19309e-07;-3.99967e-06,0.000000006,0.000000000
0.000000000,magnetometer,3,6.27722e-06;9.25736e-07;-4.00423e-06,0.000000006,0.000000000
0.000000000,magnetometer,3,6.28593e-06;9.32166e-07;-4.00879e-06,0.000000006,0.000000000
0.000000000,magnetometer,3,6.29463e-06;9.38597e-07;-4.01335e-06,0.000000006,0.000000000
0.000000000,magnetometer,3,6.30334e-06;9.45029e-07;-4.0179e-06,0.000000006,0.000000000
0.000000000,magnetometer,3,6.31205e-06;9.51464e-07;-4.02245e-06,0.000000006,0.000000000
0.000000000,magnetometer,3,6.32076e-06;9.579e-07;-4.02699e-06,0.000000006,0.000000000
0.000000000,magnetometer,3,6.32947e-06;9.64339e-07;-4.03154e-06,0.000000006,0.000000000
0.000000000,magnetometer,3,6.33818e-06;9.70779e-07;-4.03608e-06,0.000000006,0.000000000
0.000000000,magnetometer,3,6.34689e-06;9.77221e-07;-4.04061e-06,0.000000006,0.000000000
0.000000000,magnetometer,3,6.3556e-06;9.83665e-07;-4.04515e-06,0.000000006,0.000000000
0.000000000,magnetometer,3,6.36431e-06;9.9011e-07;-4.04968e-06,0.000000006,0.000000000
0.000000000,magnetometer,3,6.37302e-06;9.96558e-07;-4.0542e-06,0.000000006,0.000000000
0.000000000,magnetometer,3,6.38174e-06;1.00301e-06;-4.05873e-06,0.000000006,0.000000000
0.000000000,magnetometer,3,6.39045e-06;1.00946e-06;-4.06325e-06,0.000000006,0.000000000
0.000000000,magnetometer,3,6.39916e-06;1.01591e-06;-4.06777e-06,0.000000006,0.000000000
0.000000000,magnetometer,3,6.40787e-06;1.02236e-06;-4.07228e-06,0.000000006,0.000000000
0.000000000,magnetometer,3,6.41658e-06;1.02882e-06;-4.0768e-06,0.000000006,0.000000000
0.000000000,magnetometer,3,6.4253e-06;1.03528e-06;-4.08131e-06,0.000000006,0.000000000
0.000000000,magnetometer,3,6.43401e-06;1.04174e-06;-4.08581e-06,0.000000006,0.000000000
0.000000000,magnetometer,3,6.44272e-06;1.0482e-06;-4.09032e-06,0.000000006,0.000000000
0.000000000,magnetometer,3,6.45143e-06;1.05466e-06;-4.09482e-06,0.000000006,0.000000000
0.000000000,magnetometer,3,6.46015e-06;1.06113e-06;-4.09931e-06,0.000000006,0.000000000
0.000000000,magnetometer,3,6.46886e-06;1.06759e-06;-4.10381e-06,0.000000006,0.000000000
0.000000000,magnetometer,3,6.47758e-06;1.07406e-06;-4.1083e-06,0.000000006,0.000000000
0.000000000,magnetometer,3,6.48629e-06;1.08053e-06;-4.11279e-06,0.000000006,0.000000000
0.000000000,magnetometer,3,6.49501e-06;1.08701e-06;-4.11727e-06,0.000000006,0.000000000
0.000000000,magnetometer,3,6.50372e-06;1.09348e-06;-4.12175e-06,0.000000006,0.000000000
0.000000000,magnetometer,3,6.51244e-06;1.09995e-06;-4.12623e-06,0.000000006,0.000000000
0.000000000,magnetometer,3,6.52115e-06;1.10643e-06;-4.13071e-06,0.000000006,0.000000000
0.000000000,magnetometer,3,6.52987e-06;1.11291e-06;-4.13518e-06,0.000000006,0.000000000
0.000000000,magnetometer,3,6.53858e-06;1.11939e-06;-4.13965e-06,0.000000006,0.000000000
0.000000000,magnetometer,3,6.5473e-06;1.12587e-06;-4.14412e-06,0.000000006,0.000000000
0.000000000,magnetometer,3,6.55601e-06;1.13236e-06;-4.14858e-06,0.000000006,0.000000000
0.000000000,magnetometer,3,6.56473e-06;1.13884e-06;-4.15304e-06,0.000000006,0.000000000
0.000000000,magnetometer,3,6.57345e-06;1.14533e-06;-4.1575e-06,0.000000006,0.000000000
0.000000000,magnetometer,3,6.58217e-06;1.15182e-06;-4.16196e-06,0.000000006,0.000000000
0.000000000,magnetometer,3,6.59088e-06;1.15831e-06;-4.16641e-06,0.000000006,0.000000000
0.000000000,magnetometer,3,6.5996e-06;1.16481e-06;-4.17086e-06,0.000000006,0.000000000
0.000000000,magnetometer,3,6.60832e-06;1.1713e-06;-4.1753e-06,0.000000006,0.000000000
0.000000000,magnetometer,3,6.61704e-06;1.1778e-06;-4.17974e-06,0.000000006,0.000000000
0.000000000,magnetometer,3,6.62575e-06;1.1843e-06;-4.18418e-06,0.000000006,0.000000000
0.000000000,magnetometer,3,6.63447e-06;1.1908e-06;-4.18862e-06,0.000000006,0.000000000
0.000000000,magnetometer,3,6.64319e-06;1.1973e-06;-4.19305e-06,0.000000006,0.000000000
0.000000000,magnetometer,3,6.65191e-06;1.2038e-06;-4.19748e-06,0.000000006,0.000000000
0.000000000,magnetometer,3,6.66063e-06;1.21031e-06;-4.20191e-06,0.000000006,0.000000000
0.000000000,magnetometer,3,6.66935e-06;1.21682e-06;-4.20634e-06,0.000000006,0.000000000
0.000000000,magnetometer,3,6.67807e-06;1.22333e-06;-4.21076e-06,0.000000006,0.000000000
0.000000000,magnetometer,3,6.68679e-06;1.22984e-06;-4.21518e-06,0.000000006,0.000000000
0.000000000,magnetometer,3,6.69551e-06;1.23635e-06;-4.21959e-06,0.000000006,0.000000000
0.000000000,magnetometer,3,6.70423e-06;1.24286e-06;-4.224e-06,0.000000006,0.000000000
0.000000000,magnetometer,3,6.71295e-06;1.24938e-06;-4.22841e-06,0.000000006,0.000000000
0.000000000,magnetometer,3,6.72167e-06;1.2559e-06;-4.23282e-06,0.000000006,0.000000000
0.000000000,magnetometer,3,6.73039e-06;1.26242e-06;-4.23722e-06,0.000000006,0.000000000
0.000000000,magnetometer,3,6.73911e-06;1.26894e-06;-4.24162e-06,0.000000007,0.000000000
0.000000000,magnetometer,3,6.74783e-06;1.27546e-06;-4.24602e-06,0.000000007,0.000000000
0.000000000,magnetometer,3,6.75656e-06;1.28199e-06;-4.25041e-06,0.000000007,0.000000000
0.000000000,magnetometer,3,6.76528e-06;1.28851e-06;-4.2548e-06,0.000000007,0.000000000
0.000000000,magnetometer,3,6.774e-06;1.29504e-06;-4.25919e-06,0.000000007,0.000000000
0.000000000,magnetometer,3,6.78272e-06;1.30157e-06;-4.26357e-06,0.000000007,0.000000000
0.000000000,magnetometer,3,6.79145e-06;1.3081e-06;-4.26796e-06,0.000000007,0.000000000
0.000000000,magnetometer,3,6.80017e-06;1.31464e-06;-4.27233e-06,0.000000007,0.000000000
0.000000000,magnetometer,3,6.80889e-06;1.32117e-06;-4.27671e-06,0.000000007,0.000000000
0.000000000,magnetometer,3,6.81761e-06;1.32771e-06;-4.28108e-06,0.000000007,0.000000000
0.000000000,magnetometer,3,6.82634e-06;1.33425e-06;-4.28545e-06,0.000000007,0.000000000
0.000000000,magnetometer,3,6.83506e-06;1.34079e-06;-4.28982e-06,0.000000007,0.000000000
0.000000000,magnetometer,3,6.84379e-06;1.34733e-06;-4.29418e-06,0.000000007,0.000000000
0.000000000,magnetometer,3,6.85251e-06;1.35387e-06;-4.29854e-06,0.000000007,0.000000000
0.000000000,magnetometer,3,6.86124e-06;1.36042e-06;-4.3029e-06,0.000000007,0.000000000
0.000000000,magnetometer,3,6.86996e-06;1.36697e-06;-4.30725e-06,0.000000007,0.000000000
0.000000000,magnetometer,3,6.87868e-06;1.37352e-06;-4.3116e-06,0.000000007,0.000000000
0.000000000,magnetometer,3,6.88741e-06;1.38007e-06;-4.31595e-06,0.000000007,0.000000000
0.000000000,magnetometer,3,6.89613e-06;1.38662e-06;-4.3203e-06,0.000000007,0.000000000
0.000000000,magnetometer,3,6.90486e-06;1.39318e-06;-4.32464e-06,0.000000007,0.000000000
0.000000000,magnetometer,3,6.91359e-06;1.39973e-06;-4.32898e-06,0.000000007,0.000000000
0.000000000,magnetometer,3,6.92231e-06;1.40629e-06;-4.33331e-06,0.000000007,0.000000000
0.000000000,magnetometer,3,6.93104e-06;1.41285e-06;-4.33765e-06,0.000000007,0.000000000
0.000000000,magnetometer,3,6.93976e-06;1.41941e-06;-4.34198e-06,0.000000007,0.000000000
0.000000000,magnetometer,3,6.94849e-06;1.42598e-06;-4.3463e-06,0.000000007,0.000000000
0.000000000,magnetometer,3,6.95722e-06;1.43254e-06;-4.35063e-06,0.000000007,0.000000000
0.000000000,magnetometer,3,6.96595e-06;1.43911e-06;-4.35495e-06,0.000000007,0.000000000
0.000000000,magnetometer,3,6.97467e-06;1.44568e-06;-4.35926e-06,0.000000007,0.000000000
0.000000000,magnetometer,3,6.9834e-06;1.45225e-06;-4.36358e-06,0.000000007,0.000000000
0.000000000,magnetometer,3,6.99213e-06;1.45882e-06;-4.36789e-06,0.000000007,0.000000000
0.000000000,magnetometer,3,7.00085e-06;1.46539e-06;-4.3722e-06,0.000000007,0.000000000
0.000000000,magnetometer,3,7.00958e-06;1.47197e-06;-4.3765e-06,0.000000007,0.000000000
0.000000000,magnetometer,3,7.01831e-06;1.47854e-06;-4.38081e-06,0.000000007,0.000000000
0.000000000,magnetometer,3,7.02704e-06;1.48512e-06;-4.3851e-06,0.000000007,0.000000000
0.000000000,magnetometer,3,7.03577e-06;1.4917e-06;-4.3894e-06,0.000000007,0.000000000
0.000000000,magnetometer,3,7.0445e-06;1.49829e-06;-4.39369e-06,0.000000007,0.000000000
0.000000000,magnetometer,3,7.05323e-06;1.50487e-06;-4.39798e-06,0.000000007,0.000000000
0.000000000,magnetometer,3,7.06195e-06;1.51145e-06;-4.40227e-06,0.000000007,0.000000000
0.000000000,magnetometer,3,7.07068e-06;1.51804e-06;-4.40655e-06,0.000000007,0.000000000
0.000000000,magnetometer,3,7.07941e-06;1.52463e-06;-4.41083e-06,0.000000007,0.000000000
0.000000000,magnetometer,3,7.08814e-06;1.53122e-06;-4.41511e-06,0.000000007,0.000000000
0.000000000,magnetometer,3,7.09687e-06;1.53782e-06;-4.41939e-06,0.000000007,0.000000000
0.000000000,magnetometer,3,7.1056e-06;1.54441e-06;-4.42366e-06,0.000000007,0.000000000
0.000000000,magnetometer,3,7.11433e-06;1.55101e-06;-4.42793e-06,0.000000007,0.000000000
0.000000000,magnetometer,3,7.12306e-06;1.5576e-06;-4.43219e-06,0.000000007,0.000000000
0.000000000,magnetometer,3,7.1318e-06;1.5642e-06;-4.43645e-06,0.000000007,0.000000000
0.000000000,magnetometer,3,7.14053e-06;1.5708e-06;-4.44071e-06,0.000000007,0.000000000
0.000000000,magnetometer,3,7.14926e-06;1.57741e-06;-4.44497e-06,0.000000007,0.000000000
0.000000000,magnetometer,3,7.15799e-06;1.58401e-06;-4.44922e-06,0.000000007,0.000000000
0.000000000,magnetometer,3,7.16672e-06;1.59062e-06;-4.45347e-06,0.000000007,0.000000000
0.000000000,magnetometer,3,7.17545e-06;1.59723e-06;-4.45772e-06,0.000000007,0.000000000
0.000000000,magnetometer,3,7.18418e-06;1.60384e-06;-4.46196e-06,0.000000007,0.000000000
0.000000000,magnetometer,3,7.19292e-06;1.61045e-06;-4.46621e-06,0.000000007,0.000000000
0.000000000,magnetometer,3,7.20165e-06;1.61706e-06;-4.47044e-06,0.000000007,0.000000000
0.000000000,magnetometer,3,7.21038e-06;1.62368e-06;-4.47468e-06,0.000000007,0.000000000
0.000000000,magnetometer,3,7.21911e-06;1.63029e-06;-4.47891e-06,0.000000007,0.000000000
0.000000000,magnetometer,3,7.22785e-06;1.63691e-06;-4.48314e-06,0.000000008,0.000000000
0.000000000,magnetometer,3,7.23658e-06;1.64353e-06;-4.48736e-06,0.000000008,0.000000000
0.000000000,magnetometer,3,7.24531e-06;1.65015e-06;-4.49159e-06,0.000000008,0.000000000
0.000000000,magnetometer,3,7.25405e-06;1.65678e-06;-4.49581e-06,0.000000008,0.000000000
0.000000000,magnetometer,3,7.26278e-06;1.6634e-06;-4.50002e-06,0.000000008,0.000000000
0.000000000,magnetometer,3,7.27151e-06;1.67003e-06;-4.50423e-06,0.000000008,0.000000000
0.000000000,magnetometer,3,7.28025e-06;1.67666e-06;-4.50844e-06,0.000000008,0.000000000
0.000000000,magnetometer,3,7.28898e-06;1.68329e-06;-4.51265e-06,0.000000008,0.000000000
0.000000000,magnetometer,3,7.29771e-06;1.68992e-06;-4.51686e-06,0.000000008,0.000000000
0.000000000,magnetometer,3,7.30645e-06;1.69656e-06;-4.52106e-06,0.000000008,0.000000000
0.000000000,magnetometer,3,7.31518e-06;1.70319e-06;-4.52525e-06,0.000000008,0.000000000
0.000000000,magnetometer,3,7.32392e-06;1.70983e-06;-4.52945e-06,0.000000008,0.000000000
0.000000000,magnetometer,3,7.33265e-06;1.71647e-06;-4.53364e-06,0.000000008,0.000000000
0.000000000,magnetometer,3,7.34139e-06;1.72311e-06;-4.53783e-06,0.000000008,0.000000000
0.000000000,magnetometer,3,7.35012e-06;1.72975e-06;-4.54201e-06,0.000000008,0.000000000
0.000000000,magnetometer,3,7.35886e-06;1.7364e-06;-4.5462e-06,0.000000008,0.000000000
0.000000000,magnetometer,3,7.3676e-06;1.74304e-06;-4.55038e-06,0.000000008,0.000000000
0.000000000,magnetometer,3,7.37633e-06;1.74969e-06;-4.55455e-06,0.000000008,0.000000000
0.000000000,magnetometer,3,7.38507e-06;1.75634e-06;-4.55873e-06,0.000000008,0.000000000
0.000000000,magnetometer,3,7.3938e-06;1.76299e-06;-4.5629e-06,0.000000008,0.000000000
0.000000000,magnetometer,3,7.40254e-06;1.76964e-06;-4.56706e-06,0.000000008,0.000000000
0.000000000,magnetometer,3,7.41128e-06;1.7763e-06;-4.57123e-06,0.000000008,0.000000000
0.000000000,magnetometer,3,7.42001e-06;1.78295e-06;-4.57539e-06,0.000000008,0.000000000
0.000000000,magnetometer,3,7.42875e-06;1.78961e-06;-4.57955e-06,0.000000008,0.000000000
0.000000000,magnetometer,3,7.43749e-06;1.79627e-06;-4.5837e-06,0.000000008,0.000000000
0.000000000,magnetometer,3,7.44622e-06;1.80293e-06;-4.58785e-06,0.000000008,0.000000000
0.000000000,magnetometer,3,7.45496e-06;1.8096e-06;-4.592e-06,0.000000008,0.000000000
0.000000000,magnetometer,3,7.4637e-06;1.81626e-06;-4.59615e-06,0.000000008,0.000000000
0.000000000,magnetometer,3,7.47244e-06;1.82293e-06;-4.60029e-06,0.000000008,0.000000000
0.000000000,magnetometer,3,7.48117e-06;1.8296e-06;-4.60443e-06,0.000000008,0.000000000
0.000000000,magnetometer,3,7.48991e-06;1.83626e-06;-4.60857e-06,0.000000008,0.000000000
0.000000000,magnetometer,3,7.49865e-06;1.84294e-06;-4.6127e-06,0.000000008,0.000000000
0.000000000,magnetometer,3,7.50739e-06;1.84961e-06;-4.61683e-06,0.000000008,0.000000000
0.000000000,magnetometer,3,7.51613e-06;1.85629e-06;-4.62096e-06,0.000000008,0.000000000
0.000000000,magnetometer,3,7.52487e-06;1.86296e-06;-4.62508e-06,0.000000008,0.000000000
0.000000000,magnetometer,3,7.53361e-06;1.86964e-06;-4.6292e-06,0.000000008,0.000000000
0.000000000,magnetometer,3,7.54234e-06;1.87632e-06;-4.63332e-06,0.000000008,0.000000000
0.000000000,magnetometer,3,7.55108e-06;1.883e-06;-4.63743e-06,0.000000008,0.000000000
0.000000000,magnetometer,3,7.55982e-06;1.88968e-06;-4.64154e-06,0.000000008,0.000000000
0.000000000,magnetometer,3,7.56856e-06;1.89637e-06;-4.64565e-06,0.000000008,0.000000000
0.000000000,magnetometer,3,7.5773e-06;1.90306e-06;-4.64976e-06,0.000000008,0.000000000
0.000000000,magnetometer,3,7.58604e-06;1.90975e-06;-4.65386e-06,0.000000008,0.000000000
0.000000000,magnetometer,3,7.59478e-06;1.91644e-06;-4.65796e-06,0.000000008,0.000000000
0.000000000,magnetometer,3,7.60352e-06;1.92313e-06;-4.66206e-06,0.000000008,0.000000000
0.000000000,magnetometer,3,7.61226e-06;1.92982e-06;-4.66615e-06,0.000000008,0.000000000
0.000000000,magnetometer,3,7.621e-06;1.93652e-06;-4.67024e-06,0.000000008,0.000000000
0.000000000,magnetometer,3,7.62974e-06;1.94321e-06;-4.67433e-06,0.000000008,0.000000000
0.000000000,magnetometer,3,7.63848e-06;1.94991e-06;-4.67841e-06,0.000000008,0.000000000
0.000000000,magnetometer,3,7.64722e-06;1.95661e-06;-4.68249e-06,0.000000008,0.000000000
0.000000000,magnetometer,3,7.65596e-06;1.96332e-06;-4.68657e-06,0.000000008,0.000000000
0.000000000,magnetometer,3,7.66471e-06;1.97002e-06;-4.69064e-06,0.000000008,0.000000000
0.000000000,magnetometer,3,7.67345e-06;1.97672e-06;-4.69471e-06,0.000000008,0.000000000
0.000000000,magnetometer,3,7.68219e-06;1.98343e-06;-4.69878e-06,0.000000009,0.000000000
0.000000000,magnetometer,3,7.69093e-06;1.99014e-06;-4.70285e-06,0.000000009,0.000000000
0.000000000,magnetometer,3,7.69967e-06;1.99685e-06;-4.70691e-06,0.000000009,0.000000000
0.000000000,magnetometer,3,7.70841e-06;2.00356e-06;-4.71097e-06,0.000000009,0.000000000
0.000000000,magnetometer,3,7.71715e-06;2.01028e-06;-4.71503e-06,0.000000009,0.000000000
0.000000000,magnetometer,3,7.7259e-06;2.01699e-06;-4.71908e-06,0.000000009,0.000000000
0.000000000,magnetometer,3,7.73464e-06;2.02371e-06;-4.72313e-06,0.000000009,0.000000000
0.000000000,magnetometer,3,7.74338e-06;2.03043e-06;-4.72718e-06,0.000000009,0.000000000
0.000000000,magnetometer,3,7.75212e-06;2.03715e-06;-4.73122e-06,0.000000009,0.000000000
0.000000000,magnetometer,3,7.76087e-06;2.04387e-06;-4.73526e-06,0.000000009,0.000000000
0.000000000,magnetometer,3,7.76961e-06;2.0506e-06;-4.7393e-06,0.000000009,0.000000000
0.000000000,magnetometer,3,7.77835e-06;2.05732e-06;-4.74333e-06,0.000000009,0.000000000
0.000000000,magnetometer,3,7.78709e-06;2.06405e-06;-4.74736e-06,0.000000009,0.000000000
0.000000000,magnetometer,3,7.79584e-06;2.07078e-06;-4.75139e-06,0.000000009,0.000000000
0.000000000,magnetometer,3,7.80458e-06;2.07751e-06;-4.75542e-06,0.000000009,0.000000000
0.000000000,magnetometer,3,7.81332e-06;2.08424e-06;-4.75944e-06,0.000000009,0.000000000
0.000000000,magnetometer,3,7.82207e-06;2.09097e-06;-4.76346e-06,0.000000009,0.000000000
0.000000000,magnetometer,3,7.83081e-06;2.09771e-06;-4.76747e-06,0.000000009,0.000000000
0.000000000,magnetometer,3,7.83956e-06;2.10445e-06;-4.77149e-06,0.000000009,0.000000000
0.000000000,magnetometer,3,7.8483e-06;2.11119e-06;-4.7755e-06,0.000000009,0.000000000
0.000000000,magnetometer,3,7.85704e-06;2.11793e-06;-4.7795e-06,0.000000009,0.000000000
0.000000000,magnetometer,3,7.86579e-06;2.12467e-06;-4.78351e-06,0.000000009,0.000000000
0.000000000,magnetometer,3,7.87453e-06;2.13141e-06;-4.78751e-06,0.000000009,0.000000000
0.000000000,magnetometer,3,7.88328e-06;2.13816e-06;-4.7915e-06,0.000000009,0.000000000
0.000000000,magnetometer,3,7.89202e-06;2.14491e-06;-4.7955e-06,0.000000009,0.000000000
0.000000000,magnetometer,3,7.90076e-06;2.15166e-06;-4.79949e-06,0.000000009,0.000000000
0.000000000,magnetometer,3,7.90951e-06;2.15841e-06;-4.80348e-06,0.000000009,0.000000000
0.000000000,magnetometer,3,7.91825e-06;2.16516e-06;-4.80746e-06,0.000000009,0.000000000
0.000000000,magnetometer,3,7.927e-06;2.17191e-06;-4.81144e-06,0.000000009,0.000000000
0.000000000,magnetometer,3,7.93575e-06;2.17867e-06;-4.81542e-06,0.000000009,0.000000000
0.000000000,magnetometer,3,7.94449e-06;2.18543e-06;-4.8194e-06,0.000000009,0.000000000
0.000000000,magnetometer,3,7.95324e-06;2.19219e-06;-4.82337e-06,0.000000009,0.000000000
0.000000000,magnetometer,3,7.96198e-06;2.19895e-06;-4.82734e-06,0.000000009,0.000000000
0.000000000,magnetometer,3,7.97073e-06;2.20571e-06;-4.83131e-06,0.000000009,0.000000000
0.000000000,magnetometer,3,7.97947e-06;2.21247e-06;-4.83527e-06,0.000000009,0.000000000
0.000000000,magnetometer,3,7.98822e-06;2.21924e-06;-4.83923e-06,0.000000009,0.000000000
0.000000000,magnetometer,3,7.99696e-06;2.22601e-06;-4.84319e-06,0.000000009,0.000000000
0.000000000,magnetometer,3,8.00571e-06;2.23278e-06;-4.84714e-06,0.000000009,0.000000000
0.000000000,magnetometer,3,8.01446e-06;2.23955e-06;-4.85109e-06,0.000000009,0.000000000
0.000000000,magnetometer,3,8.0232e-06;2.24632e-06;-4.85504e-06,0.000000009,0.000000000
0.000000000,magnetometer,3,8.03195e-06;2.25309e-06;-4.85898e-06,0.000000009,0.000000000
0.000000000,magnetometer,3,8.0407e-06;2.25987e-06;-4.86292e-06,0.000000009,0.000000000
0.000000000,magnetometer,3,8.04944e-06;2.26665e-06;-4.86686e-06,0.000000009,0.000000000
0.000000000,magnetometer,3,8.05819e-06;2.27343e-06;-4.8708e-06,0.000000009,0.000000000
0.000000000,magnetometer,3,8.06694e-06;2.28021e-06;-4.87473e-06,0.000000009,0.000000000
0.000000000,magnetometer,3,8.07568e-06;2.28699e-06;-4.87866e-06,0.000000009,0.000000000
0.000000000,magnetometer,3,8.08443e-06;2.29377e-06;-4.88258e-06,0.000000009,0.000000000
0.000000000,magnetometer,3,8.09318e-06;2.30056e-06;-4.88651e-06,0.000000009,0.000000000
0.000000000,magnetometer,3,8.10193e-06;2.30735e-06;-4.89043e-06,0.000000009,0.000000000
0.000000000,magnetometer,3,8.11067e-06;2.31414e-06;-4.89434e-06,0.000000010,0.000000000
0.000000000,magnetometer,3,8.11942e-06;2.32093e-06;-4.89826e-06,0.000000010,0.000000000
0.000000000,magnetometer,3,8.12817e-06;2.32772e-06;-4.90217e-06,0.000000010,0.000000000
0.000000000,magnetometer,3,8.13692e-06;2.33451e-06;-4.90608e-06,0.000000010,0.000000000
0.000000000,magnetometer,3,8.14566e-06;2.34131e-06;-4.90998e-06,0.000000010,0.000000000
0.000000000,magnetometer,3,8.15441e-06;2.34811e-06;-4.91388e-06,0.000000010,0.000000000
0.000000000,magnetometer,3,8.16316e-06;2.3549e-06;-4.91778e-06,0.000000010,0.000000000
0.000000000,magnetometer,3,8.17191e-06;2.3617e-06;-4.92167e-06,0.000000010,0.000000000
0.000000000,magnetometer,3,8.18065e-06;2.36851e-06;-4.92556e-06,0.000000010,0.000000000
0.000000000,magnetometer,3,8.1894e-06;2.37531e-06;-4.92945e-06,0.000000010,0.000000000
0.000000000,magnetometer,3,8.19815e-06;2.38212e-06;-4.93334e-06,0.000000010,0.000000000
0.000000000,magnetometer,3,8.2069e-06;2.38892e-06;-4.93722e-06,0.000000010,0.000000000
0.000000000,magnetometer,3,8.21565e-06;2.39573e-06;-4.9411e-06,0.000000010,0.000000000
0.000000000,magnetometer,3,8.2244e-06;2.40254e-06;-4.94498e-06,0.000000010,0.000000000
0.000000000,magnetometer,3,8.23315e-06;2.40936e-06;-4.94885e-06,0.000000010,0.000000000
0.000000000,magnetometer,3,8.2419e-06;2.41617e-06;-4.95272e-06,0.000000010,0.000000000
0.000000000,magnetometer,3,8.25064e-06;2.42299e-06;-4.95659e-06,0.000000010,0.000000000
0.000000000,magnetometer,3,8.25939e-06;2.4298e-06;-4.96045e-06,0.000000010,0.000000000
0.000000000,magnetometer,3,8.26814e-06;2.43662e-06;-4.96431e-06,0.000000010,0.000000000
0.000000000,magnetometer,3,8.27689e-06;2.44344e-06;-4.96817e-06,0.000000010,0.000000000
0.000000000,magnetometer,3,8.28564e-06;2.45026e-06;-4.97202e-06,0.000000010,0.000000000
0.000000000,magnetometer,3,8.29439e-06;2.45709e-06;-4.97587e-06,0.000000010,0.000000000
0.000000000,magnetometer,3,8.30314e-06;2.46391e-06;-4.97972e-06,0.000000010,0.000000000
0.000000000,magnetometer,3,8.31189e-06;2.47074e-06;-4.98357e-06,0.000000010,0.000000000
0.000000000,magnetometer,3,8.32064e-06;2.47757e-06;-4.98741e-06,0.000000010,0.000000000
0.000000000,magnetometer,3,8.32939e-06;2.4844e-06;-4.99125e-06,0.000000010,0.000000000
0.000000000,magnetometer,3,8.33814e-06;2.49123e-06;-4.99508e-06,0.000000010,0.000000000
0.000000000,magnetometer,3,8.34689e-06;2.49807e-06;-4.99892e-06,0.000000010,0.000000000
0.000000000,magnetometer,3,8.35564e-06;2.5049e-06;-5.00275e-06,0.000000010,0.000000000
0.000000000,magnetometer,3,8.36439e-06;2.51174e-06;-5.00657e-06,0.000000010,0.000000000
0.000000000,magnetometer,3,8.37314e-06;2.51858e-06;-5.01039e-06,0.000000010,0.000000000
0.000000000,magnetometer,3,8.38189e-06;2.52542e-06;-5.01422e-06,0.000000010,0.000000000
0.000000000,magnetometer,3,8.39064e-06;2.53226e-06;-5.01803e-06,0.000000010,0.000000000
0.000000000,magnetometer,3,8.39939e-06;2.5391e-06;-5.02185e-06,0.000000010,0.000000000
0.000000000,magnetometer,3,8.40814e-06;2.54595e-06;-5.02566e-06,0.000000010,0.000000000
0.000000000,magnetometer,3,8.41689e-06;2.55279e-06;-5.02946e-06,0.000000010,0.000000000
0.000000000,magnetometer,3,8.42564e-06;2.55964e-06;-5.03327e-06,0.000000010,0.000000000
0.000000000,magnetometer,3,8.43439e-06;2.56649e-06;-5.03707e-06,0.000000010,0.000000000
0.000000000,magnetometer,3,8.44314e-06;2.57334e-06;-5.04087e-06,0.000000010,0.000000000
0.000000000,magnetometer,3,8.45189e-06;2.5802e-06;-5.04466e-06,0.000000010,0.000000000
0.000000000,magnetometer,3,8.46064e-06;2.58705e-06;-5.04845e-06,0.000000010,0.000000000
0.000000000,magnetometer,3,8.4694e-06;2.59391e-06;-5.05224e-06,0.000000010,0.000000000
0.000000000,magnetometer,3,8.47815e-06;2.60077e-06;-5.05603e-06,0.000000010,0.000000000
0.000000000,magnetometer,3,8.4869e-06;2.60763e-06;-5.05981e-06,0.000000010,0.000000000
0.000000000,magnetometer,3,8.49565e-06;2.61449e-06;-5.06359e-06,0.000000010,0.000000000
0.000000000,magnetometer,3,8.5044e-06;2.62135e-06;-5.06737e-06,0.000000010,0.000000000
0.000000000,magnetometer,3,8.51315e-06;2.62822e-06;-5.07114e-06,0.000000011,0.000000000
0.000000000,magnetometer,3,8.5219e-06;2.63508e-06;-5.07491e-06,0.000000011,0.000000000
0.000000000,magnetometer,3,8.53066e-06;2.64195e-06;-5.07868e-06,0.000000011,0.000000000
0.000000000,magnetometer,3,8.53941e-06;2.64882e-06;-5.08244e-06,0.000000011,0.000000000
0.000000000,magnetometer,3,8.54816e-06;2.65569e-06;-5.0862e-06,0.000000011,0.000000000
0.000000000,magnetometer,3,8.55691e-06;2.66256e-06;-5.08996e-06,0.000000011,0.000000000
0.000000000,magnetometer,3,8.56566e-06;2.66944e-06;-5.09372e-06,0.000000011,0.000000000
0.000000000,magnetometer,3,8.57441e-06;2.67632e-06;-5.09747e-06,0.000000011,0.000000000
0.000000000,magnetometer,3,8.58317e-06;2.68319e-06;-5.10122e-06,0.000000011,0.000000000
0.000000000,magnetometer,3,8.59192e-06;2.69007e-06;-5.10496e-06,0.000000011,0.000000000
0.000000000,magnetometer,3,8.60067e-06;2.69695e-06;-5.1087e-06,0.000000011,0.000000000
0.000000000,magnetometer,3,8.60942e-06;2.70384e-06;-5.11244e-06,0.000000011,0.000000000
0.000000000,magnetometer,3,8.61817e-06;2.71072e-06;-5.11618e-06,0.000000011,0.000000000
0.000000000,magnetometer,3,8.62693e-06;2.71761e-06;-5.11991e-06,0.000000011,0.000000000
0.000000000,magnetometer,3,8.63568e-06;2.72449e-06;-5.12364e-06,0.000000011,0.000000000
0.000000000,magnetometer,3,8.64443e-06;2.73138e-06;-5.12737e-06,0.000000011,0.000000000
0.000000000,magnetometer,3,8.65318e-06;2.73827e-06;-5.13109e-06,0.000000011,0.000000000
0.000000000,magnetometer,3,8.66194e-06;2.74517e-06;-5.13481e-06,0.000000011,0.000000000
0.000000000,magnetometer,3,8.67069e-06;2.75206e-06;-5.13853e-06,0.000000011,0.000000000
0.000000000,magnetometer,3,8.67944e-06;2.75895e-06;-5.14224e-06,0.000000011,0.000000000
0.000000000,magnetometer,3,8.68819e-06;2.76585e-06;-5.14595e-06,0.000000011,0.000000000
0.000000000,magnetometer,3,8.69695e-06;2.77275e-06;-5.14966e-06,0.000000011,0.000000000
0.000000000,magnetometer,3,8.7057e-06;2.77965e-06;-5.15336e-06,0.000000011,0.000000000
0.000000000,magnetometer,3,8.71445e-06;2.78655e-06;-5.15707e-06,0.000000011,0.000000000
0.000000000,magnetometer,3,8.7232e-06;2.79346e-06;-5.16076e-06,0.000000011,0.000000000
0.000000000,magnetometer,3,8.73195e-06;2.80036e-06;-5.16446e-06,0.000000011,0.000000000
0.000000000,magnetometer,3,8.74071e-06;2.80727e-06;-5.16815e-06,0.000000011,0.000000000
0.000000000,magnetometer,3,8.74946e-06;2.81418e-06;-5.17184e-06,0.000000011,0.000000000
0.000000000,magnetometer,3,8.75822e-06;2.82109e-06;-5.17552e-06,0.000000011,0.000000000
0.000000000,magnetometer,3,8.76697e-06;2.828e-06;-5.17921e-06,0.000000011,0.000000000
0.000000000,magnetometer,3,8.77572e-06;2.83491e-06;-5.18289e-06,0.000000011,0.000000000
0.000000000,magnetometer,3,8.78447e-06;2.84183e-06;-5.18656e-06,0.000000011,0.000000000
0.000000000,magnetometer,3,8.79323e-06;2.84875e-06;-5.19024e-06,0.000000011,0.000000000
0.000000000,magnetometer,3,8.80198e-06;2.85566e-06;-5.19391e-06,0.000000011,0.000000000
0.000000000,magnetometer,3,8.81073e-06;2.86258e-06;-5.19757e-06,0.000000011,0.000000000
0.000000000,magnetometer,3,8.81949e-06;2.8695e-06;-5.20124e-06,0.000000011,0.000000000
0.000000000,magnetometer,3,8.82824e-06;2.87643e-06;-5.2049e-06,0.000000011,0.000000000
0.000000000,magnetometer,3,8.83699e-06;2.88335e-06;-5.20856e-06,0.000000011,0.000000000
0.000000000,magnetometer,3,8.84575e-06;2.89028e-06;-5.21221e-06,0.000000011,0.000000000
0.000000000,magnetometer,3,8.8545e-06;2.8972e-06;-5.21586e-06,0.000000011,0.000000000
0.000000000,magnetometer,3,8.86325e-06;2.90413e-06;-5.21951e-06,0.000000011,0.000000000
0.000000000,magnetometer,3,8.87201e-06;2.91107e-06;-5.22315e-06,0.000000011,0.000000000
0.000000000,magnetometer,3,8.88076e-06;2.918e-06;-5.2268e-06,0.000000011,0.000000000
0.000000000,magnetometer,3,8.88951e-06;2.92493e-06;-5.23043e-06,0.000000011,0.000000000
0.000000000,magnetometer,3,8.89827e-06;2.93187e-06;-5.23407e-06,0.000000012,0.000000000
0.000000000,magnetometer,3,8.90702e-06;2.93881e-06;-5.2377e-06,0.000000012,0.000000000
0.000000000,magnetometer,3,8.91578e-06;2.94575e-06;-5.24133e-06,0.000000012,0.000000000
0.000000000,magnetometer,3,8.92453e-06;2.95269e-06;-5.24496e-06,0.000000012,0.000000000
0.000000000,magnetometer,3,8.93328e-06;2.95963e-06;-5.24858e-06,0.000000012,0.000000000
0.000000000,magnetometer,3,8.94204e-06;2.96657e-06;-5.2522e-06,0.000000012,0.000000000
0.000000000,magnetometer,3,8.95079e-06;2.97352e-06;-5.25582e-06,0.000000012,0.000000000
0.000000000,magnetometer,3,8.95955e-06;2.98047e-06;-5.25943e-06,0.000000012,0.000000000
0.000000000,magnetometer,3,8.9683e-06;2.98741e-06;-5.26304e-06,0.000000012,0.000000000
0.000000000,magnetometer,3,8.97705e-06;2.99436e-06;-5.26665e-06,0.000000012,0.000000000
0.000000000,magnetometer,3,8.98581e-06;3.00131e-06;-5.27025e-06,0.000000012,0.000000000
0.000000000,magnetometer,3,8.99456e-06;3.00827e-06;-5.27385e-06,0.000000012,0.000000000
0.000000000,magnetometer,3,9.00331e-06;3.01522e-06;-5.27745e-06,0.000000012,0.000000000
0.000000000,magnetometer,3,9.01207e-06;3.02218e-06;-5.28105e-06,0.000000012,0.000000000
0.000000000,magnetometer,3,9.02082e-06;3.02914e-06;-5.28464e-06,0.000000012,0.000000000
0.000000000,magnetometer,3,9.02958e-06;3.0361e-06;-5.28823e-06,0.000000012,0.000000000
0.000000000,magnetometer,3,9.03833e-06;3.04306e-06;-5.29181e-06,0.000000012,0.000000000
0.000000000,magnetometer,3,9.04708e-06;3.05002e-06;-5.29539e-06,0.000000012,0.000000000
0.000000000,magnetometer,3,9.05584e-06;3.05698e-06;-5.29897e-06,0.000000012,0.000000000
0.000000000,magnetometer,3,9.06459e-06;3.06395e-06;-5.30255e-06,0.000000012,0.000000000
0.000000000,magnetometer,3,9.07335e-06;3.07092e-06;-5.30612e-06,0.000000012,0.000000000
0.000000000,magnetometer,3,9.0821e-06;3.07789e-06;-5.30969e-06,0.000000012,0.000000000
0.000000000,magnetometer,3,9.09085e-06;3.08486e-06;-5.31326e-06,0.000000012,0.000000000
0.000000000,magnetometer,3,9.09961e-06;3.09183e-06;-5.31682e-06,0.000000012,0.000000000
0.000000000,magnetometer,3,9.10836e-06;3.09881e-06;-5.32038e-06,0.000000012,0.000000000
0.000000000,magnetometer,3,9.11712e-06;3.10578e-06;-5.32394e-06,0.000000012,0.000000000
0.000000000,magnetometer,3,9.12587e-06;3.11276e-06;-5.32749e-06,0.000000012,0.000000000
0.000000000,magnetometer,3,9.13462e-06;3.11974e-06;-5.33104e-06,0.000000012,0.000000000
0.000000000,magnetometer,3,9.14338e-06;3.12672e-06;-5.33459e-06,0.000000012,0.000000000
0.000000000,magnetometer,3,9.15214e-06;3.1337e-06;-5.33813e-06,0.000000012,0.000000000
0.000000000,magnetometer,3,9.16089e-06;3.14069e-06;-5.34168e-06,0.000000012,0.000000000
0.000000000,magnetometer,3,9.16964e-06;3.14767e-06;-5.34521e-06,0.000000012,0.000000000
0.000000000,magnetometer,3,9.17839e-06;3.15466e-06;-5.34875e-06,0.000000012,0.000000000
0.000000000,magnetometer,3,9.18715e-06;3.16165e-06;-5.35228e-06,0.000000012,0.000000000
0.000000000,magnetometer,3,9.19591e-06;3.16864e-06;-5.35581e-06,0.000000012,0.000000000
0.000000000,magnetometer,3,9.20466e-06;3.17563e-06;-5.35933e-06,0.000000012,0.000000000
0.000000000,magnetometer,3,9.21341e-06;3.18262e-06;-5.36286e-06,0.000000012,0.000000000
0.000000000,magnetometer,3,9.22217e-06;3.18961e-06;-5.36638e-06,0.000000012,0.000000000
0.000000000,magnetometer,3,9.23093e-06;3.19661e-06;-5.36989e-06,0.000000012,0.000000000
0.000000000,magnetometer,3,9.23968e-06;3.20361e-06;-5.3734e-06,0.000000012,0.000000000
0.000000000,magnetometer,3,9.24843e-06;3.2106e-06;-5.37691e-06,0.000000012,0.000000000
0.000000000,magnetometer,3,9.25719e-06;3.21761e-06;-5.38042e-06,0.000000012,0.000000000
0.000000000,magnetometer,3,9.26594e-06;3.22461e-06;-5.38393e-06,0.000000013,0.000000000
0.000000000,magnetometer,3,9.2747e-06;3.23162e-06;-5.38743e-06,0.000000013,0.000000000
0.000000000,magnetometer,3,9.28345e-06;3.23862e-06;-5.39092e-06,0.000000013,0.000000000
0.000000000,magnetometer,3,9.2922e-06;3.24563e-06;-5.39442e-06,0.000000013,0.000000000
0.000000000,magnetometer,3,9.30096e-06;3.25264e-06;-5.39791e-06,0.000000013,0.000000000
0.000000000,magnetometer,3,9.30972e-06;3.25965e-06;-5.4014e-06,0.000000013,0.000000000
0.000000000,magnetometer,3,9.31846e-06;3.26666e-06;-5.40488e-06,0.000000013,0.000000000
0.000000000,magnetometer,3,9.32722e-06;3.27367e-06;-5.40836e-06,0.000000013,0.000000000
0.000000000,magnetometer,3,9.33598e-06;3.28069e-06;-5.41184e-06,0.000000013,0.000000000
0.000000000,magnetometer,3,9.34473e-06;3.2877e-06;-5.41532e-06,0.000000013,0.000000000
0.000000000,magnetometer,3,9.35348e-06;3.29472e-06;-5.41879e-06,0.000000013,0.000000000
0.000000000,magnetometer,3,9.36224e-06;3.30174e-06;-5.42225e-06,0.000000013,0.000000000
0.000000000,magnetometer,3,9.37099e-06;3.30876e-06;-5.42572e-06,0.000000013,0.000000000
0.000000000,magnetometer,3,9.37975e-06;3.31579e-06;-5.42919e-06,0.000000013,0.000000000
0.000000000,magnetometer,3,9.3885e-06;3.32281e-06;-5.43264e-06,0.000000013,0.000000000
0.000000000,magnetometer,3,9.39725e-06;3.32983e-06;-5.4361e-06,0.000000013,0.000000000
0.000000000,magnetometer,3,9.40601e-06;3.33686e-06;-5.43955e-06,0.000000013,0.000000000
0.000000000,magnetometer,3,9.41477e-06;3.34389e-06;-5.44301e-06,0.000000013,0.000000000
0.000000000,magnetometer,3,9.42352e-06;3.35092e-06;-5.44645e-06,0.000000013,0.000000000
0.000000000,magnetometer,3,9.43227e-06;3.35795e-06;-5.44989e-06,0.000000013,0.000000000
0.000000000,magnetometer,3,9.44103e-06;3.36499e-06;-5.45333e-06,0.000000013,0.000000000
0.000000000,magnetometer,3,9.44979e-06;3.37202e-06;-5.45677e-06,0.000000013,0.000000000
0.000000000,magnetometer,3,9.45854e-06;3.37906e-06;-5.46021e-06,0.000000013,0.000000000
0.000000000,magnetometer,3,9.46729e-06;3.38609e-06;-5.46364e-06,0.000000013,0.000000000
0.000000000,magnetometer,3,9.47605e-06;3.39314e-06;-5.46706e-06,0.000000013,0.000000000
0.000000000,magnetometer,3,9.48481e-06;3.40018e-06;-5.47049e-06,0.000000013,0.000000000
0.000000000,magnetometer,3,9.49356e-06;3.40722e-06;-5.47391e-06,0.000000013,0.000000000
0.000000000,magnetometer,3,9.50231e-06;3.41426e-06;-5.47733e-06,0.000000013,0.000000000
0.000000000,magnetometer,3,9.51106e-06;3.42131e-06;-5.48074e-06,0.000000013,0.000000000
0.000000000,magnetometer,3,9.51983e-06;3.42836e-06;-5.48416e-06,0.000000013,0.000000000
0.000000000,magnetometer,3,9.52858e-06;3.43541e-06;-5.48757e-06,0.000000013,0.000000000
0.000000000,magnetometer,3,9.53733e-06;3.44245e-06;-5.49097e-06,0.000000013,0.000000000
0.000000000,magnetometer,3,9.54608e-06;3.44951e-06;-5.49437e-06,0.000000013,0.000000000
0.000000000,magnetometer,3,9.55484e-06;3.45657e-06;-5.49778e-06,0.000000013,0.000000000
0.000000000,magnetometer,3,9.5636e-06;3.46362e-06;-5.50117e-06,0.000000013,0.000000000
0.000000000,magnetometer,3,9.57234e-06;3.47067e-06;-5.50456e-06,0.000000013,0.000000000
0.000000000,magnetometer,3,9.5811e-06;3.47773e-06;-5.50795e-06,0.000000013,0.000000000
0.000000000,magnetometer,3,9.58986e-06;3.4848e-06;-5.51134e-06,0.000000013,0.000000000
0.000000000,magnetometer,3,9.59862e-06;3.49186e-06;-5.51473e-06,0.000000013,0.000000000
0.000000000,magnetometer,3,9.60736e-06;3.49891e-06;-5.51811e-06,0.000000013,0.000000000
0.000000000,magnetometer,3,9.61612e-06;3.50598e-06;-5.52148e-06,0.000000014,0.000000000
0.000000000,magnetometer,3,9.62488e-06;3.51305e-06;-5.52486e-06,0.000000014,0.000000000
0.000000000,magnetometer,3,9.63363e-06;3.52012e-06;-5.52823e-06,0.000000014,0.000000000
0.000000000,magnetometer,3,9.64238e-06;3.52718e-06;-5.5316e-06,0.000000014,0.000000000
0.000000000,magnetometer,3,9.65113e-06;3.53426e-06;-5.53496e-06,0.000000014,0.000000000
0.000000000,magnetometer,3,9.6599e-06;3.54134e-06;-5.53833e-06,0.000000014,0.000000000
0.000000000,magnetometer,3,9.66865e-06;3.5484e-06;-5.54169e-06,0.000000014,0.000000000
0.000000000,magnetometer,3,9.6774e-06;3.55547e-06;-5.54504e-06,0.000000014,0.000000000
0.000000000,magnetometer,3,9.68615e-06;3.56256e-06;-5.54839e-06,0.000000014,0.000000000
0.000000000,magnetometer,3,9.69491e-06;3.56964e-06;-5.55174e-06,0.000000014,0.000000000
0.000000000,magnetometer,3,9.70367e-06;3.57671e-06;-5.55509e-06,0.000000014,0.000000000
0.000000000,magnetometer,3,9.71241e-06;3.58378e-06;-5.55843e-06,0.000000014,0.000000000
0.000000000,magnetometer,3,9.72116e-06;3.59088e-06;-5.56176e-06,0.000000014,0.000000000
0.000000000,magnetometer,3,9.72993e-06;3.59797e-06;-5.5651e-06,0.000000014,0.000000000
0.000000000,magnetometer,3,9.73868e-06;3.60504e-06;-5.56844e-06,0.000000014,0.000000000
0.000000000,magnetometer,3,9.74743e-06;3.61213e-06;-5.57177e-06,0.000000014,0.000000000
0.000000000,magnetometer,3,9.75618e-06;3.61923e-06;-5.57509e-06,0.000000014,0.000000000
0.000000000,magnetometer,3,9.76494e-06;3.62632e-06;-5.57842e-06,0.000000014,0.000000000
0.000000000,magnetometer,3,9.7737e-06;3.6334e-06;-5.58174e-06,0.000000014,0.000000000
0.000000000,magnetometer,3,9.78245e-06;3.64049e-06;-5.58506e-06,0.000000014,0.000000000
0.000000000,magnetometer,3,9.7912e-06;3.64761e-06;-5.58837e-06,0.000000014,0.000000000
0.000000000,magnetometer,3,9.79996e-06;3.6547e-06;-5.59168e-06,0.000000014,0.000000000
0.000000000,magnetometer,3,9.80871e-06;3.66178e-06;-5.59499e-06,0.000000014,0.000000000
0.000000000,magnetometer,3,9.81746e-06;3.66888e-06;-5.5983e-06,0.000000014,0.000000000
0.000000000,magnetometer,3,9.82621e-06;3.676e-06;-5.60159e-06,0.000000014,0.000000000
0.000000000,magnetometer,3,9.83497e-06;3.6831e-06;-5.6049e-06,0.000000014,0.000000000
0.000000000,magnetometer,3,9.84373e-06;3.69018e-06;-5.60819e-06,0.000000014,0.000000000
0.000000000,magnetometer,3,9.85248e-06;3.6973e-06;-5.61148e-06,0.000000014,0.000000000
0.000000000,magnetometer,3,9.86123e-06;3.70443e-06;-5.61477e-06,0.000000014,0.000000000
0.000000000,magnetometer,3,9.86999e-06;3.71151e-06;-5.61806e-06,0.000000014,0.000000000
0.000000000,magnetometer,3,9.87875e-06;3.71861e-06;-5.62135e-06,0.000000014,0.000000000
0.000000000,magnetometer,3,9.8875e-06;3.72574e-06;-5.62462e-06,0.000000014,0.000000000
0.000000000,magnetometer,3,9.89625e-06;3.73287e-06;-5.62789e-06,0.000000014,0.000000000
0.000000000,magnetometer,3,9.905e-06;3.73996e-06;-5.63117e-06,0.000000014,0.000000000
0.000000000,magnetometer,3,9.91376e-06;3.74707e-06;-5.63444e-06,0.000000014,0.000000000
0.000000000,magnetometer,3,9.92251e-06;3.75421e-06;-5.63771e-06,0.000000014,0.000000000
0.000000000,magnetometer,3,9.93126e-06;3.76133e-06;-5.64097e-06,0.000000014,0.000000000
0.000000000,magnetometer,3,9.94002e-06;3.76842e-06;-5.64423e-06,0.000000014,0.000000000
0.000000000,magnetometer,3,9.94878e-06;3.77556e-06;-5.64749e-06,0.000000015,0.000000000
0.000000000,magnetometer,3,9.95752e-06;3.7827e-06;-5.65074e-06,0.000000015,0.000000000
0.000000000,magnetometer,3,9.96627e-06;3.78981e-06;-5.65399e-06,0.000000015,0.000000000
0.000000000,magnetometer,3,9.97503e-06;3.79692e-06;-5.65725e-06,0.000000015,0.000000000
0.000000000,magnetometer,3,9.98379e-06;3.80407e-06;-5.66049e-06,0.000000015,0.000000000
0.000000000,magnetometer,3,9.99253e-06;3.81122e-06;-5.66373e-06,0.000000015,0.000000000
0.000000000,magnetometer,3,1.00013e-05;3.81832e-06;-5.66697e-06,0.000000015,0.000000000
0.000000000,magnetometer,3,1.001e-05;3.82545e-06;-5.67021e-06,0.000000015,0.000000000
0.000000000,magnetometer,3,1.00188e-05;3.83261e-06;-5.67343e-06,0.000000015,0.000000000
0.000000000,magnetometer,3,1.00275e-05;3.83975e-06;-5.67666e-06,0.000000015,0.000000000
0.000000000,magnetometer,3,1.00363e-05;3.84686e-06;-5.67989e-06,0.000000015,0.000000000
0.000000000,magnetometer,3,1.00451e-05;3.85401e-06;-5.68311e-06,0.000000015,0.000000000
0.000000000,magnetometer,3,1.00538e-05;3.86118e-06;-5.68632e-06,0.000000015,0.000000000
0.000000000,magnetometer,3,1.00625e-05;3.8683e-06;-5.68954e-06,0.000000015,0.000000000
0.000000000,magnetometer,3,1.00713e-05;3.87543e-06;-5.69276e-06,0.000000015,0.000000000
0.000000000,magnetometer,3,1.00801e-05;3.8826e-06;-5.69596e-06,0.000000015,0.000000000
0.000000000,magnetometer,3,1.00888e-05;3.88976e-06;-5.69916e-06,0.000000015,0.000000000
0.000000000,magnetometer,3,1.00975e-05;3.89688e-06;-5.70237e-06,0.000000015,0.000000000
0.000000000,magnetometer,3,1.01063e-05;3.90403e-06;-5.70557e-06,0.000000015,0.000000000
0.000000000,magnetometer,3,1.0115e-05;3.91122e-06;-5.70876e-06,0.000000015,0.000000000
0.000000000,magnetometer,3,1.01238e-05;3.91837e-06;-5.71195e-06,0.000000015,0.000000000
0.000000000,magnetometer,3,1.01325e-05;3.92549e-06;-5.71515e-06,0.000000015,0.000000000
0.000000000,magnetometer,3,1.01413e-05;3.93267e-06;-5.71833e-06,0.000000015,0.000000000
0.000000000,magnetometer,3,1.015e-05;3.93986e-06;-5.72151e-06,0.000000015,0.000000000
0.000000000,magnetometer,3,1.01588e-05;3.94699e-06;-5.72469e-06,0.000000015,0.000000000
0.000000000,magnetometer,3,1.01675e-05;3.95414e-06;-5.72787e-06,0.000000015,0.000000000
0.000000000,magnetometer,3,1.01763e-05;3.96134e-06;-5.73104e-06,0.000000015,0.000000000
0.000000000,magnetometer,3,1.0185e-05;3.96851e-06;-5.73421e-06,0.000000015,0.000000000
0.000000000,magnetometer,3,1.01938e-05;3.97564e-06;-5.73738e-06,0.000000015,0.000000000
0.000000000,magnetometer,3,1.02025e-05;3.98282e-06;-5.74054e-06,0.000000015,0.000000000
0.000000000,magnetometer,3,1.02113e-05;3.99003e-06;-5.74369e-06,0.000000015,0.000000000
0.000000000,magnetometer,3,1.022e-05;3.99717e-06;-5.74686e-06,0.000000015,0.000000000
0.000000000,magnetometer,3,1.02288e-05;4.00432e-06;-5.75001e-06,0.000000015,0.000000000
0.000000000,magnetometer,3,1.02379e-05;4.01352e-06;-5.75315e-06,0.000000015,0.000000000
0.000000000,magnetometer,3,1.02547e-05;4.06021e-06;-5.75629e-06,0.000000015,0.000000000
0.000000000,magnetometer,3,1.02716e-05;4.10681e-06;-5.75944e-06,0.000000016,0.000000000
0.000000000,magnetometer,3,1.02886e-05;4.15345e-06;-5.76255e-06,0.000000016,0.000000000
0.000000000,magnetometer,3,1.03057e-05;4.20008e-06;-5.76564e-06,0.000000016,0.000000000
0.000000000,magnetometer,3,1.03229e-05;4.24661e-06;-5.76874e-06,0.000000016,0.000000000
0.000000000,magnetometer,3,1.03402e-05;4.2931e-06;-5.77182e-06,0.000000016,0.000000000
0.000000000,magnetometer,3,1.03575e-05;4.33965e-06;-5.77487e-06,0.000000016,0.000000000
0.000000000,magnetometer,3,1.03749e-05;4.38612e-06;-5.77793e-06,0.000000016,0.000000000
0.000000000,magnetometer,3,1.03925e-05;4.43249e-06;-5.78098e-06,0.000000016,0.000000000
0.000000000,magnetometer,3,1.04101e-05;4.4789e-06;-5.784e-06,0.000000016,0.000000000
0.000000000,magnetometer,3,1.04278e-05;4.52532e-06;-5.787e-06,0.000000016,0.000000000
0.000000000,magnetometer,3,1.04456e-05;4.5716e-06;-5.79001e-06,0.000000016,0.000000000
0.000000000,magnetometer,3,1.04635e-05;4.61786e-06;-5.79301e-06,0.000000016,0.000000000
0.000000000,magnetometer,3,1.04814e-05;4.66419e-06;-5.79596e-06,0.000000017,0.000000000
0.000000000,magnetometer,3,1.04995e-05;4.71043e-06;-5.79893e-06,0.000000017,0.000000000
0.000000000,magnetometer,3,1.05177e-05;4.75655e-06;-5.80189e-06,0.000000017,0.000000000
0.000000000,magnetometer,3,1.05359e-05;4.80273e-06;-5.80482e-06,0.000000017,0.000000000
0.000000000,magnetometer,3,1.05542e-05;4.84892e-06;-5.80773e-06,0.000000017,0.000000000
0.000000000,magnetometer,3,1.05726e-05;4.89497e-06;-5.81066e-06,0.000000017,0.000000000
0.000000000,magnetometer,3,1.05911e-05;4.94098e-06;-5.81356e-06,0.000000017,0.000000000
0.000000000,magnetometer,3,1.06097e-05;4.98706e-06;-5.81644e-06,0.000000017,0.000000000
0.000000000,magnetometer,3,1.06284e-05;5.03306e-06;-5.81931e-06,0.000000017,0.000000000
0.000000000,magnetometer,3,1.06472e-05;5.07896e-06;-5.82218e-06,0.000000017,0.000000000
0.000000000,magnetometer,3,1.0666e-05;5.12487e-06;-5.82503e-06,0.000000017,0.000000000
0.000000000,magnetometer,3,1.0685e-05;5.17081e-06;-5.82785e-06,0.000000017,0.000000000
0.000000000,magnetometer,3,1.0704e-05;5.21663e-06;-5.83068e-06,0.000000018,0.000000000
0.000000000,magnetometer,3,1.07231e-05;5.26239e-06;-5.8335e-06,0.000000018,0.000000000
0.000000000,magnetometer,3,1.07423e-05;5.3082e-06;-5.83629e-06,0.000000018,0.000000000
0.000000000,magnetometer,3,1.07616e-05;5.35395e-06;-5.83907e-06,0.000000018,0.000000000
0.000000000,magnetometer,3,1.0781e-05;5.39961e-06;-5.84185e-06,0.000000018,0.000000000
0.000000000,magnetometer,3,1.08005e-05;5.44527e-06;-5.84462e-06,0.000000018,0.000000000
0.000000000,magnetometer,3,1.08201e-05;5.49092e-06;-5.84736e-06,0.000000018,0.000000000
0.000000000,magnetometer,3,1.08397e-05;5.53649e-06;-5.85009e-06,0.000000018,0.000000000
0.000000000,magnetometer,3,1.08595e-05;5.58202e-06;-5.85282e-06,0.000000018,0.000000000
0.000000000,magnetometer,3,1.08793e-05;5.62754e-06;-5.85555e-06,0.000000018,0.000000000
0.000000000,magnetometer,3,1.08992e-05;5.673e-06;-5.85824e-06,0.000000019,0.000000000
0.000000000,magnetometer,3,1.09192e-05;5.71842e-06;-5.86092e-06,0.000000019,0.000000000
0.000000000,magnetometer,3,1.09394e-05;5.76379e-06;-5.86363e-06,0.000000019,0.000000000
0.000000000,magnetometer,3,1.09596e-05;5.80913e-06;-5.86631e-06,0.000000019,0.000000000
0.000000000,magnetometer,3,1.09799e-05;5.85437e-06;-5.86896e-06,0.000000019,0.000000000
0.000000000,magnetometer,3,1.48549e-05;-1.06457e-05;-6.44667e-06,0.000000038,0.000000000
0.000000000,magnetometer,3,7.9753e-06;-3.6499e-05;6.61292e-05,0.000000577,0.000000000
0.000000000,magnetometer,3,6.95311e-06;-3.66682e-05;6.49856e-05,0.000000562,0.000000000
0.000000000,magnetometer,3,6.4537e-06;-3.67254e-05;6.44298e-05,0.000000554,0.000000000
0.000000000,magnetometer,3,5.7422e-06;-1.62215e-06;-3.69128e-06,0.000000005,0.000000000
0.000000000,magnetometer,3,6.41118e-06;-3.7128e-05;6.37713e-05,0.000000549,0.000000000
0.000000000,magnetometer,3,8.34601e-06;-3.67474e-05;6.60908e-05,0.000000579,0.000000000
0.000000000,magnetometer,3,1.04098e-05;-3.59469e-05;6.87061e-05,0.000000612,0.000000000
0.000000000,magnetometer,3,1.08276e-05;-3.45803e-05;7.06043e-05,0.000000630,0.000000000
0.000000000,magnetometer,3,1.23775e-05;-3.50541e-05;7.09944e-05,0.000000642,0.000000000
0.000000000,magnetometer,3,1.11469e-05;-3.41326e-05;7.12974e-05,0.000000637,0.000000000
0.000000000,magnetometer,3,1.058e-05;-3.28505e-05;7.23065e-05,0.000000642,0.000000000
0.000000000,magnetometer,3,1.29327e-05;-3.28279e-05;7.36309e-05,0.000000667,0.000000000
0.000000000,magnetometer,3,1.09287e-05;-3.35148e-05;7.18284e-05,0.000000640,0.000000000
0.000000000,magnetometer,3,2.68691e-05;-2.83281e-05;8.10818e-05,0.000000810,0.000000000
0.000000000,magnetometer,3,1.94307e-05;-2.67906e-05;8.08724e-05,0.000000764,0.000000000
0.000000000,magnetometer,3,1.81581e-05;-2.76452e-05;7.99439e-05,0.000000748,0.000000000
0.000000000,magnetometer,3,1.66646e-05;-2.87605e-05;7.86652e-05,0.000000729,0.000000000
0.000000000,magnetometer,3,1.68543e-05;-2.68462e-05;8.00808e-05,0.000000742,0.000000000
0.000000000,magnetometer,3,1.73548e-05;-2.74091e-05;7.98603e-05,0.000000743,0.000000000
0.000000000,magnetometer,3,1.63108e-05;-2.87284e-05;7.85653e-05,0.000000726,0.000000000
0.000000000,magnetometer,3,1.71876e-05;-3.11243e-05;7.69746e-05,0.000000719,0.000000000
0.000000000,magnetometer,3,1.59744e-05;-2.86395e-05;7.85105e-05,0.000000724,0.000000000
0.000000000,magnetometer,3,1.60841e-05;-2.80032e-05;7.90149e-05,0.000000729,0.000000000
0.000000000,magnetometer,3,1.59619e-05;-2.81007e-05;7.89009e-05,0.000000727,0.000000000
0.000000000,magnetometer,3,1.65229e-05;-2.93559e-05;7.81654e-05,0.000000724,0.000000000
0.000000000,magnetometer,3,8.58769e-06;-3.99372e-06;-5.00626e-06,0.000000011,0.000000000
0.000000000,magnetometer,3,8.58916e-06;-3.94402e-06;-5.01134e-06,0.000000011,0.000000000
0.000000000,magnetometer,3,8.59075e-06;-3.89435e-06;-5.01642e-06,0.000000011,0.000000000
0.000000000,magnetometer,3,8.59242e-06;-3.84467e-06;-5.02148e-06,0.000000011,0.000000000
0.000000000,magnetometer,3,8.59417e-06;-3.79497e-06;-5.02653e-06,0.000000011,0.000000000
0.000000000,magnetometer,3,8.596e-06;-3.74527e-06;-5.03156e-06,0.000000011,0.000000000
0.000000000,magnetometer,3,8.59793e-06;-3.69557e-06;-5.03659e-06,0.000000011,0.000000000
0.000000000,magnetometer,3,8.59997e-06;-3.6459e-06;-5.04161e-06,0.000000011,0.000000000
0.000000000,magnetometer,3,8.60211e-06;-3.59624e-06;-5.04661e-06,0.000000011,0.000000000
0.000000000,magnetometer,3,8.60434e-06;-3.54658e-06;-5.05161e-06,0.000000011,0.000000000
0.000000000,magnetometer,3,8.60666e-06;-3.49691e-06;-5.05659e-06,0.000000011,0.000000000
0.000000000,magnetometer,3,8.60906e-06;-3.44725e-06;-5.06156e-06,0.000000011,0.000000000
0.000000000,magnetometer,3,8.61157e-06;-3.3976e-06;-5.06652e-06,0.000000011,0.000000000
0.000000000,magnetometer,3,8.61418e-06;-3.34795e-06;-5.07147e-06,0.000000011,0.000000000
0.000000000,magnetometer,3,8.61688e-06;-3.29831e-06;-5.07642e-06,0.000000011,0.000000000
0.000000000,magnetometer,3,8.61968e-06;-3.24867e-06;-5.08135e-06,0.000000011,0.000000000
0.000000000,magnetometer,3,8.62257e-06;-3.19903e-06;-5.08627e-06,0.000000011,0.000000000
0.000000000,magnetometer,3,8.62554e-06;-3.14939e-06;-5.09117e-06,0.000000011,0.000000000
0.000000000,magnetometer,3,8.62862e-06;-3.09976e-06;-5.09607e-06,0.000000011,0.000000000
0.000000000,magnetometer,3,8.63181e-06;-3.05014e-06;-5.10096e-06,0.000000011,0.000000000
0.000000000,magnetometer,3,8.63509e-06;-3.00053e-06;-5.10585e-06,0.000000011,0.000000000
0.000000000,magnetometer,3,8.63846e-06;-2.95091e-06;-5.11071e-06,0.000000011,0.000000000
0.000000000,magnetometer,3,8.6419e-06;-2.90127e-06;-5.11557e-06,0.000000011,0.000000000
0.000000000,magnetometer,3,8.64544e-06;-2.85164e-06;-5.12041e-06,0.000000011,0.000000000
0.000000000,magnetometer,3,8.64909e-06;-2.80202e-06;-5.12524e-06,0.000000011,0.000000000
0.000000000,magnetometer,3,8.65286e-06;-2.75243e-06;-5.13008e-06,0.000000011,0.000000000
0.000000000,magnetometer,3,8.65672e-06;-2.70284e-06;-5.1349e-06,0.000000011,0.000000000
0.000000000,magnetometer,3,8.66065e-06;-2.65324e-06;-5.1397e-06,0.000000011,0.000000000
0.000000000,magnetometer,3,8.66466e-06;-2.60362e-06;-5.14448e-06,0.000000011,0.000000000
0.000000000,magnetometer,3,8.66877e-06;-2.55403e-06;-5.14926e-06,0.000000011,0.000000000
0.000000000,magnetometer,3,8.673e-06;-2.50445e-06;-5.15403e-06,0.000000011,0.000000000
0.000000000,magnetometer,3,8.67733e-06;-2.4549e-06;-5.1588e-06,0.000000011,0.000000000
0.000000000,magnetometer,3,8.68174e-06;-2.40536e-06;-5.16355e-06,0.000000011,0.000000000
0.000000000,magnetometer,3,8.68625e-06;-2.35581e-06;-5.16829e-06,0.000000011,0.000000000
0.000000000,magnetometer,3,8.69085e-06;-2.30628e-06;-5.17301e-06,0.000000011,0.000000000
0.000000000,magnetometer,3,8.69555e-06;-2.25676e-06;-5.17773e-06,0.000000011,0.000000000
0.000000000,magnetometer,3,8.70034e-06;-2.20725e-06;-5.18244e-06,0.000000011,0.000000000
0.000000000,magnetometer,3,8.70523e-06;-2.15775e-06;-5.18713e-06,0.000000011,0.000000000
0.000000000,magnetometer,3,8.71022e-06;-2.10826e-06;-5.19182e-06,0.000000011,0.000000000
0.000000000,magnetometer,3,8.7153e-06;-2.05878e-06;-5.19649e-06,0.000000011,0.000000000
0.000000000,magnetometer,3,8.72047e-06;-2.00931e-06;-5.20116e-06,0.000000011,0.000000000
0.000000000,magnetometer,3,8.72574e-06;-1.95984e-06;-5.20581e-06,0.000000011,0.000000000
0.000000000,magnetometer,3,8.73111e-06;-1.91039e-06;-5.21045e-06,0.000000011,0.000000000
0.000000000,magnetometer,3,8.73657e-06;-1.86095e-06;-5.21508e-06,0.000000011,0.000000000
0.000000000,magnetometer,3,8.74212e-06;-1.81151e-06;-5.2197e-06,0.000000011,0.000000000
0.000000000,magnetometer,3,8.74777e-06;-1.76209e-06;-5.22431e-06,0.000000011,0.000000000
0.000000000,magnetometer,3,8.75351e-06;-1.71267e-06;-5.2289e-06,0.000000011,0.000000000
0.000000000,magnetometer,3,8.75936e-06;-1.66326e-06;-5.23349e-06,0.000000011,0.000000000
0.000000000,magnetometer,3,8.7653e-06;-1.61387e-06;-5.23807e-06,0.000000011,0.000000000
0.000000000,magnetometer,3,8.77132e-06;-1.56448e-06;-5.24263e-06,0.000000011,0.000000000
0.000000000,magnetometer,3,8.77743e-06;-1.5151e-06;-5.24718e-06,0.000000011,0.000000000
0.000000000,magnetometer,3,8.78365e-06;-1.46572e-06;-5.25172e-06,0.000000011,0.000000000
0.000000000,magnetometer,3,8.78996e-06;-1.41636e-06;-5.25625e-06,0.000000011,0.000000000
0.000000000,magnetometer,3,8.79638e-06;-1.36702e-06;-5.26078e-06,0.000000011,0.000000000
0.000000000,magnetometer,3,8.80288e-06;-1.31768e-06;-5.26528e-06,0.000000011,0.000000000
0.000000000,magnetometer,3,8.80945e-06;-1.26834e-06;-5.26977e-06,0.000000011,0.000000000
0.000000000,magnetometer,3,8.81613e-06;-1.21901e-06;-5.27425e-06,0.000000011,0.000000000
0.000000000,magnetometer,3,8.82293e-06;-1.16971e-06;-5.27873e-06,0.000000011,0.000000000
0.000000000,magnetometer,3,8.82982e-06;-1.12042e-06;-5.2832e-06,0.000000011,0.000000000
0.000000000,magnetometer,3,8.83678e-06;-1.07113e-06;-5.28764e-06,0.000000011,0.000000000
0.000000000,magnetometer,3,8.84382e-06;-1.02185e-06;-5.29207e-06,0.000000011,0.000000000
0.000000000,magnetometer,3,8.85098e-06;-9.72585e-07;-5.2965e-06,0.000000011,0.000000000
0.000000000,magnetometer,3,8.85825e-06;-9.23344e-07;-5.30092e-06,0.000000011,0.000000000
0.000000000,magnetometer,3,8.8656e-06;-8.74113e-07;-5.30533e-06,0.000000011,0.000000000
0.000000000,magnetometer,3,8.87303e-06;-8.24888e-07;-5.30972e-06,0.000000011,0.000000000
0.000000000,magnetometer,3,8.88056e-06;-7.75674e-07;-5.3141e-06,0.000000011,0.000000000
0.000000000,magnetometer,3,8.88819e-06;-7.2648e-07;-5.31847e-06,0.000000011,0.000000000
0.000000000,magnetometer,3,8.89593e-06;-6.77303e-07;-5.32284e-06,0.000000011,0.000000000
0.000000000,magnetometer,3,8.90375e-06;-6.28135e-07;-5.32718e-06,0.000000011,0.000000000
0.000000000,magnetometer,3,8.91165e-06;-5.78975e-07;-5.33152e-06,0.000000011,0.000000000
0.000000000,magnetometer,3,8.91966e-06;-5.29835e-07;-5.33584e-06,0.000000011,0.000000000
0.000000000,magnetometer,3,8.92776e-06;-4.80706e-07;-5.34015e-06,0.000000011,0.000000000
0.000000000,magnetometer,3,8.93596e-06;-4.31598e-07;-5.34446e-06,0.000000011,0.000000000
0.000000000,magnetometer,3,8.94425e-06;-3.82487e-07;-5.34875e-06,0.000000011,0.000000000
0.000000000,magnetometer,3,8.95262e-06;-3.33405e-07;-5.35302e-06,0.000000011,0.000000000
0.000000000,magnetometer,3,8.96109e-06;-2.84317e-07;-5.35729e-06,0.000000011,0.000000000
0.000000000,magnetometer,3,8.96965e-06;-2.35267e-07;-5.36154e-06,0.000000011,0.000000000
0.000000000,magnetometer,3,8.97832e-06;-1.8618e-07;-5.36578e-06,0.000000011,0.000000000
0.000000000,magnetometer,3,8.98706e-06;-1.37152e-07;-5.37001e-06,0.000000011,0.000000000
0.000000000,magnetometer,3,3.58565e-05;2.68649e-06;8.95831e-05,0.000000932,0.000000000
0.000000000,magnetometer,3,3.48209e-05;2.51301e-06;8.97036e-05,0.000000927,0.000000000
0.000000000,magnetometer,3,5.54745e-06;-4.99209e-06;-3.32611e-06,0.000000007,0.000000000
0.000000000,magnetometer,3,5.54668e-06;-4.93695e-06;-3.332e-06,0.000000007,0.000000000
0.000000000,magnetometer,3,3.29824e-05;8.70911e-07;8.99034e-05,0.000000917,0.000000000
0.000000000,magnetometer,3,3.24962e-05;9.71698e-07;8.99282e-05,0.000000914,0.000000000
0.000000000,magnetometer,3,3.26032e-05;1.05181e-06;8.99211e-05,0.000000915,0.000000000
0.000000000,magnetometer,3,5.94771e-06;-4.80025e-06;-3.57115e-06,0.000000007,0.000000000
0.000000000,magnetometer,3,5.94736e-06;-4.74583e-06;-3.57692e-06,0.000000007,0.000000000
0.000000000,magnetometer,3,5.94712e-06;-4.69141e-06;-3.58267e-06,0.000000007,0.000000000
0.000000000,magnetometer,3,6.04262e-06;-4.61153e-06;-3.64376e-06,0.000000007,0.000000000
0.000000000,magnetometer,3,5.95149e-06;-4.64239e-06;-3.59034e-06,0.000000007,0.000000000
0.000000000,magnetometer,3,5.94963e-06;-4.67079e-06;-3.58628e-06,0.000000007,0.000000000
0.000000000,magnetometer,3,6.08412e-06;-4.56225e-06;-3.67169e-06,0.000000007,0.000000000
0.000000000,magnetometer,3,5.88365e-06;-4.51037e-06;-3.56671e-06,0.000000007,0.000000000
0.000000000,magnetometer,3,3.12347e-05;4.57247e-07;8.99827e-05,0.000000907,0.000000000
0.000000000,magnetometer,3,3.20941e-05;8.44328e-07;8.9949e-05,0.000000912,0.000000000
0.000000000,magnetometer,3,3.25191e-05;1.02604e-06;8.9926e-05,0.000000915,0.000000000
0.000000000,magnetometer,3,6.88982e-06;-5.14532e-06;-4.03913e-06,0.000000009,0.000000000
0.000000000,magnetometer,3,6.8889e-06;-5.09261e-06;-4.04478e-06,0.000000009,0.000000000
0.000000000,magnetometer,3,6.88809e-06;-5.03989e-06;-4.05042e-06,0.000000009,0.000000000
0.000000000,magnetometer,3,6.88738e-06;-4.98717e-06;-4.05604e-06,0.000000009,0.000000000
0.000000000,magnetometer,3,6.88677e-06;-4.93445e-06;-4.06166e-06,0.000000009,0.000000000
0.000000000,magnetometer,3,6.88626e-06;-4.88173e-06;-4.06726e-06,0.000000009,0.000000000
0.000000000,magnetometer,3,6.88585e-06;-4.82899e-06;-4.07286e-06,0.000000009,0.000000000
0.000000000,magnetometer,3,6.88554e-06;-4.77626e-06;-4.07844e-06,0.000000009,0.000000000
0.000000000,magnetometer,3,6.88533e-06;-4.72353e-06;-4.08402e-06,0.000000009,0.000000000
0.000000000,magnetometer,3,6.88523e-06;-4.67079e-06;-4.08958e-06,0.000000009,0.000000000
0.000000000,magnetometer,3,6.88523e-06;-4.61805e-06;-4.09513e-06,0.000000009,0.000000000
0.000000000,magnetometer,3,6.88532e-06;-4.56531e-06;-4.10068e-06,0.000000009,0.000000000
0.000000000,magnetometer,3,6.88552e-06;-4.51257e-06;-4.10621e-06,0.000000008,0.000000000
0.000000000,magnetometer,3,6.88582e-06;-4.45984e-06;-4.11173e-06,0.000000008,0.000000000
0.000000000,magnetometer,3,6.88623e-06;-4.4071e-06;-4.11724e-06,0.000000008,0.000000000
0.000000000,magnetometer,3,6.88673e-06;-4.35436e-06;-4.12274e-06,0.000000008,0.000000000
0.000000000,magnetometer,3,6.88734e-06;-4.30163e-06;-4.12823e-06,0.000000008,0.000000000
0.000000000,magnetometer,3,6.88805e-06;-4.2489e-06;-4.13371e-06,0.000000008,0.000000000
0.000000000,barometer,1,5185.71,266253.403971170,0.000000000
0.000000000,magnetometer,3,nan;nan;nan,nan,0.000000000
0.000000000,magnetometer,3,nan;nan;nan,nan,0.000000000
0.000000000,magnetometer,3,nan;nan;nan,nan,0.000000000
0.000000000,magnetometer,3,nan;nan;nan,nan,0.000000000
0.000000000,magnetometer,3,nan;nan;nan,nan,0.000000000
0.000000000,magnetometer,3,nan;nan;nan,nan,0.000000000
0.000000000,magnetometer,3,nan;nan;nan,nan,0.000000000
0.000000000,magnetometer,3,nan;nan;nan,nan,0.000000000
0.000000000,magnetometer,3,nan;nan;nan,nan,0.000000000
0.000000000,magnetometer,3,nan;nan;nan,nan,0.000000000
0.000000000,magnetometer,3,nan;nan;nan,nan,0.000000000
0.000000000,magnetometer,3,nan;nan;nan,nan,0.000000000
0.000000000,magnetometer,3,nan;nan;nan,nan,0.000000000
0.000000000,magnetometer,3,nan;nan;nan,nan,0.000000000
0.000000000,magnetometer,3,nan;nan;nan,nan,0.000000000
0.000000000,magnetometer,3,nan;nan;nan,nan,0.000000000
0.000000000,magnetometer,3,nan;nan;nan,nan,0.000000000
0.000000000,magnetometer,3,nan;nan;nan,nan,0.000000000
0.000000000,magnetometer,3,nan;nan;nan,nan,0.000000000
0.000000000,magnetometer,3,nan;nan;nan,nan,0.000000000
0.000000000,magnetometer,3,nan;nan;nan,nan,0.000000000
0.000000000,magnetometer,3,nan;nan;nan,nan,0.000000000
0.000000000,magnetometer,3,nan;nan;nan,nan,0.000000000
0.000000000,magnetometer,3,nan;nan;nan,nan,0.000000000
0.000000000,magnetometer,3,nan;nan;nan,nan,0.000000000
0.000000000,magnetometer,3,nan;nan;nan,nan,0.000000000
0.000000000,magnetometer,3,nan;nan;nan,nan,0.000000000
0.000000000,magnetometer,3,nan;nan;nan,nan,0.000000000
0.000000000,magnetometer,3,nan;nan;nan,nan,0.000000000
0.000000000,magnetometer,3,nan;nan;nan,nan,0.000000000
0.000000000,magnetometer,3,nan;nan;nan,nan,0.000000000
0.000000000,magnetometer,3,nan;nan;nan,nan,0.000000000
0.000000000,magnetometer,3,nan;nan;nan,nan,0.000000000
0.000000000,magnetometer,3,nan;nan;nan,nan,0.000000000
0.000000000,magnetometer,3,nan;nan;nan,nan,0.000000000
0.000000000,magnetometer,3,nan;nan;nan,nan,0.000000000
0.000000000,magnetometer,3,nan;nan;nan,nan,0.000000000
0.000000000,magnetometer,3,nan;nan;nan,nan,0.000000000
0.000000000,magnetometer,3,nan;nan;nan,nan,0.000000000
0.000000000,magnetometer,3,nan;nan;nan,nan,0.000000000
0.000000000,magnetometer,3,nan;nan;nan,nan,0.000000000
0.000000000,magnetometer,3,nan;nan;nan,nan,0.000000000
0.000000000,magnetometer,3,nan;nan;nan,nan,0.000000000
0.000000000,magnetometer,3,nan;nan;nan,nan,0.000000000
0.000000000,magnetometer,3,nan;nan;nan,nan,0.000000000
0.000000000,magnetometer,3,nan;nan;nan,nan,0.000000000
0.000000000,magnetometer,3,nan;nan;nan,nan,0.000000000
0.000000000,magnetometer,3,nan;nan;nan,nan,0.000000000
0.000000000,magnetometer,3,nan;nan;nan,nan,0.000000000
0.000000000,magnetometer,3,nan;nan;nan,nan,0.000000000
0.000000000,magnetometer,3,nan;nan;nan,nan,0.000000000
0.000000000,magnetometer,3,nan;nan;nan,nan,0.000000000
0.000000000,magnetometer,3,nan;nan;nan,nan,0.000000000
0.000000000,magnetometer,3,nan;nan;nan,nan,0.000000000
0.000000000,magnetometer,3,nan;nan;nan,nan,0.000000000
0.000000000,magnetometer,3,nan;nan;nan,nan,0.000000000
0.000000000,magnetometer,3,nan;nan;nan,nan,0.000000000
0.000000000,magnetometer,3,nan;nan;nan,nan,0.000000000
0.000000000,magnetometer,3,nan;nan;nan,nan,0.000000000
0.000000000,magnetometer,3,nan;nan;nan,nan,0.000000000
0.000000000,magnetometer,3,nan;nan;nan,nan,0.000000000
0.000000000,magnetometer,3,nan;nan;nan,nan,0.000000000
0.000000000,magnetometer,3,nan;nan;nan,nan,0.000000000
0.000000000,magnetometer,3,nan;nan;nan,nan,0.000000000
0.000000000,magnetometer,3,nan;nan;nan,nan,0.000000000
0.000000000,magnetometer,3,nan;nan;nan,nan,0.000000000
0.000000000,magnetometer,3,nan;nan;nan,nan,0.000000000
0.000000000,magnetometer,3,nan;nan;nan,nan,0.000000000
0.000000000,magnetometer,3,nan;nan;nan,nan,0.000000000
0.000000000,magnetometer,3,nan;nan;nan,nan,0.000000000
0.000000000,magnetometer,3,nan;nan;nan,nan,0.000000000
0.000000000,magnetometer,3,nan;nan;nan,nan,0.000000000
0.000000000,magnetometer,3,nan;nan;nan,nan,0.000000000
0.000000000,magnetometer,3,nan;nan;nan,nan,0.000000000
0.000000000,magnetometer,3,nan;nan;nan,nan,0.000000000
0.000000000,magnetometer,3,nan;nan;nan,nan,0.000000000
0.000000000,magnetometer,3,nan;nan;nan,nan,0.000000000
0.000000000,magnetometer,3,nan;nan;nan,nan,0.000000000
0.000000000,magnetometer,3,nan;nan;nan,nan,0.000000000
0.000000000,magnetometer,3,nan;nan;nan,nan,0.000000000
0.000000000,magnetometer,3,nan;nan;nan,nan,0.000000000
0.000000000,magnetometer,3,nan;nan;nan,nan,0.000000000
0.000000000,magnetometer,3,nan;nan;nan,nan,0.000000000
0.000000000,magnetometer,3,nan;nan;nan,nan,0.000000000
0.000000000,magnetometer,3,nan;nan;nan,nan,0.000000000
0.000000000,magnetometer,3,nan;nan;nan,nan,0.000000000
0.000000000,magnetometer,3,nan;nan;nan,nan,0.000000000
0.000000000,magnetometer,3,nan;nan;nan,nan,0.000000000
0.000000000,magnetometer,3,nan;nan;nan,nan,0.000000000
0.000000000,magnetometer,3,nan;nan;nan,nan,0.000000000
0.000000000,magnetometer,3,nan;nan;nan,nan,0.000000000
0.000000000,magnetometer,3,nan;nan;nan,nan,0.000000000
0.000000000,magnetometer,3,nan;nan;nan,nan,0.000000000
0.000000000,magnetometer,3,nan;nan;nan,nan,0.000000000
0.000000000,magnetometer,3,nan;nan;nan,nan,0.000000000
0.000000000,magnetometer,3,nan;nan;nan,nan,0.000000000
0.000000000,magnetometer,3,nan;nan;nan,nan,0.000000000
0.000000000,magnetometer,3,nan;nan;nan,nan,0.000000000
0.000000000,magnetometer,3,nan;nan;nan,nan,0.000000000
0.000000000,magnetometer,3,nan;nan;nan,nan,0.000000000
0.000000000,magnetometer,3,nan;nan;nan,nan,0.000000000
0.000000000,magnetometer,3,nan;nan;nan,nan,0.000000000
0.000000000,magnetometer,3,nan;nan;nan,nan,0.000000000
0.000000000,magnetometer,3,nan;nan;nan,nan,0.000000000
0.000000000,magnetometer,3,nan;nan;nan,nan,0.000000000
0.000000000,magnetometer,3,nan;nan;nan,nan,0.000000000
0.000000000,magnetometer,3,nan;nan;nan,nan,0.000000000
0.000000000,magnetometer,3,nan;nan;nan,nan,0.000000000
0.000000000,magnetometer,3,nan;nan;nan,nan,0.000000000
0.000000000,magnetometer,3,nan;nan;nan,nan,0.000000000
0.000000000,magnetometer,3,nan;nan;nan,nan,0.000000000
0.000000000,magnetometer,3,nan;nan;nan,nan,0.000000000
0.000000000,magnetometer,3,nan;nan;nan,nan,0.000000000
0.000000000,magnetometer,3,nan;nan;nan,nan,0.000000000
0.000000000,magnetometer,3,nan;nan;nan,nan,0.000000000
0.000000000,magnetometer,3,nan;nan;nan,nan,0.000000000
0.000000000,magnetometer,3,nan;nan;nan,nan,0.000000000
0.000000000,magnetometer,3,nan;nan;nan,nan,0.000000000
0.000000000,magnetometer,3,nan;nan;nan,nan,0.000000000
0.000000000,magnetometer,3,nan;nan;nan,nan,0.000000000
0.000000000,magnetometer,3,nan;nan;nan,nan,0.000000000
0.000000000,magnetometer,3,nan;nan;nan,nan,0.000000000
0.000000000,magnetometer,3,nan;nan;nan,nan,0.000000000
0.000000000,magnetometer,3,nan;nan;nan,nan,0.000000000
0.000000000,magnetometer,3,nan;nan;nan,nan,0.000000000
0.000000000,magnetometer,3,nan;nan;nan,nan,0.000000000
0.000000000,magnetometer,3,nan;nan;nan,nan,0.000000000
0.000000000,magnetometer,3,nan;nan;nan,nan,0.000000000
0.000000000,magnetometer,3,nan;nan;nan,nan,0.000000000
0.000000000,magnetometer,3,nan;nan;nan,nan,0.000000000
0.000000000,magnetometer,3,nan;nan;nan,nan,0.000000000
0.000000000,magnetometer,3,nan;nan;nan,nan,0.000000000
0.000000000,magnetometer,3,nan;nan;nan,nan,0.000000000
0.000000000,magnetometer,3,nan;nan;nan,nan,0.000000000
0.000000000,magnetometer,3,nan;nan;nan,nan,0.000000000
0.000000000,magnetometer,3,nan;nan;nan,nan,0.000000000
0.000000000,magnetometer,3,nan;nan;nan,nan,0.000000000
0.000000000,magnetometer,3,nan;nan;nan,nan,0.000000000
0.000000000,magnetometer,3,nan;nan;nan,nan,0.000000000
0.000000000,magnetometer,3,nan;nan;nan,nan,0.000000000
0.000000000,magnetometer,3,nan;nan;nan,nan,0.000000000
0.000000000,magnetometer,3,nan;nan;nan,nan,0.000000000
0.000000000,magnetometer,3,nan;nan;nan,nan,0.000000000
0.000000000,magnetometer,3,nan;nan;nan,nan,0.000000000
0.000000000,magnetometer,3,nan;nan;nan,nan,0.000000000
0.000000000,magnetometer,3,nan;nan;nan,nan,0.000000000
0.000000000,magnetometer,3,nan;nan;nan,nan,0.000000000
0.000000000,magnetometer,3,nan;nan;nan,nan,0.000000000
0.000000000,magnetometer,3,nan;nan;nan,nan,0.000000000
0.000000000,magnetometer,3,nan;nan;nan,nan,0.000000000
0.000000000,magnetometer,3,nan;nan;nan,nan,0.000000000
0.000000000,magnetometer,3,nan;nan;nan,nan,0.000000000
0.000000000,magnetometer,3,nan;nan;nan,nan,0.000000000
0.000000000,magnetometer,3,nan;nan;nan,nan,0.000000000
0.000000000,magnetometer,3,nan;nan;nan,nan,0.000000000
0.000000000,magnetometer,3,nan;nan;nan,nan,0.000000000
0.000000000,magnetometer,3,nan;nan;nan,nan,0.000000000
0.000000000,magnetometer,3,nan;nan;nan,nan,0.000000000
0.000000000,magnetometer,3,nan;nan;nan,nan,0.000000000
0.000000000,magnetometer,3,nan;nan;nan,nan,0.000000000
0.000000000,magnetometer,3,nan;nan;nan,nan,0.000000000
0.000000000,magnetometer,3,nan;nan;nan,nan,0.000000000
0.000000000,magnetometer,3,nan;nan;nan,nan,0.000000000
0.000000000,magnetometer,3,nan;nan;nan,nan,0.000000000
0.000000000,magnetometer,3,nan;nan;nan,nan,0.000000000
0.000000000,magnetometer,3,nan;nan;nan,nan,0.000000000
0.000000000,magnetometer,3,nan;nan;nan,nan,0.000000000
0.000000000,magnetometer,3,nan;nan;nan,nan,0.000000000
0.000000000,magnetometer,3,nan;nan;nan,nan,0.000000000
0.000000000,magnetometer,3,nan;nan;nan,nan,0.000000000
0.000000000,magnetometer,3,nan;nan;nan,nan,0.000000000
0.000000000,magnetometer,3,nan;nan;nan,nan,0.000000000
0.000000000,magnetometer,3,nan;nan;nan,nan,0.000000000
0.000000000,magnetometer,3,nan;nan;nan,nan,0.000000000
0.000000000,magnetometer,3,nan;nan;nan,nan,0.000000000
0.000000000,magnetometer,3,nan;nan;nan,nan,0.000000000
0.000000000,magnetometer,3,nan;nan;nan,nan,0.000000000
0.000000000,magnetometer,3,nan;nan;nan,nan,0.000000000
0.000000000,magnetometer,3,nan;nan;nan,nan,0.000000000
0.000000000,magnetometer,3,nan;nan;nan,nan,0.000000000
0.000000000,magnetometer,3,nan;nan;nan,nan,0.000000000
0.000000000,magnetometer,3,nan;nan;nan,nan,0.000000000
0.000000000,magnetometer,3,nan;nan;nan,nan,0.000000000
0.000000000,magnetometer,3,nan;nan;nan,nan,0.000000000
0.000000000,magnetometer,3,nan;nan;nan,nan,0.000000000
0.000000000,magnetometer,3,nan;nan;nan,nan,0.000000000
0.000000000,magnetometer,3,nan;nan;nan,nan,0.000000000
0.000000000,magnetometer,3,nan;nan;nan,nan,0.000000000
0.000000000,magnetometer,3,nan;nan;nan,nan,0.000000000
0.000000000,magnetometer,3,nan;nan;nan,nan,0.000000000
0.000000000,magnetometer,3,nan;nan;nan,nan,0.000000000
0.000000000,magnetometer,3,nan;nan;nan,nan,0.000000000
0.000000000,magnetometer,3,nan;nan;nan,nan,0.000000000
0.000000000,magnetometer,3,nan;nan;nan,nan,0.000000000
0.000000000,magnetometer,3,nan;nan;nan,nan,0.000000000
0.000000000,magnetometer,3,nan;nan;nan,nan,0.000000000
0.000000000,magnetometer,3,nan;nan;nan,nan,0.000000000
0.000000000,magnetometer,3,nan;nan;nan,nan,0.000000000
0.000000000,magnetometer,3,nan;nan;nan,nan,0.000000000
0.000000000,magnetometer,3,nan;nan;nan,nan,0.000000000
0.000000000,magnetometer,3,nan;nan;nan,nan,0.000000000
0.000000000,magnetometer,3,nan;nan;nan,nan,0.000000000
0.000000000,magnetometer,3,nan;nan;nan,nan,0.000000000
0.000000000,magnetometer,3,nan;nan;nan,nan,0.000000000
0.000000000,magnetometer,3,nan;nan;nan,nan,0.000000000
0.000000000,magnetometer,3,nan;nan;nan,nan,0.000000000
0.000000000,magnetometer,3,nan;nan;nan,nan,0.000000000
0.000000000,magnetometer,3,nan;nan;nan,nan,0.000000000
0.000000000,magnetometer,3,nan;nan;nan,nan,0.000000000
0.000000000,magnetometer,3,nan;nan;nan,nan,0.000000000
0.000000000,magnetometer,3,nan;nan;nan,nan,0.000000000
0.000000000,magnetometer,3,nan;nan;nan,nan,0.000000000
0.000000000,magnetometer,3,nan;nan;nan,nan,0.000000000
0.000000000,magnetometer,3,nan;nan;nan,nan,0.000000000
0.000000000,magnetometer,3,nan;nan;nan,nan,0.000000000
0.000000000,magnetometer,3,nan;nan;nan,nan,0.000000000
0.000000000,magnetometer,3,nan;nan;nan,nan,0.000000000
0.000000000,magnetometer,3,nan;nan;nan,nan,0.000000000
0.000000000,magnetometer,3,nan;nan;nan,nan,0.000000000
0.000000000,magnetometer,3,nan;nan;nan,nan,0.000000000
0.000000000,magnetometer,3,nan;nan;nan,nan,0.000000000
0.000000000,magnetometer,3,nan;nan;nan,nan,0.000000000
0.000000000,magnetometer,3,nan;nan;nan,nan,0.000000000
0.000000000,magnetometer,3,nan;nan;nan,nan,0.000000000
0.000000000,magnetometer,3,nan;nan;nan,nan,0.000000000
0.000000000,magnetometer,3,nan;nan;nan,nan,0.000000000
0.000000000,magnetometer,3,nan;nan;nan,nan,0.000000000
0.000000000,magnetometer,3,nan;nan;nan,nan,0.000000000
0.000000000,magnetometer,3,nan;nan;nan,nan,0.000000000
0.000000000,magnetometer,3,nan;nan;nan,nan,0.000000000
0.000000000,magnetometer,3,nan;nan;nan,nan,0.000000000
0.000000000,magnetometer,3,nan;nan;nan,nan,0.000000000
0.000000000,magnetometer,3,nan;nan;nan,nan,0.000000000
0.000000000,magnetometer,3,nan;nan;nan,nan,0.000000000
0.000000000,magnetometer,3,nan;nan;nan,nan,0.000000000
0.000000000,magnetometer,3,nan;nan;nan,nan,0.000000000
0.000000000,magnetometer,3,nan;nan;nan,nan,0.000000000
0.000000000,magnetometer,3,nan;nan;nan,nan,0.000000000
0.000000000,magnetometer,3,nan;nan;nan,nan,0.000000000
0.000000000,magnetometer,3,nan;nan;nan,nan,0.000000000
0.000000000,magnetometer,3,nan;nan;nan,nan,0.000000000
0.000000000,magnetometer,3,nan;nan;nan,nan,0.000000000
0.000000000,magnetometer,3,nan;nan;nan,nan,0.000000000
0.000000000,magnetometer,3,nan;nan;nan,nan,0.000000000
0.000000000,magnetometer,3,nan;nan;nan,nan,0.000000000
0.000000000,magnetometer,3,nan;nan;nan,nan,0.000000000
0.000000000,magnetometer,3,nan;nan;nan,nan,0.000000000
0.000000000,magnetometer,3,nan;nan;nan,nan,0.000000000
0.000000000,magnetometer,3,nan;nan;nan,nan,0.000000000
0.000000000,magnetometer,3,nan;nan;nan,nan,0.000000000
0.000000000,magnetometer,3,nan;nan;nan,nan,0.000000000
0.000000000,magnetometer,3,nan;nan;nan,nan,0.000000000
0.000000000,magnetometer,3,nan;nan;nan,nan,0.000000000
0.000000000,magnetometer,3,nan;nan;nan,nan,0.000000000
0.000000000,magnetometer,3,nan;nan;nan,nan,0.000000000
0.000000000,magnetometer,3,nan;nan;nan,nan,0.000000000
0.000000000,magnetometer,3,nan;nan;nan,nan,0.000000000
0.000000000,magnetometer,3,nan;nan;nan,nan,0.000000000
0.000000000,magnetometer,3,nan;nan;nan,nan,0.000000000
0.000000000,magnetometer,3,nan;nan;nan,nan,0.000000000
0.000000000,magnetometer,3,nan;nan;nan,nan,0.000000000
0.000000000,magnetometer,3,nan;nan;nan,nan,0.000000000
0.000000000,magnetometer,3,nan;nan;nan,nan,0.000000000
0.000000000,magnetometer,3,nan;nan;nan,nan,0.000000000
0.000000000,magnetometer,3,nan;nan;nan,nan,0.000000000
0.000000000,magnetometer,3,nan;nan;nan,nan,0.000000000
0.000000000,magnetometer,3,nan;nan;nan,nan,0.000000000
0.000000000,magnetometer,3,nan;nan;nan,nan,0.000000000
0.000000000,magnetometer,3,nan;nan;nan,nan,0.000000000
0.000000000,magnetometer,3,nan;nan;nan,nan,0.000000000
0.000000000,magnetometer,3,nan;nan;nan,nan,0.000000000
0.000000000,magnetometer,3,nan;nan;nan,nan,0.000000000
0.000000000,magnetometer,3,nan;nan;nan,nan,0.000000000
0.000000000,magnetometer,3,nan;nan;nan,nan,0.000000000
0.000000000,magnetometer,3,nan;nan;nan,nan,0.000000000
0.000000000,magnetometer,3,nan;nan;nan,nan,0.000000000
0.000000000,magnetometer,3,nan;nan;nan,nan,0.000000000
0.000000000,magnetometer,3,nan;nan;nan,nan,0.000000000
0.000000000,magnetometer,3,nan;nan;nan,nan,0.000000000
0.000000000,magnetometer,3,nan;nan;nan,nan,0.000000000
0.000000000,magnetometer,3,nan;nan;nan,nan,0.000000000
0.000000000,magnetometer,3,nan;nan;nan,nan,0.000000000
0.000000000,magnetometer,3,nan;nan;nan,nan,0.000000000
0.000000000,magnetometer,3,nan;nan;nan,nan,0.000000000
0.000000000,magnetometer,3,nan;nan;nan,nan,0.000000000
0.000000000,magnetometer,3,nan;nan;nan,nan,0.000000000
0.000000000,magnetometer,3,nan;nan;nan,nan,0.000000000
0.000000000,magnetometer,3,nan;nan;nan,nan,0.000000000
0.000000000,magnetometer,3,nan;nan;nan,nan,0.000000000
0.000000000,magnetometer,3,nan;nan;nan,nan,0.000000000
0.000000000,magnetometer,3,nan;nan;nan,nan,0.000000000
0.000000000,magnetometer,3,nan;nan;nan,nan,0.000000000
0.000000000,magnetometer,3,nan;nan;nan,nan,0.000000000
0.000000000,magnetometer,3,nan;nan;nan,nan,0.000000000
0.000000000,magnetometer,3,nan;nan;nan,nan,0.000000000
0.000000000,magnetometer,3,nan;nan;nan,nan,0.000000000
0.000000000,magnetometer,3,nan;nan;nan,nan,0.000000000
0.000000000,magnetometer,3,nan;nan;nan,nan,0.000000000
0.000000000,magnetometer,3,nan;nan;nan,nan,0.000000000
0.000000000,magnetometer,3,nan;nan;nan,nan,0.000000000
0.000000000,magnetometer,3,nan;nan;nan,nan,0.000000000
0.000000000,magnetometer,3,nan;nan;nan,nan,0.000000000
0.000000000,magnetometer,3,nan;nan;nan,nan,0.000000000
0.000000000,magnetometer,3,nan;nan;nan,nan,0.000000000
0.000000000,magnetometer,3,nan;nan;nan,nan,0.000000000
0.000000000,magnetometer,3,nan;nan;nan,nan,0.000000000
0.000000000,magnetometer,3,nan;nan;nan,nan,0.000000000
0.000000000,magnetometer,3,nan;nan;nan,nan,0.000000000
0.000000000,magnetometer,3,nan;nan;nan,nan,0.000000000
0.000000000,magnetometer,3,nan;nan;nan,nan,0.000000000
0.000000000,magnetometer,3,nan;nan;nan,nan,0.000000000
0.000000000,magnetometer,3,nan;nan;nan,nan,0.000000000
0.000000000,magnetometer,3,nan;nan;nan,nan,0.000000000
0.000000000,magnetometer,3,nan;nan;nan,nan,0.000000000
0.000000000,magnetometer,3,nan;nan;nan,nan,0.000000000
0.000000000,magnetometer,3,nan;nan;nan,nan,0.000000000
0.000000000,magnetometer,3,nan;nan;nan,nan,0.000000000
0.000000000,magnetometer,3,nan;nan;nan,nan,0.000000000
0.000000000,magnetometer,3,nan;nan;nan,nan,0.000000000
0.000000000,magnetometer,3,nan;nan;nan,nan,0.000000000
0.000000000,magnetometer,3,nan;nan;nan,nan,0.000000000
0.000000000,magnetometer,3,nan;nan;nan,nan,0.000000000
0.000000000,magnetometer,3,nan;nan;nan,nan,0.000000000
0.000000000,magnetometer,3,nan;nan;nan,nan,0.000000000
0.000000000,magnetometer,3,nan;nan;nan,nan,0.000000000
0.000000000,magnetometer,3,nan;nan;nan,nan,0.000000000
0.000000000,magnetometer,3,nan;nan;nan,nan,0.000000000
0.000000000,magnetometer,3,nan;nan;nan,nan,0.000000000
0.000000000,magnetometer,3,nan;nan;nan,nan,0.000000000
0.000000000,magnetometer,3,nan;nan;nan,nan,0.000000000
0.000000000,magnetometer,3,nan;nan;nan,nan,0.000000000
0.000000000,magnetometer,3,nan;nan;nan,nan,0.000000000
0.000000000,magnetometer,3,nan;nan;nan,nan,0.000000000
0.000000000,magnetometer,3,nan;nan;nan,nan,0.000000000
0.000000000,magnetometer,3,nan;nan;nan,nan,0.000000000
0.000000000,magnetometer,3,nan;nan;nan,nan,0.000000000
0.000000000,magnetometer,3,nan;nan;nan,nan,0.000000000
0.000000000,magnetometer,3,nan;nan;nan,nan,0.000000000
0.000000000,magnetometer,3,nan;nan;nan,nan,0.000000000
0.000000000,magnetometer,3,nan;nan;nan,nan,0.000000000
0.000000000,magnetometer,3,nan;nan;nan,nan,0.000000000
0.000000000,magnetometer,3,nan;nan;nan,nan,0.000000000
0.000000000,magnetometer,3,nan;nan;nan,nan,0.000000000
0.000000000,magnetometer,3,nan;nan;nan,nan,0.000000000
0.000000000,magnetometer,3,nan;nan;nan,nan,0.000000000
0.000000000,magnetometer,3,nan;nan;nan,nan,0.000000000
0.000000000,magnetometer,3,nan;nan;nan,nan,0.000000000
0.000000000,magnetometer,3,nan;nan;nan,nan,0.000000000
0.000000000,magnetometer,3,nan;nan;nan,nan,0.000000000
0.000000000,magnetometer,3,nan;nan;nan,nan,0.000000000
0.000000000,magnetometer,3,nan;nan;nan,nan,0.000000000
0.000000000,magnetometer,3,nan;nan;nan,nan,0.000000000
0.000000000,magnetometer,3,nan;nan;nan,nan,0.000000000
0.000000000,magnetometer,3,nan;nan;nan,nan,0.000000000
0.000000000,magnetometer,3,nan;nan;nan,nan,0.000000000
0.000000000,magnetometer,3,nan;nan;nan,nan,0.000000000
0.000000000,magnetometer,3,nan;nan;nan,nan,0.000000000
0.000000000,magnetometer,3,nan;nan;nan,nan,0.000000000
0.000000000,magnetometer,3,nan;nan;nan,nan,0.000000000
0.000000000,magnetometer,3,nan;nan;nan,nan,0.000000000
0.000000000,magnetometer,3,nan;nan;nan,nan,0.000000000
0.000000000,magnetometer,3,nan;nan;nan,nan,0.000000000
0.000000000,magnetometer,3,nan;nan;nan,nan,0.000000000
0.000000000,magnetometer,3,nan;nan;nan,nan,0.000000000
0.000000000,magnetometer,3,nan;nan;nan,nan,0.000000000
0.000000000,magnetometer,3,nan;nan;nan,nan,0.000000000
0.000000000,magnetometer,3,nan;nan;nan,nan,0.000000000
0.000000000,magnetometer,3,nan;nan;nan,nan,0.000000000
0.000000000,magnetometer,3,nan;nan;nan,nan,0.000000000
0.000000000,magnetometer,3,nan;nan;nan,nan,0.000000000
0.000000000,magnetometer,3,nan;nan;nan,nan,0.000000000
0.000000000,magnetometer,3,nan;nan;nan,nan,0.000000000
0.000000000,magnetometer,3,nan;nan;nan,nan,0.000000000
0.000000000,magnetometer,3,nan;nan;nan,nan,0.000000000
0.000000000,magnetometer,3,nan;nan;nan,nan,0.000000000
0.000000000,magnetometer,3,nan;nan;nan,nan,0.000000000
0.000000000,magnetometer,3,nan;nan;nan,nan,0.000000000
0.000000000,magnetometer,3,nan;nan;nan,nan,0.000000000
0.000000000,magnetometer,3,nan;nan;nan,nan,0.000000000
0.000000000,magnetometer,3,nan;nan;nan,nan,0.000000000
0.000000000,magnetometer,3,nan;nan;nan,nan,0.000000000
0.000000000,magnetometer,3,nan;nan;nan,nan,0.000000000
0.000000000,magnetometer,3,nan;nan;nan,nan,0.000000000
0.000000000,magnetometer,3,nan;nan;nan,nan,0.000000000
0.000000000,magnetometer,3,nan;nan;nan,nan,0.000000000
0.000000000,magnetometer,3,nan;nan;nan,nan,0.000000000
0.000000000,magnetometer,3,nan;nan;nan,nan,0.000000000
0.000000000,magnetometer,3,nan;nan;nan,nan,0.000000000
0.000000000,magnetometer,3,nan;nan;nan,nan,0.000000000
0.000000000,magnetometer,3,nan;nan;nan,nan,0.000000000
0.000000000,magnetometer,3,nan;nan;nan,nan,0.000000000
0.000000000,magnetometer,3,nan;nan;nan,nan,0.000000000
0.000000000,magnetometer,3,nan;nan;nan,nan,0.000000000
0.000000000,magnetometer,3,nan;nan;nan,nan,0.000000000
0.000000000,magnetometer,3,nan;nan;nan,nan,0.000000000
0.000000000,magnetometer,3,nan;nan;nan,nan,0.000000000
0.000000000,magnetometer,3,nan;nan;nan,nan,0.000000000
0.000000000,magnetometer,3,nan;nan;nan,nan,0.000000000
0.000000000,magnetometer,3,nan;nan;nan,nan,0.000000000
0.000000000,magnetometer,3,nan;nan;nan,nan,0.000000000
0.000000000,magnetometer,3,nan;nan;nan,nan,0.000000000
0.000000000,magnetometer,3,nan;nan;nan,nan,0.000000000
0.000000000,magnetometer,3,nan;nan;nan,nan,0.000000000
0.000000000,magnetometer,3,nan;nan;nan,nan,0.000000000
0.000000000,magnetometer,3,nan;nan;nan,nan,0.000000000
0.000000000,magnetometer,3,nan;nan;nan,nan,0.000000000
0.000000000,magnetometer,3,nan;nan;nan,nan,0.000000000
0.000000000,magnetometer,3,nan;nan;nan,nan,0.000000000
0.000000000,magnetometer,3,nan;nan;nan,nan,0.000000000
0.000000000,magnetometer,3,nan;nan;nan,nan,0.000000000
0.000000000,magnetometer,3,nan;nan;nan,nan,0.000000000
0.000000000,magnetometer,3,nan;nan;nan,nan,0.000000000
0.000000000,magnetometer,3,nan;nan;nan,nan,0.000000000
0.000000000,magnetometer,3,nan;nan;nan,nan,0.000000000
0.000000000,magnetometer,3,nan;nan;nan,nan,0.000000000
0.000000000,magnetometer,3,nan;nan;nan,nan,0.000000000
0.000000000,magnetometer,3,nan;nan;nan,nan,0.000000000
0.000000000,magnetometer,3,nan;nan;nan,nan,0.000000000
0.000000000,magnetometer,3,nan;nan;nan,nan,0.000000000
0.000000000,magnetometer,3,nan;nan;nan,nan,0.000000000
0.000000000,magnetometer,3,nan;nan;nan,nan,0.000000000
0.000000000,magnetometer,3,nan;nan;nan,nan,0.000000000
0.000000000,magnetometer,3,nan;nan;nan,nan,0.000000000
0.000000000,magnetometer,3,nan;nan;nan,nan,0.000000000
0.000000000,magnetometer,3,nan;nan;nan,nan,0.000000000
0.000000000,magnetometer,3,nan;nan;nan,nan,0.000000000
0.000000000,magnetometer,3,nan;nan;nan,nan,0.000000000
0.000000000,magnetometer,3,nan;nan;nan,nan,0.000000000
0.000000000,magnetometer,3,nan;nan;nan,nan,0.000000000
0.000000000,magnetometer,3,nan;nan;nan,nan,0.000000000
0.000000000,magnetometer,3,nan;nan;nan,nan,0.000000000
0.000000000,magnetometer,3,nan;nan;nan,nan,0.000000000
0.000000000,magnetometer,3,nan;nan;nan,nan,0.000000000
0.000000000,magnetometer,3,nan;nan;nan,nan,0.000000000
0.000000000,magnetometer,3,nan;nan;nan,nan,0.000000000
0.000000000,magnetometer,3,nan;nan;nan,nan,0.000000000
0.000000000,magnetometer,3,nan;nan;nan,nan,0.000000000
0.000000000,magnetometer,3,nan;nan;nan,nan,0.000000000
0.000000000,magnetometer,3,nan;nan;nan,nan,0.000000000
0.000000000,magnetometer,3,nan;nan;nan,nan,0.000000000
0.000000000,magnetometer,3,nan;nan;nan,nan,0.000000000
0.000000000,magnetometer,3,nan;nan;nan,nan,0.000000000
0.000000000,magnetometer,3,nan;nan;nan,nan,0.000000000
0.000000000,magnetometer,3,nan;nan;nan,nan,0.000000000
0.000000000,magnetometer,3,nan;nan;nan,nan,0.000000000
0.000000000,magnetometer,3,nan;nan;nan,nan,0.000000000
0.000000000,magnetometer,3,nan;nan;nan,nan,0.000000000
0.000000000,magnetometer,3,nan;nan;nan,nan,0.000000000
0.000000000,magnetometer,3,nan;nan;nan,nan,0.000000000
0.000000000,magnetometer,3,nan;nan;nan,nan,0.000000000
0.000000000,magnetometer,3,nan;nan;nan,nan,0.000000000
0.000000000,magnetometer,3,nan;nan;nan,nan,0.000000000
0.000000000,magnetometer,3,nan;nan;nan,nan,0.000000000
0.000000000,magnetometer,3,nan;nan;nan,nan,0.000000000
0.000000000,magnetometer,3,nan;nan;nan,nan,0.000000000
0.000000000,magnetometer,3,nan;nan;nan,nan,0.000000000
0.000000000,magnetometer,3,nan;nan;nan,nan,0.000000000
0.000000000,magnetometer,3,nan;nan;nan,nan,0.000000000
0.000000000,magnetometer,3,nan;nan;nan,nan,0.000000000
0.000000000,magnetometer,3,nan;nan;nan,nan,0.000000000
0.000000000,magnetometer,3,nan;nan;nan,nan,0.000000000
0.000000000,magnetometer,3,nan;nan;nan,nan,0.000000000
0.000000000,magnetometer,3,nan;nan;nan,nan,0.000000000
0.000000000,magnetometer,3,nan;nan;nan,nan,0.000000000
0.000000000,magnetometer,3,nan;nan;nan,nan,0.000000000
0.000000000,magnetometer,3,nan;nan;nan,nan,0.000000000
0.000000000,magnetometer,3,nan;nan;nan,nan,0.000000000
0.000000000,magnetometer,3,nan;nan;nan,nan,0.000000000
0.000000000,magnetometer,3,nan;nan;nan,nan,0.000000000
0.000000000,magnetometer,3,nan;nan;nan,nan,0.000000000
0.000000000,magnetometer,3,nan;nan;nan,nan,0.000000000
0.000000000,magnetometer,3,nan;nan;nan,nan,0.000000000
0.000000000,magnetometer,3,nan;nan;nan,nan,0.000000000
0.000000000,magnetometer,3,nan;nan;nan,nan,0.000000000
0.000000000,magnetometer,3,nan;nan;nan,nan,0.000000000
0.000000000,magnetometer,3,nan;nan;nan,nan,0.000000000
0.000000000,magnetometer,3,nan;nan;nan,nan,0.000000000
0.000000000,magnetometer,3,nan;nan;nan,nan,0.000000000
0.000000000,magnetometer,3,nan;nan;nan,nan,0.000000000
0.000000000,magnetometer,3,nan;nan;nan,nan,0.000000000
0.000000000,magnetometer,3,nan;nan;nan,nan,0.000000000
0.000000000,magnetometer,3,nan;nan;nan,nan,0.000000000
0.000000000,magnetometer,3,nan;nan;nan,nan,0.000000000
0.000000000,magnetometer,3,nan;nan;nan,nan,0.000000000
0.000000000,magnetometer,3,nan;nan;nan,nan,0.000000000
0.000000000,magnetometer,3,nan;nan;nan,nan,0.000000000
0.000000000,magnetometer,3,nan;nan;nan,nan,0.000000000
0.000000000,magnetometer,3,nan;nan;nan,nan,0.000000000
0.000000000,magnetometer,3,nan;nan;nan,nan,0.000000000
0.000000000,magnetometer,3,nan;nan;nan,nan,0.000000000
0.000000000,magnetometer,3,nan;nan;nan,nan,0.000000000
0.000000000,magnetometer,3,nan;nan;nan,nan,0.000000000
0.000000000,magnetometer,3,nan;nan;nan,nan,0.000000000
0.000000000,magnetometer,3,nan;nan;nan,nan,0.000000000
0.000000000,magnetometer,3,nan;nan;nan,nan,0.000000000
0.000000000,magnetometer,3,nan;nan;nan,nan,0.000000000
0.000000000,magnetometer,3,nan;nan;nan,nan,0.000000000
0.000000000,magnetometer,3,nan;nan;nan,nan,0.000000000
0.000000000,magnetometer,3,nan;nan;nan,nan,0.000000000
0.000000000,magnetometer,3,nan;nan;nan,nan,0.000000000
0.000000000,magnetometer,3,nan;nan;nan,nan,0.000000000
0.000000000,magnetometer,3,nan;nan;nan,nan,0.000000000
0.000000000,magnetometer,3,nan;nan;nan,nan,0.000000000
0.000000000,magnetometer,3,nan;nan;nan,nan,0.000000000
0.000000000,magnetometer,3,nan;nan;nan,nan,0.000000000
0.000000000,magnetometer,3,nan;nan;nan,nan,0.000000000
0.000000000,magnetometer,3,nan;nan;nan,nan,0.000000000
0.000000000,magnetometer,3,nan;nan;nan,nan,0.000000000
0.000000000,magnetometer,3,nan;nan;nan,nan,0.000000000
