timestamp,acc_x,acc_y,acc_z,gyro_x,gyro_y,gyro_z,true_acc_x,true_acc_y,true_acc_z,true_gyro_x,true_gyro_y,true_gyro_z,bias_acc_x,bias_acc_y,bias_acc_z,bias_gyro_x,bias_gyro_y,bias_gyro_z
0,0.0066574,0.296085,9.81178,0.000138079,0.0213023,0.0987259,-0.00364541,0.299962,9.8097,-3.27805e-05,0.0199822,0.0999982,0.01,-0.005,0.002,0.0001,-0.0002,0.00015
0.1,0.0214949,0.280435,9.81895,0.00148021,0.0198224,0.0997218,0.0134019,0.285486,9.81716,0.000141016,0.0199563,0.0999481,0.01,-0.005,0.002,0.0001,-0.0002,0.00015
0.2,0.0236036,0.28924,9.80369,0.00105383,0.0197839,0.0998304,0.0131094,0.294108,9.80155,0.000493857,0.0198853,0.0999422,0.01,-0.005,0.002,0.0001,-0.0002,0.00015
0.3,0.0285473,0.297393,9.8194,0.00123381,0.0201532,0.100282,0.0196614,0.300636,9.81581,0.000363662,0.0199049,0.0999256,0.01,-0.005,0.002,0.0001,-0.0002,0.00015
0.4,0.0267939,0.291731,9.82482,3.12281e-05,0.0199511,0.0990429,0.0164908,0.297547,9.82237,0.000703134,0.0199062,0.0999324,0.01,-0.005,0.002,0.0001,-0.0002,0.00015
0.5,0.0379855,0.289878,9.81119,0.000489482,0.0180043,0.0994112,0.0279253,0.295141,9.80846,0.00100436,0.0200881,0.0999153,0.01,-0.005,0.002,0.0001,-0.0002,0.00015
0.6,0.0475686,0.285705,9.82169,0.00259866,0.0214691,0.100326,0.0366773,0.289963,9.81895,0.00114005,0.0200177,0.0999739,0.01,-0.005,0.002,0.0001,-0.0002,0.00015
0.7,0.0428873,0.290296,9.81677,0.00142595,0.0180748,0.0989949,0.0326476,0.29593,9.81485,0.00139197,0.0198691,0.0999648,0.01,-0.005,0.002,0.0001,-0.0002,0.00015
0.8,0.0505524,0.290284,9.80364,0.00207547,0.0202245,0.100648,0.0385509,0.29495,9.8021,0.00157753,0.0198877,0.10016,0.01,-0.005,0.002,0.0001,-0.0002,0.00015
0.9,0.0525018,0.287577,9.8203,0.00090802,0.0201338,0.101383,0.0421459,0.292958,9.81998,0.00160513,0.0197391,0.100052,0.01,-0.005,0.002,0.0001,-0.0002,0.00015
1,0.0593539,0.295356,9.81684,0.00103222,0.0191111,0.0998032,0.0476156,0.301249,9.81475,0.00211192,0.0197094,0.100017,0.01,-0.005,0.002,0.0001,-0.0002,0.00015
1.1,0.0704641,0.291244,9.81592,0.00274963,0.0195802,0.0995378,0.0594492,0.296804,9.81491,0.00222248,0.0196062,0.0999985,0.01,-0.005,0.002,0.0001,-0.0002,0.00015
1.2,0.0733134,0.288685,9.8079,0.00302211,0.0181081,0.100128,0.0618756,0.291703,9.80586,0.00235014,0.0195456,0.0999934,0.01,-0.005,0.002,0.0001,-0.0002,0.00015
1.3,0.0779759,0.291061,9.82015,0.00287729,0.0193256,0.101053,0.0674919,0.296261,9.81771,0.00248081,0.0195737,0.100091,0.01,-0.005,0.002,0.0001,-0.0002,0.00015
1.4,0.0776423,0.292741,9.81246,0.00281515,0.0193458,0.099002,0.0704117,0.296544,9.81245,0.00284666,0.0195684,0.0999261,0.01,-0.005,0.002,0.0001,-0.0002,0.00015
1.5,0.0774744,0.288224,9.81761,0.00108909,0.0200089,0.102111,0.0667667,0.293092,9.81641,0.00295356,0.0194252,0.0999519,0.01,-0.005,0.002,0.0001,-0.0002,0.00015
1.6,0.0881115,0.29388,9.8201,0.00324464,0.0181658,0.0990673,0.0782238,0.297461,9.81615,0.00321125,0.0193209,0.100019,0.01,-0.005,0.002,0.0001,-0.0002,0.00015
1.7,0.0939517,0.28295,9.82636,0.00283164,0.0190704,0.0983946,0.0839926,0.28807,9.82366,0.00332343,0.0192465,0.0999486,0.01,-0.005,0.002,0.0001,-0.0002,0.00015
1.8,0.102304,0.293635,9.82654,0.00389608,0.0195156,0.100058,0.0917915,0.297327,9.82381,0.00353879,0.019346,0.099907,0.01,-0.005,0.002,0.0001,-0.0002,0.00015
1.9,0.104566,0.28786,9.81801,0.00504602,0.0215539,0.0995347,0.0943498,0.292471,9.81515,0.00385298,0.0192547,0.0999621,0.01,-0.005,0.002,0.0001,-0.0002,0.00015
2,0.112511,0.281755,9.82263,0.00442236,0.0185919,0.101819,0.10253,0.287942,9.8222,0.00384135,0.0192636,0.100001,0.01,-0.005,0.002,0.0001,-0.0002,0.00015
2.1,0.109844,0.27575,9.8303,0.00349004,0.0180095,0.102695,0.0999205,0.279806,9.82836,0.00404596,0.0187202,0.100051,0.01,-0.005,0.002,0.0001,-0.0002,0.00015
2.2,0.125681,0.287856,9.82824,0.00513486,0.0213268,0.0992144,0.115948,0.29146,9.82678,0.00420378,0.0190653,0.0998341,0.01,-0.005,0.002,0.0001,-0.0002,0.00015
2.3,0.128642,0.291956,9.82811,0.00576147,0.0196343,0.0991513,0.118793,0.298243,9.82566,0.00434167,0.0188829,0.100266,0.01,-0.005,0.002,0.0001,-0.0002,0.00015
2.4,0.128029,0.294869,9.82662,0.00418486,0.0196693,0.099798,0.118466,0.299524,9.82573,0.00483037,0.0186606,0.100042,0.01,-0.005,0.002,0.0001,-0.0002,0.00015
2.5,0.137571,0.285192,9.82656,0.00364501,0.018561,0.0999611,0.128686,0.292067,9.82485,0.00476863,0.0187274,0.0999681,0.01,-0.005,0.002,0.0001,-0.0002,0.00015
2.6,0.134382,0.280042,9.82569,0.00594666,0.0180232,0.0990885,0.124811,0.285619,9.82315,0.0048893,0.0183708,0.0999137,0.01,-0.005,0.002,0.0001,-0.0002,0.00015
2.7,0.153158,0.281405,9.82867,0.00610567,0.0195693,0.09972,0.143347,0.286836,9.82651,0.00510944,0.018488,0.100042,0.01,-0.005,0.002,0.0001,-0.0002,0.00015
2.8,0.14759,0.278668,9.82323,0.0073987,0.0175151,0.100553,0.137428,0.284836,9.82063,0.00532828,0.0181425,0.100083,0.01,-0.005,0.002,0.0001,-0.0002,0.00015
2.9,0.15805,0.274397,9.82759,0.00303339,0.0152477,0.100778,0.146552,0.279164,9.82601,0.00542365,0.0182293,0.099911,0.01,-0.005,0.002,0.0001,-0.0002,0.00015
3,0.150338,0.272119,9.82203,0.00531706,0.0194959,0.0995775,0.141832,0.276894,9.82093,0.00570494,0.0179818,0.100091,0.01,-0.005,0.002,0.0001,-0.0002,0.00015
3.1,0.169244,0.273016,9.82718,0.00575695,0.0185764,0.0994575,0.159101,0.278514,9.82569,0.00592045,0.0179433,0.099928,0.01,-0.005,0.002,0.0001,-0.0002,0.00015
3.2,0.165483,0.279553,9.83157,0.00741978,0.0180525,0.100784,0.154628,0.28342,9.82998,0.00595817,0.01765,0.0998694,0.01,-0.005,0.002,0.0001,-0.0002,0.00015
3.3,0.171367,0.276821,9.83653,0.00631316,0.0173875,0.100084,0.162175,0.28245,9.83379,0.00624222,0.017683,0.100099,0.01,-0.005,0.002,0.0001,-0.0002,0.00015
3.4,0.172955,0.267673,9.82526,0.00618974,0.0160782,0.101116,0.163282,0.273261,9.82464,0.006175,0.0176056,0.100039,0.01,-0.005,0.002,0.0001,-0.0002,0.00015
3.5,0.189203,0.278065,9.83252,0.00541768,0.0166017,0.0998484,0.17863,0.282419,9.83008,0.00657662,0.0174822,0.099967,0.01,-0.005,0.002,0.0001,-0.0002,0.00015
3.6,0.18709,0.271003,9.82637,0.0062528,0.0162531,0.100587,0.176907,0.276562,9.82614,0.00661921,0.0170895,0.0998164,0.01,-0.005,0.002,0.0001,-0.0002,0.00015
3.7,0.193628,0.27633,9.83386,0.00640009,0.0161764,0.100457,0.183441,0.281047,9.83378,0.00686235,0.0168687,0.100146,0.01,-0.005,0.002,0.0001,-0.0002,0.00015
3.8,0.191045,0.275312,9.83589,0.00649276,0.0160166,0.101464,0.181935,0.278607,9.83284,0.00679323,0.0167381,0.100007,0.01,-0.005,0.002,0.0001,-0.0002,0.00015
3.9,0.198789,0.270466,9.83836,0.00749878,0.0173985,0.101651,0.188234,0.276649,9.8363,0.00698798,0.0167149,0.0998622,0.01,-0.005,0.002,0.0001,-0.0002,0.00015
4,0.20131,0.269826,9.83863,0.00808648,0.0168939,0.0996849,0.190767,0.275407,9.83613,0.00726996,0.0164856,0.100005,0.01,-0.005,0.002,0.0001,-0.0002,0.00015
4.1,0.206099,0.268543,9.83784,0.00797064,0.0153793,0.102479,0.19352,0.272287,9.83525,0.00744586,0.0164355,0.0999927,0.01,-0.005,0.002,0.0001,-0.0002,0.00015
4.2,0.213892,0.264394,9.83141,0.00834253,0.0138428,0.099535,0.203861,0.270638,9.82962,0.00754278,0.0162148,0.100094,0.01,-0.005,0.002,0.0001,-0.0002,0.00015
4.3,0.209364,0.264611,9.83063,0.00801888,0.0169619,0.10012,0.199503,0.269791,9.82744,0.00755262,0.0160252,0.100157,0.01,-0.005,0.002,0.0001,-0.0002,0.00015
4.4,0.231455,0.261101,9.82866,0.00582742,0.0141133,0.0990899,0.220567,0.267579,9.82735,0.00770277,0.0159607,0.0998502,0.01,-0.005,0.002,0.0001,-0.0002,0.00015
4.5,0.227413,0.269195,9.82837,0.00752149,0.0161022,0.0997484,0.217042,0.27344,9.82689,0.00800454,0.0156816,0.0999118,0.01,-0.005,0.002,0.0001,-0.0002,0.00015
4.6,0.237279,0.259304,9.84257,0.00836017,0.0154085,0.101973,0.226346,0.264067,9.84137,0.00786596,0.0155499,0.099894,0.01,-0.005,0.002,0.0001,-0.0002,0.00015
4.7,0.23636,0.246903,9.84129,0.00760565,0.0149516,0.100203,0.227383,0.250988,9.84076,0.00803127,0.0152503,0.0999831,0.01,-0.005,0.002,0.0001,-0.0002,0.00015
4.8,0.241266,0.253083,9.83919,0.00855131,0.0139367,0.0992673,0.229726,0.25749,9.83806,0.00827423,0.0148983,0.0999221,0.01,-0.005,0.002,0.0001,-0.0002,0.00015
4.9,0.245353,0.258631,9.83548,0.00969281,0.0151936,0.0998571,0.236086,0.262829,9.83259,0.00828019,0.0148693,0.10009,0.01,-0.005,0.002,0.0001,-0.0002,0.00015
5,0.248079,0.256876,9.83828,0.00723968,0.0139419,0.0993034,0.23888,0.261837,9.83659,0.00855303,0.0145287,0.100158,0.01,-0.005,0.002,0.0001,-0.0002,0.00015
5.1,0.254346,0.259132,9.83633,0.00706488,0.0156816,0.101384,0.244642,0.265556,9.83463,0.0084495,0.0144833,0.10008,0.01,-0.005,0.002,0.0001,-0.0002,0.00015
5.2,0.257159,0.259518,9.84061,0.0101197,0.0144101,0.101256,0.246477,0.262826,9.84057,0.00856484,0.0143818,0.100065,0.01,-0.005,0.002,0.0001,-0.0002,0.00015
5.3,0.259946,0.255083,9.83448,0.00806276,0.0118649,0.0980617,0.25104,0.260211,9.83294,0.00866536,0.0140258,0.0999582,0.01,-0.005,0.002,0.0001,-0.0002,0.00015
5.4,0.266843,0.246331,9.83971,0.00827389,0.0138298,0.0989906,0.256722,0.251246,9.83797,0.00887104,0.0137243,0.0998878,0.01,-0.005,0.002,0.0001,-0.0002,0.00015
5.5,0.278826,0.2432,9.83901,0.00781168,0.0122676,0.0981875,0.267505,0.24849,9.83745,0.00897667,0.0134794,0.0999412,0.01,-0.005,0.002,0.0001,-0.0002,0.00015
5.6,0.278356,0.249219,9.84083,0.00952325,0.0134947,0.100193,0.268541,0.254369,9.83999,0.00902663,0.0133317,0.0999183,0.01,-0.005,0.002,0.0001,-0.0002,0.00015
5.7,0.286367,0.249354,9.84128,0.0117304,0.0130653,0.100074,0.276755,0.253651,9.83976,0.00917991,0.0131449,0.0998884,0.01,-0.005,0.002,0.0001,-0.0002,0.00015
5.8,0.281166,0.249932,9.84824,0.0092384,0.0142572,0.100747,0.271812,0.253577,9.84501,0.00899924,0.0129301,0.0999868,0.01,-0.005,0.002,0.0001,-0.0002,0.00015
5.9,0.284594,0.253321,9.83651,0.0111086,0.013866,0.0999772,0.274804,0.258375,9.83498,0.00934518,0.0126962,0.100101,0.01,-0.005,0.002,0.0001,-0.0002,0.00015
6,0.295212,0.242513,9.84646,0.0101729,0.0145028,0.101264,0.286186,0.247186,9.84387,0.00936582,0.0126045,0.100092,0.01,-0.005,0.002,0.0001,-0.0002,0.00015
6.1,0.302364,0.242057,9.8431,0.00980906,0.0119069,0.100729,0.29085,0.24754,9.84092,0.00933183,0.0120697,0.100087,0.01,-0.005,0.002,0.0001,-0.0002,0.00015
6.2,0.300039,0.23593,9.8458,0.00869952,0.0115554,0.100041,0.289793,0.241379,9.84489,0.00950734,0.0118845,0.0998817,0.01,-0.005,0.002,0.0001,-0.0002,0.00015
6.3,0.301897,0.238703,9.83792,0.00778697,0.0111481,0.101668,0.290543,0.243641,9.83685,0.00946438,0.0116471,0.0999108,0.01,-0.005,0.002,0.0001,-0.0002,0.00015
6.4,0.312378,0.239103,9.83863,0.00957842,0.0105437,0.0999589,0.30233,0.244739,9.8364,0.00967428,0.0113786,0.0999133,0.01,-0.005,0.002,0.0001,-0.0002,0.00015
6.5,0.314835,0.226965,9.83596,0.00916121,0.0106696,0.100998,0.305111,0.230745,9.83381,0.00960404,0.0113452,0.100171,0.01,-0.005,0.002,0.0001,-0.0002,0.00015
6.6,0.327763,0.224206,9.85268,0.0102288,0.0104881,0.0998006,0.316728,0.228919,9.85131,0.00973898,0.0109635,0.100013,0.01,-0.005,0.002,0.0001,-0.0002,0.00015
6.7,0.3092,0.230856,9.84399,0.0102416,0.0100614,0.0988065,0.298738,0.235885,9.84276,0.00953103,0.01058,0.100116,0.01,-0.005,0.002,0.0001,-0.0002,0.00015
6.8,0.331221,0.224941,9.85013,0.00861223,0.0105972,0.0997295,0.322331,0.229456,9.84772,0.00975085,0.0105871,0.100102,0.01,-0.005,0.002,0.0001,-0.0002,0.00015
6.9,0.328257,0.224121,9.84742,0.0109355,0.0107136,0.0998298,0.317482,0.229471,9.84504,0.00976585,0.010182,0.100049,0.01,-0.005,0.002,0.0001,-0.0002,0.00015
7,0.337782,0.218901,9.85002,0.0115973,0.00804377,0.102208,0.329513,0.225303,9.84855,0.00987026,0.00989372,0.0999263,0.01,-0.005,0.002,0.0001,-0.0002,0.00015
7.1,0.330354,0.225201,9.84957,0.00954539,0.00959434,0.0994223,0.320899,0.229959,9.84731,0.00960437,0.00963919,0.0998135,0.01,-0.005,0.002,0.0001,-0.0002,0.00015
7.2,0.339443,0.218169,9.84638,0.0123145,0.00895316,0.10173,0.329333,0.223517,9.84472,0.00984092,0.00933138,0.100187,0.01,-0.005,0.002,0.0001,-0.0002,0.00015
7.3,0.343965,0.215052,9.85178,0.00941903,0.009382,0.101782,0.335667,0.219831,9.85147,0.0100389,0.00922894,0.099995,0.01,-0.005,0.002,0.0001,-0.0002,0.00015
7.4,0.347213,0.217078,9.83854,0.011304,0.00765434,0.0994172,0.335719,0.219368,9.83711,0.00997476,0.00913695,0.0998899,0.01,-0.005,0.002,0.0001,-0.0002,0.00015
7.5,0.353272,0.212785,9.84955,0.0103073,0.0076999,0.0989816,0.342973,0.21741,9.84873,0.0100772,0.00851264,0.0999965,0.01,-0.005,0.002,0.0001,-0.0002,0.00015
7.6,0.347248,0.212466,9.85554,0.00899294,0.00780032,0.101015,0.337744,0.217872,9.85347,0.00987613,0.00826777,0.100217,0.01,-0.005,0.002,0.0001,-0.0002,0.00015
7.7,0.358281,0.205865,9.85054,0.010304,0.00985421,0.0991581,0.348009,0.210035,9.84911,0.0101021,0.00797404,0.100024,0.01,-0.005,0.002,0.0001,-0.0002,0.00015
7.8,0.365484,0.209916,9.85189,0.00893355,0.00688234,0.0995663,0.354591,0.21427,9.8505,0.00998311,0.00773915,0.10021,0.01,-0.005,0.002,0.0001,-0.0002,0.00015
7.9,0.375311,0.200894,9.85347,0.009152,0.00668744,0.100339,0.364169,0.206047,9.85141,0.010171,0.00743317,0.10004,0.01,-0.005,0.002,0.0001,-0.0002,0.00015
8,0.367618,0.205234,9.85519,0.0105864,0.00542943,0.0998009,0.35813,0.209272,9.85242,0.0100297,0.0071449,0.100233,0.01,-0.005,0.002,0.0001,-0.0002,0.00015
8.1,0.372618,0.18455,9.84581,0.0104433,0.00624717,0.100434,0.362392,0.190833,9.84437,0.00981538,0.00691992,0.0998297,0.01,-0.005,0.002,0.0001,-0.0002,0.00015
8.2,0.36895,0.207326,9.84645,0.00985959,0.0074196,0.101245,0.359585,0.212498,9.84455,0.0101449,0.00663669,0.0999497,0.01,-0.005,0.002,0.0001,-0.0002,0.00015
8.3,0.370648,0.199053,9.85304,0.0105836,0.00550759,0.0998401,0.358397,0.203564,9.85155,0.0100128,0.00632836,0.100113,0.01,-0.005,0.002,0.0001,-0.0002,0.00015
8.4,0.389255,0.199607,9.85452,0.0107612,0.0065708,0.101104,0.379491,0.204304,9.85242,0.010056,0.00600451,0.100157,0.01,-0.005,0.002,0.0001,-0.0002,0.00015
8.5,0.385622,0.192382,9.85158,0.0106028,0.00665659,0.100356,0.37512,0.197875,9.85025,0.0100633,0.00584903,0.100128,0.01,-0.005,0.002,0.0001,-0.0002,0.00015
8.6,0.387327,0.185314,9.84912,0.0109463,0.00573787,0.0985234,0.377919,0.189441,9.84764,0.00983585,0.00538365,0.100177,0.01,-0.005,0.002,0.0001,-0.0002,0.00015
8.7,0.3995,0.181751,9.85444,0.0101461,0.00543807,0.0988217,0.38973,0.18762,9.85352,0.00967235,0.00523487,0.0998554,0.01,-0.005,0.002,0.0001,-0.0002,0.00015
8.8,0.390301,0.190507,9.85438,0.0110843,0.00560713,0.100311,0.380622,0.196283,9.85264,0.00975037,0.00498275,0.0999444,0.01,-0.005,0.002,0.0001,-0.0002,0.00015
8.9,0.397967,0.180162,9.85259,0.00946986,0.00485445,0.10031,0.388035,0.185705,9.84951,0.00979159,0.00472137,0.0999421,0.01,-0.005,0.002,0.0001,-0.0002,0.00015
9,0.402056,0.179498,9.84663,0.00988551,0.00549638,0.0988469,0.392792,0.184709,9.84597,0.0099241,0.00457457,0.100156,0.01,-0.005,0.002,0.0001,-0.0002,0.00015
9.1,0.396349,0.175013,9.85767,0.00981051,0.00396852,0.101038,0.386974,0.179114,9.85551,0.00978988,0.00405969,0.0999853,0.01,-0.005,0.002,0.0001,-0.0002,0.00015
9.2,0.397046,0.176293,9.85302,0.011033,0.00231455,0.101083,0.387488,0.180299,9.85189,0.00968733,0.00377998,0.099981,0.01,-0.005,0.002,0.0001,-0.0002,0.00015
9.3,0.408976,0.169682,9.85118,0.00989618,0.0037679,0.100349,0.397024,0.175175,9.84849,0.00950214,0.00342017,0.099962,0.01,-0.005,0.002,0.0001,-0.0002,0.00015
9.4,0.42108,0.166519,9.85711,0.00974639,0.00409377,0.101642,0.410026,0.172756,9.85556,0.00947904,0.00331701,0.1001,0.01,-0.005,0.002,0.0001,-0.0002,0.00015
9.5,0.415522,0.167752,9.86865,0.0093162,0.00224122,0.101938,0.404336,0.172869,9.86647,0.00940262,0.00284524,0.0999976,0.01,-0.005,0.002,0.0001,-0.0002,0.00015
9.6,0.425458,0.160215,9.85151,0.0103391,0.00376025,0.1004,0.415001,0.164325,9.85046,0.00943638,0.00263202,0.100138,0.01,-0.005,0.002,0.0001,-0.0002,0.00015
9.7,0.431162,0.17263,9.8604,0.0108375,0.00323494,0.09995,0.421077,0.179671,9.85831,0.00927381,0.0023904,0.10002,0.01,-0.005,0.002,0.0001,-0.0002,0.00015
9.8,0.431594,0.156146,9.86045,0.00923123,0.00308664,0.100947,0.421916,0.160829,9.85844,0.00921375,0.00204475,0.100006,0.01,-0.005,0.002,0.0001,-0.0002,0.00015
9.9,0.422117,0.162518,9.85816,0.00915881,0.00135084,0.102075,0.413158,0.166765,9.85761,0.00929196,0.00173817,0.100068,0.01,-0.005,0.002,0.0001,-0.0002,0.00015
10,0.433215,0.158298,9.85609,0.00835953,0.00250164,0.100318,0.42449,0.16282,9.85459,0.00929486,0.00157779,0.0999305,0.01,-0.005,0.002,0.0001,-0.0002,0.00015
10.1,0.438529,0.14296,9.85441,0.0082205,0.00152862,0.100426,0.427415,0.14747,9.85268,0.00906906,0.000981949,0.100096,0.01,-0.005,0.002,0.0001,-0.0002,0.00015
10.2,0.43868,0.148046,9.87202,0.00979101,0.00130609,0.0996617,0.427667,0.151137,9.86997,0.00891775,0.000810089,0.0998512,0.01,-0.005,0.002,0.0001,-0.0002,0.00015
10.3,0.439462,0.149826,9.86183,0.00774765,-0.000374864,0.100707,0.428816,0.154099,9.85958,0.0088168,0.000676331,0.0998599,0.01,-0.005,0.002,0.0001,-0.0002,0.00015
10.4,0.447529,0.143583,9.86573,0.00794337,0.000238747,0.100187,0.436928,0.149275,9.86415,0.00873224,0.000112676,0.100035,0.01,-0.005,0.002,0.0001,-0.0002,0.00015
10.5,0.435729,0.146146,9.86197,0.00900633,0.000553352,0.100645,0.425835,0.151988,9.85995,0.00878943,4.38227e-05,0.0997904,0.01,-0.005,0.002,0.0001,-0.0002,0.00015
10.6,0.444975,0.147381,9.86376,0.00750508,-0.00227191,0.0999185,0.436428,0.153948,9.8617,0.0085608,-0.000379151,0.100057,0.01,-0.005,0.002,0.0001,-0.0002,0.00015
10.7,0.44341,0.135607,9.86136,0.00882609,-0.00243211,0.099461,0.433268,0.14071,9.86081,0.00827242,-0.000721525,0.100052,0.01,-0.005,0.002,0.0001,-0.0002,0.00015
10.8,0.451991,0.133926,9.86493,0.0079668,-0.00237097,0.0999353,0.441657,0.13798,9.86261,0.00817325,-0.00104432,0.0999057,0.01,-0.005,0.002,0.0001,-0.0002,0.00015
10.9,0.45659,0.123554,9.86382,0.00837245,-0.00148948,0.100097,0.446698,0.12931,9.86161,0.00819502,-0.00130927,0.099853,0.01,-0.005,0.002,0.0001,-0.0002,0.00015
11,0.455199,0.135762,9.86387,0.00932298,-0.00265847,0.100563,0.444288,0.140587,9.86103,0.00818423,-0.00145367,0.100159,0.01,-0.005,0.002,0.0001,-0.0002,0.00015
11.1,0.469026,0.125961,9.86647,0.00892022,-0.0024544,0.100615,0.459764,0.130613,9.86389,0.00792622,-0.00200334,0.100017,0.01,-0.005,0.002,0.0001,-0.0002,0.00015
11.2,0.461731,0.123786,9.86621,0.0095119,-0.00272996,0.10059,0.453034,0.129253,9.86505,0.00803532,-0.00217895,0.0999649,0.01,-0.005,0.002,0.0001,-0.0002,0.00015
11.3,0.474444,0.12069,9.86933,0.00823493,-0.00290956,0.102416,0.464357,0.126008,9.86579,0.00764205,-0.00259598,0.100231,0.01,-0.005,0.002,0.0001,-0.0002,0.00015
11.4,0.465069,0.116964,9.86602,0.00885919,-0.00242157,0.100252,0.457421,0.121851,9.86392,0.00738846,-0.00278609,0.100073,0.01,-0.005,0.002,0.0001,-0.0002,0.00015
11.5,0.467445,0.107545,9.86768,0.00765273,-0.00278537,0.0987375,0.457182,0.114806,9.86411,0.00732984,-0.00304509,0.100051,0.01,-0.005,0.002,0.0001,-0.0002,0.00015
11.6,0.470548,0.107332,9.86858,0.0066218,-0.0021783,0.101755,0.460791,0.11284,9.86613,0.00731376,-0.00315006,0.0998643,0.01,-0.005,0.002,0.0001,-0.0002,0.00015
11.7,0.471898,0.103302,9.86669,0.00560824,-0.00444828,0.100655,0.461672,0.108922,9.86503,0.00715162,-0.00377778,0.100155,0.01,-0.005,0.002,0.0001,-0.0002,0.00015
11.8,0.480124,0.11598,9.87171,0.0081753,-0.00220984,0.0985248,0.470192,0.120175,9.87062,0.0069001,-0.00399541,0.0998525,0.01,-0.005,0.002,0.0001,-0.0002,0.00015
11.9,0.4742,0.0993936,9.85679,0.00561029,-0.0039571,0.100431,0.463336,0.104829,9.85395,0.00714304,-0.00426248,0.100013,0.01,-0.005,0.002,0.0001,-0.0002,0.00015
12,0.483845,0.104465,9.86917,0.00783558,-0.00610792,0.0972886,0.476015,0.109929,9.86555,0.006849,-0.00449743,0.100007,0.01,-0.005,0.002,0.0001,-0.0002,0.00015
12.1,0.473277,0.104993,9.85792,0.00669089,-0.00642174,0.100882,0.462362,0.109403,9.85682,0.00676685,-0.0049121,0.0999629,0.01,-0.005,0.002,0.0001,-0.0002,0.00015
12.2,0.476111,0.0906359,9.87309,0.0073728,-0.00445538,0.100783,0.467285,0.0970291,9.86802,0.0063636,-0.00497979,0.100056,0.01,-0.005,0.002,0.0001,-0.0002,0.00015
12.3,0.487317,0.0906589,9.86692,0.00609617,-0.00521878,0.0997517,0.476682,0.0960484,9.86497,0.00622657,-0.00532654,0.100177,0.01,-0.005,0.002,0.0001,-0.0002,0.00015
12.4,0.484689,0.0863421,9.87013,0.00622251,-0.00630927,0.100706,0.474357,0.0911242,9.86818,0.0060591,-0.00581014,0.100026,0.01,-0.005,0.002,0.0001,-0.0002,0.00015
12.5,0.479877,0.0863722,9.87181,0.00701935,-0.00500496,0.100649,0.470499,0.0920544,9.86879,0.0061275,-0.00587338,0.0999474,0.01,-0.005,0.002,0.0001,-0.0002,0.00015
12.6,0.494815,0.0831452,9.87611,0.00537398,-0.00663674,0.0989958,0.484462,0.087928,9.87341,0.00582747,-0.00627809,0.0999689,0.01,-0.005,0.002,0.0001,-0.0002,0.00015
12.7,0.483255,0.0842314,9.8723,0.00486874,-0.00706411,0.100097,0.472596,0.0900943,9.87175,0.00567956,-0.00640232,0.099861,0.01,-0.005,0.002,0.0001,-0.0002,0.00015
12.8,0.488993,0.0785005,9.86783,0.00363947,-0.00532625,0.0983925,0.480359,0.0819166,9.86683,0.00530582,-0.00672823,0.0998878,0.01,-0.005,0.002,0.0001,-0.0002,0.00015
12.9,0.490152,0.0733403,9.86956,0.00530343,-0.00616936,0.100379,0.478938,0.0793315,9.86784,0.00527409,-0.00710429,0.100103,0.01,-0.005,0.002,0.0001,-0.0002,0.00015
13,0.489587,0.0701383,9.87673,0.00479171,-0.00843386,0.100039,0.480859,0.0752026,9.87449,0.00536612,-0.00737527,0.0999693,0.01,-0.005,0.002,0.0001,-0.0002,0.00015
13.1,0.48644,0.0664093,9.87576,0.00559059,-0.00880982,0.100554,0.476222,0.0715748,9.87397,0.00477794,-0.00773919,0.100079,0.01,-0.005,0.002,0.0001,-0.0002,0.00015
13.2,0.489776,0.0738679,9.87642,0.0031016,-0.00854391,0.100589,0.479837,0.0789454,9.87442,0.00485936,-0.00797543,0.100059,0.01,-0.005,0.002,0.0001,-0.0002,0.00015
13.3,0.490391,0.0588677,9.86978,0.00645376,-0.00941925,0.101567,0.479638,0.0664947,9.86735,0.00466721,-0.0082028,0.10007,0.01,-0.005,0.002,0.0001,-0.0002,0.00015
13.4,0.50496,0.0657613,9.87045,0.00409645,-0.00931111,0.0990364,0.495812,0.0713478,9.86955,0.00448923,-0.00846145,0.0999523,0.01,-0.005,0.002,0.0001,-0.0002,0.00015
13.5,0.512458,0.0546471,9.87024,0.00450084,-0.00922958,0.0996263,0.502195,0.0599569,9.86829,0.00452348,-0.00878345,0.0999468,0.01,-0.005,0.002,0.0001,-0.0002,0.00015
13.6,0.501024,0.0530046,9.87559,0.00419001,-0.00910909,0.0992206,0.492291,0.0577445,9.87278,0.0040351,-0.00900435,0.0999602,0.01,-0.005,0.002,0.0001,-0.0002,0.00015
13.7,0.497432,0.053228,9.87599,0.00505634,-0.0076386,0.10123,0.4878,0.0605091,9.87579,0.00406392,-0.00940622,0.10003,0.01,-0.005,0.002,0.0001,-0.0002,0.00015
13.8,0.497432,0.0412099,9.87714,0.0050107,-0.00789687,0.10001,0.489587,0.0490322,9.87353,0.00378994,-0.00950139,0.100108,0.01,-0.005,0.002,0.0001,-0.0002,0.00015
13.9,0.498706,0.0415224,9.88305,0.00497083,-0.0106175,0.0993938,0.488573,0.0481908,9.8826,0.00369165,-0.00976938,0.0999216,0.01,-0.005,0.002,0.0001,-0.0002,0.00015
14,0.495382,0.0367047,9.86878,0.00288787,-0.011174,0.101033,0.486674,0.0425634,9.86787,0.0033289,-0.0102797,0.100176,0.01,-0.005,0.002,0.0001,-0.0002,0.00015
14.1,0.505604,0.0308671,9.88025,0.00275206,-0.0108163,0.100854,0.495585,0.0359298,9.87904,0.00301192,-0.0104319,0.10008,0.01,-0.005,0.002,0.0001,-0.0002,0.00015
14.2,0.508926,0.0454008,9.88155,0.00313003,-0.0112776,0.101225,0.497787,0.0492973,9.88101,0.00296143,-0.0103933,0.100142,0.01,-0.005,0.002,0.0001,-0.0002,0.00015
14.3,0.505249,0.0409576,9.86977,0.0036421,-0.00961743,0.0983859,0.496759,0.0464196,9.8688,0.002771,-0.0110674,0.100014,0.01,-0.005,0.002,0.0001,-0.0002,0.00015
14.4,0.517365,0.0303495,9.88225,0.00328457,-0.0111261,0.0992111,0.505583,0.0362207,9.87861,0.00269857,-0.0112019,0.0999925,0.01,-0.005,0.002,0.0001,-0.0002,0.00015
14.5,0.50559,0.0268731,9.87646,0.00164143,-0.0133236,0.100054,0.496122,0.0331072,9.87286,0.00234928,-0.0115416,0.0999893,0.01,-0.005,0.002,0.0001,-0.0002,0.00015
14.6,0.512091,0.0273425,9.8801,0.00211418,-0.0121522,0.100324,0.502192,0.0323563,9.87711,0.00221184,-0.0116097,0.0998751,0.01,-0.005,0.002,0.0001,-0.0002,0.00015
14.7,0.503968,0.0135603,9.87576,0.00441019,-0.0116061,0.0989235,0.494756,0.0192999,9.87307,0.00199862,-0.0118771,0.0997675,0.01,-0.005,0.002,0.0001,-0.0002,0.00015
14.8,0.512357,0.0165656,9.8776,0.00232284,-0.0137867,0.101284,0.502864,0.024332,9.87571,0.00193183,-0.0120239,0.100176,0.01,-0.005,0.002,0.0001,-0.0002,0.00015
14.9,0.510372,0.0180372,9.87968,0.00334154,-0.0130891,0.0998633,0.499835,0.0221593,9.87922,0.00176339,-0.0120849,0.0998322,0.01,-0.005,0.002,0.0001,-0.0002,0.00015
15,0.505854,0.0184656,9.88189,0.00142066,-0.0140338,0.100527,0.496752,0.0224544,9.87878,0.00142894,-0.0126354,0.100012,0.01,-0.005,0.002,0.0001,-0.0002,0.00015
15.1,0.516051,0.0136911,9.88345,0.00142503,-0.0146037,0.0988874,0.505335,0.0180786,9.88205,0.00112561,-0.0129947,0.0999748,0.01,-0.005,0.002,0.0001,-0.0002,0.00015
15.2,0.504421,0.00495794,9.88994,-0.00179073,-0.013025,0.10055,0.494427,0.00948555,9.88833,0.00109894,-0.012947,0.100029,0.01,-0.005,0.002,0.0001,-0.0002,0.00015
15.3,0.507941,-0.00576389,9.87959,-1.47472e-05,-0.0126599,0.100617,0.498889,-0.000273146,9.87776,0.000865305,-0.0134809,0.0999961,0.01,-0.005,0.002,0.0001,-0.0002,0.00015
15.4,0.512127,0.00305515,9.88428,0.000162276,-0.0136347,0.10006,0.500545,0.00961196,9.88217,0.000614373,-0.0135149,0.0998752,0.01,-0.005,0.002,0.0001,-0.0002,0.00015
15.5,0.516447,-0.00193542,9.88851,0.000365338,-0.013516,0.100662,0.508101,0.00149435,9.88781,0.000616861,-0.0136179,0.100047,0.01,-0.005,0.002,0.0001,-0.0002,0.00015
15.6,0.518464,-0.00357914,9.884,0.000920945,-0.0154542,0.100362,0.507665,-0.000828487,9.88237,0.000320985,-0.013947,0.100056,0.01,-0.005,0.002,0.0001,-0.0002,0.00015
15.7,0.498372,-0.000557967,9.88103,0.00191364,-0.0137851,0.100639,0.488795,0.0038991,9.8799,-7.82816e-05,-0.0141798,0.0999332,0.01,-0.005,0.002,0.0001,-0.0002,0.00015
15.8,0.510871,-0.00631918,9.89175,-0.00065931,-0.0142179,0.0997302,0.500579,-0.0016821,9.89002,-0.000196122,-0.0142254,0.0997306,0.01,-0.005,0.002,0.0001,-0.0002,0.00015
15.9,0.514025,-0.0204458,9.87818,0.000876546,-0.0136989,0.0998944,0.504046,-0.01531,9.8755,-0.000298821,-0.0145833,0.100061,0.01,-0.005,0.002,0.0001,-0.0002,0.00015
16,0.509421,-0.0101629,9.87823,0.000601341,-0.0151202,0.101862,0.499308,-0.0053164,9.87553,-0.000508379,-0.0147563,0.10015,0.01,-0.005,0.002,0.0001,-0.0002,0.00015
16.1,0.509212,-0.0147362,9.88608,0.000778386,-0.0152201,0.100096,0.499704,-0.00766037,9.88644,-0.00081381,-0.0147527,0.0999359,0.01,-0.005,0.002,0.0001,-0.0002,0.00015
16.2,0.50659,-0.0307062,9.88807,-0.00110873,-0.0172885,0.101332,0.496813,-0.0255623,9.88574,-0.000962941,-0.0152689,0.100029,0.01,-0.005,0.002,0.0001,-0.0002,0.00015
16.3,0.504242,-0.0214474,9.88165,-0.000420212,-0.0155008,0.0997466,0.493679,-0.0162651,9.8793,-0.00102264,-0.0153816,0.0999754,0.01,-0.005,0.002,0.0001,-0.0002,0.00015
16.4,0.505624,-0.0330939,9.88818,-0.000331469,-0.0147174,0.10085,0.49782,-0.0275388,9.88608,-0.00124202,-0.015576,0.10003,0.01,-0.005,0.002,0.0001,-0.0002,0.00015
16.5,0.509407,-0.0211502,9.88096,-0.00221203,-0.0158963,0.0999435,0.500607,-0.0157668,9.87933,-0.00159856,-0.0157874,0.100026,0.01,-0.005,0.002,0.0001,-0.0002,0.00015
16.6,0.510528,-0.0270532,9.89015,-0.001061,-0.0151148,0.100922,0.499821,-0.0226584,9.88902,-0.00186484,-0.0159671,0.099924,0.01,-0.005,0.002,0.0001,-0.0002,0.00015
16.7,0.510076,-0.0390442,9.88115,-0.00303015,-0.0162449,0.100929,0.501103,-0.0353151,9.87859,-0.0019578,-0.016187,0.0999675,0.01,-0.005,0.002,0.0001,-0.0002,0.00015
16.8,0.50028,-0.0443851,9.88828,-0.0017859,-0.017165,0.0998094,0.489081,-0.0390849,9.88673,-0.00224319,-0.0163219,0.0999583,0.01,-0.005,0.002,0.0001,-0.0002,0.00015
16.9,0.492631,-0.0469855,9.88734,-0.00206747,-0.0162922,0.100356,0.483457,-0.0425037,9.88671,-0.00252384,-0.0164492,0.0999934,0.01,-0.005,0.002,0.0001,-0.0002,0.00015
17,0.506902,-0.0448664,9.88177,-0.00423885,-0.0161728,0.100915,0.497814,-0.041351,9.87969,-0.00254331,-0.0166458,0.0999882,0.01,-0.005,0.002,0.0001,-0.0002,0.00015
17.1,0.505222,-0.0479537,9.88819,-0.00234383,-0.0162299,0.100548,0.494109,-0.0422087,9.88864,-0.0028832,-0.0165012,0.0999086,0.01,-0.005,0.002,0.0001,-0.0002,0.00015
17.2,0.513743,-0.0468589,9.87962,-0.00291305,-0.0169152,0.101163,0.503134,-0.040439,9.87777,-0.00289677,-0.0169252,0.099979,0.01,-0.005,0.002,0.0001,-0.0002,0.00015
17.3,0.505863,-0.052815,9.87992,-0.00133961,-0.0142317,0.100181,0.496879,-0.0484207,9.87736,-0.00306325,-0.0172113,0.099845,0.01,-0.005,0.002,0.0001,-0.0002,0.00015
17.4,0.500724,-0.0545129,9.88591,-0.00341748,-0.0178106,0.100009,0.489771,-0.0487747,9.88406,-0.00342068,-0.0171932,0.10003,0.01,-0.005,0.002,0.0001,-0.0002,0.00015
17.5,0.514856,-0.0668228,9.88873,-0.00201682,-0.0172172,0.101534,0.504555,-0.0624574,9.88693,-0.00346828,-0.0176112,0.100116,0.01,-0.005,0.002,0.0001,-0.0002,0.00015
17.6,0.500108,-0.0532413,9.88947,-0.00363884,-0.0160765,0.100431,0.490417,-0.0484238,9.8882,-0.0037441,-0.0175196,0.0999895,0.01,-0.005,0.002,0.0001,-0.0002,0.00015
17.7,0.51067,-0.069519,9.8933,-0.00295983,-0.018474,0.100544,0.501104,-0.064724,9.89177,-0.00365546,-0.0175776,0.09994,0.01,-0.005,0.002,0.0001,-0.0002,0.00015
17.8,0.493735,-0.0770142,9.8889,-0.00296002,-0.0201851,0.0989928,0.484477,-0.0703192,9.88771,-0.00411587,-0.0177606,0.100119,0.01,-0.005,0.002,0.0001,-0.0002,0.00015
17.9,0.502605,-0.0797819,9.88322,-0.00433015,-0.0178871,0.100412,0.491284,-0.074073,9.88181,-0.00427002,-0.0180925,0.100069,0.01,-0.005,0.002,0.0001,-0.0002,0.00015
18,0.488702,-0.0815781,9.88961,-0.00390453,-0.0174306,0.099621,0.478543,-0.0751134,9.88821,-0.00462358,-0.0179306,0.100103,0.01,-0.005,0.002,0.0001,-0.0002,0.00015
18.1,0.491255,-0.0681558,9.8931,-0.0041199,-0.0192379,0.0993158,0.48045,-0.0628979,9.89196,-0.00445025,-0.0183729,0.0999013,0.01,-0.005,0.002,0.0001,-0.0002,0.00015
18.2,0.490079,-0.0817614,9.89238,-0.00333721,-0.0183593,0.0999374,0.479259,-0.0772225,9.88956,-0.00464297,-0.0183449,0.100004,0.01,-0.005,0.002,0.0001,-0.0002,0.00015
18.3,0.501081,-0.0813463,9.88809,-0.003753,-0.0192141,0.101518,0.490978,-0.0769919,9.88665,-0.00497633,-0.0184752,0.100011,0.01,-0.005,0.002,0.0001,-0.0002,0.00015
18.4,0.500235,-0.0842522,9.88726,-0.00635498,-0.0186577,0.0997311,0.489636,-0.0803128,9.88471,-0.00517055,-0.0188466,0.100094,0.01,-0.005,0.002,0.0001,-0.0002,0.00015
18.5,0.490572,-0.0764412,9.89081,-0.00620255,-0.0173611,0.0992765,0.479332,-0.0730335,9.88961,-0.00519653,-0.0188353,0.100153,0.01,-0.005,0.002,0.0001,-0.0002,0.00015
18.6,0.495003,-0.0995737,9.89881,-0.00519025,-0.0186749,0.10172,0.485281,-0.0949832,9.8983,-0.00548685,-0.018875,0.0999626,0.01,-0.005,0.002,0.0001,-0.0002,0.00015
18.7,0.495334,-0.0898242,9.89691,-0.00426396,-0.0176128,0.100009,0.485364,-0.0850703,9.89398,-0.00554614,-0.0188516,0.0998326,0.01,-0.005,0.002,0.0001,-0.0002,0.00015
18.8,0.478331,-0.101922,9.89893,-0.00799835,-0.0191964,0.100763,0.468638,-0.0947112,9.89721,-0.00572264,-0.0191219,0.100137,0.01,-0.005,0.002,0.0001,-0.0002,0.00015
18.9,0.491545,-0.100209,9.89084,-0.00531622,-0.0195499,0.0987755,0.481134,-0.0955847,9.88774,-0.00598232,-0.0190834,0.099874,0.01,-0.005,0.002,0.0001,-0.0002,0.00015
19,0.473959,-0.106917,9.89823,-0.00460627,-0.0199047,0.100272,0.465296,-0.101459,9.89708,-0.00621808,-0.0192156,0.0999762,0.01,-0.005,0.002,0.0001,-0.0002,0.00015
19.1,0.48335,-0.10239,9.88261,-0.00675754,-0.0188275,0.0984577,0.474611,-0.0977009,9.87991,-0.00634468,-0.0190522,0.0998196,0.01,-0.005,0.002,0.0001,-0.0002,0.00015
19.2,0.476598,-0.115632,9.88764,-0.00717004,-0.0201384,0.097896,0.467178,-0.108559,9.88579,-0.00640199,-0.0193618,0.0999989,0.01,-0.005,0.002,0.0001,-0.0002,0.00015
19.3,0.479738,-0.110116,9.90166,-0.00756618,-0.0203187,0.100637,0.469856,-0.104657,9.89876,-0.00674063,-0.0196111,0.0998549,0.01,-0.005,0.002,0.0001,-0.0002,0.00015
19.4,0.476209,-0.114577,9.89525,-0.006256,-0.0224554,0.100344,0.467178,-0.110499,9.89278,-0.00672055,-0.0196129,0.0999228,0.01,-0.005,0.002,0.0001,-0.0002,0.00015
19.5,0.478271,-0.110643,9.89782,-0.00514259,-0.01854,0.100891,0.467879,-0.107176,9.89689,-0.00685458,-0.0195819,0.100057,0.01,-0.005,0.002,0.0001,-0.0002,0.00015
19.6,0.467036,-0.123524,9.88272,-0.00591504,-0.0187498,0.10077,0.457072,-0.116338,9.87982,-0.00690282,-0.0195601,0.0999307,0.01,-0.005,0.002,0.0001,-0.0002,0.00015
19.7,0.474183,-0.117674,9.89208,-0.00670623,-0.0202721,0.0992781,0.464329,-0.111704,9.89174,-0.00720112,-0.0196716,0.100215,0.01,-0.005,0.002,0.0001,-0.0002,0.00015
19.8,0.47119,-0.119218,9.88806,-0.00798748,-0.0201688,0.099649,0.461582,-0.114145,9.88751,-0.00748028,-0.0197767,0.100228,0.01,-0.005,0.002,0.0001,-0.0002,0.00015
19.9,0.455137,-0.116024,9.89637,-0.00807144,-0.0208029,0.10195,0.446385,-0.111215,9.89482,-0.00738919,-0.0197733,0.100044,0.01,-0.005,0.002,0.0001,-0.0002,0.00015
20,0.46757,-0.129519,9.89815,-0.00742068,-0.0218034,0.099254,0.457916,-0.124587,9.89498,-0.00761992,-0.0199483,0.0998545,0.01,-0.005,0.002,0.0001,-0.0002,0.00015
20.1,0.455507,-0.146779,9.89773,-0.00704222,-0.0201644,0.101997,0.446101,-0.141633,9.89717,-0.00769113,-0.0199135,0.100026,0.01,-0.005,0.002,0.0001,-0.0002,0.00015
20.2,0.463318,-0.135241,9.89163,-0.00759106,-0.0200635,0.102175,0.454348,-0.130597,9.89085,-0.00780044,-0.0197821,0.100044,0.01,-0.005,0.002,0.0001,-0.0002,0.00015
20.3,0.4519,-0.145021,9.89258,-0.00704904,-0.0210884,0.100925,0.442541,-0.141495,9.89138,-0.00792547,-0.0199524,0.100033,0.01,-0.005,0.002,0.0001,-0.0002,0.00015
20.4,0.461443,-0.151114,9.9069,-0.00628207,-0.0198538,0.0995917,0.450657,-0.145243,9.90536,-0.00805391,-0.0199209,0.100035,0.01,-0.005,0.002,0.0001,-0.0002,0.00015
20.5,0.459047,-0.144016,9.89407,-0.00860927,-0.0200327,0.100837,0.448672,-0.137968,9.89184,-0.00818862,-0.0200415,0.100073,0.01,-0.005,0.002,0.0001,-0.0002,0.00015
20.6,0.456435,-0.148534,9.89398,-0.00930882,-0.0209054,0.0998016,0.447178,-0.143494,9.89252,-0.00851482,-0.0200441,0.100076,0.01,-0.005,0.002,0.0001,-0.0002,0.00015
20.7,0.448985,-0.153768,9.89923,-0.00882837,-0.0209276,0.0999818,0.439602,-0.148002,9.89587,-0.00829557,-0.0199867,0.100103,0.01,-0.005,0.002,0.0001,-0.0002,0.00015
20.8,0.448558,-0.147593,9.90304,-0.0090123,-0.0200048,0.102355,0.438356,-0.141136,9.90165,-0.00847951,-0.0200336,0.0999574,0.01,-0.005,0.002,0.0001,-0.0002,0.00015
20.9,0.448484,-0.163023,9.89721,-0.00941252,-0.0203301,0.101697,0.43818,-0.157153,9.8936,-0.00856837,-0.0199455,0.0997871,0.01,-0.005,0.002,0.0001,-0.0002,0.00015
21,0.436269,-0.155469,9.89568,-0.00930067,-0.0189089,0.100299,0.425548,-0.152852,9.89411,-0.00870263,-0.0199134,0.0998797,0.01,-0.005,0.002,0.0001,-0.0002,0.00015
21.1,0.443051,-0.160333,9.903,-0.00900108,-0.0196709,0.100594,0.433904,-0.155901,9.90281,-0.00874556,-0.0198263,0.100121,0.01,-0.005,0.002,0.0001,-0.0002,0.00015
21.2,0.430159,-0.172442,9.90254,-0.00834878,-0.0205629,0.100356,0.41994,-0.167558,9.90157,-0.00893182,-0.0201657,0.100125,0.01,-0.005,0.002,0.0001,-0.0002,0.00015
21.3,0.436958,-0.161604,9.90724,-0.00813078,-0.0216454,0.0994753,0.42639,-0.157186,9.90375,-0.00891029,-0.0199407,0.100023,0.01,-0.005,0.002,0.0001,-0.0002,0.00015
21.4,0.427535,-0.160802,9.89764,-0.0092379,-0.0202909,0.0995368,0.418272,-0.154815,9.89291,-0.00912344,-0.0199841,0.100112,0.01,-0.005,0.002,0.0001,-0.0002,0.00015
21.5,0.431411,-0.170423,9.89666,-0.0091305,-0.0192438,0.0989224,0.420328,-0.163612,9.8955,-0.00894938,-0.01984,0.100044,0.01,-0.005,0.002,0.0001,-0.0002,0.00015
21.6,0.428546,-0.177743,9.90323,-0.00869041,-0.0210695,0.101602,0.419186,-0.174271,9.90142,-0.00929224,-0.0198417,0.100081,0.01,-0.005,0.002,0.0001,-0.0002,0.00015
21.7,0.420463,-0.182204,9.90626,-0.00874755,-0.0192281,0.100701,0.410473,-0.176328,9.90469,-0.00942978,-0.0199879,0.100185,0.01,-0.005,0.002,0.0001,-0.0002,0.00015
21.8,0.416055,-0.180256,9.90764,-0.0105454,-0.0198273,0.100792,0.406848,-0.175346,9.90474,-0.00954569,-0.0198979,0.100018,0.01,-0.005,0.002,0.0001,-0.0002,0.00015
21.9,0.415384,-0.177778,9.89972,-0.00969323,-0.0217702,0.100042,0.403259,-0.171272,9.89773,-0.00938588,-0.0198985,0.0999121,0.01,-0.005,0.002,0.0001,-0.0002,0.00015
22,0.423501,-0.182751,9.89758,-0.011871,-0.0204659,0.0987983,0.413671,-0.178041,9.8971,-0.00955953,-0.0197425,0.099918,0.01,-0.005,0.002,0.0001,-0.0002,0.00015
22.1,0.412468,-0.187951,9.89712,-0.00913546,-0.0206781,0.100192,0.402806,-0.183238,9.89421,-0.00951763,-0.0197502,0.0999621,0.01,-0.005,0.002,0.0001,-0.0002,0.00015
22.2,0.405656,-0.194765,9.89673,-0.0100339,-0.0210555,0.100656,0.39547,-0.189143,9.89361,-0.00961413,-0.0194926,0.0998201,0.01,-0.005,0.002,0.0001,-0.0002,0.00015
22.3,0.395026,-0.184966,9.90416,-0.00869351,-0.0201027,0.0993074,0.385082,-0.181304,9.90139,-0.00964359,-0.0195251,0.0998438,0.01,-0.005,0.002,0.0001,-0.0002,0.00015
22.4,0.402252,-0.1912,9.89786,-0.0108393,-0.0200236,0.0991056,0.390154,-0.185606,9.89498,-0.00962784,-0.0196386,0.099886,0.01,-0.005,0.002,0.0001,-0.0002,0.00015
22.5,0.402838,-0.200219,9.89905,-0.00824984,-0.0207475,0.101644,0.393085,-0.193907,9.89804,-0.00977835,-0.0194236,0.100043,0.01,-0.005,0.002,0.0001,-0.0002,0.00015
22.6,0.401236,-0.197803,9.90316,-0.0107924,-0.0203828,0.100328,0.391489,-0.192211,9.90172,-0.00985812,-0.0193911,0.0999928,0.01,-0.005,0.002,0.0001,-0.0002,0.00015
22.7,0.394003,-0.201256,9.90374,-0.00835378,-0.0177356,0.0984935,0.384395,-0.198264,9.90234,-0.009876,-0.0193597,0.0998347,0.01,-0.005,0.002,0.0001,-0.0002,0.00015
22.8,0.387489,-0.212453,9.90495,-0.0107187,-0.0197989,0.100698,0.379197,-0.206849,9.90285,-0.00992964,-0.0193106,0.100059,0.01,-0.005,0.002,0.0001,-0.0002,0.00015
22.9,0.386014,-0.206062,9.90391,-0.011196,-0.0202916,0.100245,0.375653,-0.202215,9.90179,-0.00991963,-0.0191777,0.100079,0.01,-0.005,0.002,0.0001,-0.0002,0.00015
23,0.38338,-0.209225,9.90794,-0.0100471,-0.0192122,0.101491,0.372882,-0.202757,9.90544,-0.00994208,-0.0191452,0.100118,0.01,-0.005,0.002,0.0001,-0.0002,0.00015
23.1,0.386798,-0.20318,9.91049,-0.00987915,-0.0185569,0.0995622,0.377575,-0.197832,9.90666,-0.00983915,-0.0189718,0.0999561,0.01,-0.005,0.002,0.0001,-0.0002,0.00015
23.2,0.383767,-0.210312,9.89829,-0.00898667,-0.0200353,0.101244,0.374892,-0.205251,9.89484,-0.00993743,-0.0187833,0.10013,0.01,-0.005,0.002,0.0001,-0.0002,0.00015
23.3,0.367577,-0.208969,9.9058,-0.0100346,-0.0177973,0.100067,0.357027,-0.202178,9.90325,-0.00978992,-0.0185823,0.100028,0.01,-0.005,0.002,0.0001,-0.0002,0.00015
23.4,0.365434,-0.21148,9.90517,-0.0104422,-0.0191873,0.100317,0.355381,-0.206406,9.90191,-0.0100983,-0.0187862,0.0998701,0.01,-0.005,0.002,0.0001,-0.0002,0.00015
23.5,0.363103,-0.217837,9.91357,-0.00956729,-0.0186854,0.100256,0.351148,-0.213941,9.91192,-0.00993136,-0.0185362,0.100029,0.01,-0.005,0.002,0.0001,-0.0002,0.00015
23.6,0.368693,-0.227318,9.90639,-0.00941308,-0.017196,0.100637,0.357761,-0.22265,9.90548,-0.00993039,-0.0181908,0.0999937,0.01,-0.005,0.002,0.0001,-0.0002,0.00015
23.7,0.354643,-0.229073,9.90854,-0.0105688,-0.0183924,0.101582,0.343376,-0.222594,9.90522,-0.0100343,-0.0182618,0.100167,0.01,-0.005,0.002,0.0001,-0.0002,0.00015
23.8,0.355534,-0.218535,9.90586,-0.0100628,-0.0190728,0.0993422,0.344836,-0.213723,9.90399,-0.0098683,-0.0182477,0.0999958,0.01,-0.005,0.002,0.0001,-0.0002,0.00015
23.9,0.346901,-0.226423,9.91151,-0.0111455,-0.0192478,0.1005,0.336613,-0.220867,9.91142,-0.00989013,-0.018124,0.100111,0.01,-0.005,0.002,0.0001,-0.0002,0.00015
24,0.347442,-0.227606,9.904,-0.00935552,-0.0190181,0.100068,0.336698,-0.222012,9.90287,-0.0099365,-0.0179893,0.10001,0.01,-0.005,0.002,0.0001,-0.0002,0.00015
24.1,0.34922,-0.231625,9.9113,-0.00888074,-0.0193662,0.0987835,0.338547,-0.226955,9.90913,-0.00982534,-0.017811,0.100041,0.01,-0.005,0.002,0.0001,-0.0002,0.00015
24.2,0.34475,-0.236807,9.89927,-0.00970125,-0.0188209,0.10063,0.335911,-0.233051,9.89598,-0.00990586,-0.0176883,0.100087,0.01,-0.005,0.002,0.0001,-0.0002,0.00015
24.3,0.343055,-0.240364,9.90325,-0.00836167,-0.017455,0.101338,0.332889,-0.234106,9.90461,-0.00988927,-0.0176875,0.0999262,0.01,-0.005,0.002,0.0001,-0.0002,0.00015
24.4,0.331617,-0.236056,9.90004,-0.0103451,-0.0169782,0.100941,0.322223,-0.229388,9.89861,-0.00990042,-0.0173772,0.0996481,0.01,-0.005,0.002,0.0001,-0.0002,0.00015
24.5,0.335312,-0.241436,9.90341,-0.00864737,-0.017375,0.10102,0.324345,-0.237727,9.90232,-0.00982635,-0.0173115,0.0999854,0.01,-0.005,0.002,0.0001,-0.0002,0.00015
24.6,0.328912,-0.238463,9.90511,-0.0105979,-0.0168853,0.0995203,0.320497,-0.234903,9.90225,-0.00984441,-0.0170395,0.0999371,0.01,-0.005,0.002,0.0001,-0.0002,0.00015
24.7,0.321031,-0.236871,9.90831,-0.0105008,-0.0170575,0.0987314,0.310012,-0.231799,9.90706,-0.00958753,-0.016885,0.100013,0.01,-0.005,0.002,0.0001,-0.0002,0.00015
24.8,0.316517,-0.245405,9.90261,-0.00787617,-0.0179065,0.0990287,0.307432,-0.239014,9.90011,-0.00948111,-0.0167726,0.099958,0.01,-0.005,0.002,0.0001,-0.0002,0.00015
24.9,0.320699,-0.245819,9.91053,-0.00949192,-0.0156391,0.100128,0.309981,-0.241429,9.90691,-0.00962853,-0.0165458,0.100063,0.01,-0.005,0.002,0.0001,-0.0002,0.00015
25,0.312368,-0.255504,9.90446,-0.0103709,-0.0166455,0.0996015,0.30107,-0.248788,9.90061,-0.00939926,-0.0165391,0.0998378,0.01,-0.005,0.002,0.0001,-0.0002,0.00015
25.1,0.298769,-0.247207,9.89901,-0.00932113,-0.0174445,0.0980767,0.289075,-0.241217,9.89888,-0.00942059,-0.016258,0.10005,0.01,-0.005,0.002,0.0001,-0.0002,0.00015
25.2,0.289178,-0.241715,9.90132,-0.00891965,-0.0174527,0.0990321,0.278636,-0.236883,9.89931,-0.0094177,-0.0161153,0.0999777,0.01,-0.005,0.002,0.0001,-0.0002,0.00015
25.3,0.298453,-0.256472,9.90628,-0.0112145,-0.0163166,0.100307,0.288095,-0.250639,9.90358,-0.00940428,-0.0160572,0.0999237,0.01,-0.005,0.002,0.0001,-0.0002,0.00015
25.4,0.296466,-0.25295,9.90632,-0.00921024,-0.0161567,0.100413,0.286156,-0.248397,9.90512,-0.00926089,-0.0157158,0.100011,0.01,-0.005,0.002,0.0001,-0.0002,0.00015
25.5,0.290553,-0.258012,9.91674,-0.00895078,-0.0160801,0.100432,0.281208,-0.250904,9.91484,-0.00934802,-0.0153915,0.0999984,0.01,-0.005,0.002,0.0001,-0.0002,0.00015
25.6,0.281817,-0.258898,9.91231,-0.00997757,-0.013575,0.0999692,0.272056,-0.252497,9.90922,-0.0091686,-0.0154181,0.100065,0.01,-0.005,0.002,0.0001,-0.0002,0.00015
25.7,0.285295,-0.263732,9.91418,-0.0072645,-0.014716,0.101771,0.273421,-0.256409,9.91389,-0.00913967,-0.0151777,0.0999688,0.01,-0.005,0.002,0.0001,-0.0002,0.00015
25.8,0.277723,-0.264437,9.91243,-0.0105865,-0.0142968,0.100317,0.268443,-0.258487,9.91172,-0.00904634,-0.0150296,0.100068,0.01,-0.005,0.002,0.0001,-0.0002,0.00015
25.9,0.265171,-0.26826,9.91142,-0.00987714,-0.0160197,0.101812,0.256942,-0.263687,9.90898,-0.00879434,-0.0148118,0.100093,0.01,-0.005,0.002,0.0001,-0.0002,0.00015
26,0.261639,-0.264163,9.90612,-0.00705123,-0.0152403,0.0995424,0.250558,-0.258636,9.90394,-0.00869649,-0.0145742,0.0998338,0.01,-0.005,0.002,0.0001,-0.0002,0.00015
26.1,0.261381,-0.268822,9.91031,-0.00813714,-0.0138015,0.0995954,0.250987,-0.264011,9.90792,-0.0088084,-0.0142996,0.100017,0.01,-0.005,0.002,0.0001,-0.0002,0.00015
26.2,0.261062,-0.273634,9.89663,-0.00780433,-0.0126306,0.100145,0.250387,-0.266993,9.89384,-0.00864659,-0.0139673,0.0999607,0.01,-0.005,0.002,0.0001,-0.0002,0.00015
26.3,0.254742,-0.27487,9.90772,-0.0082055,-0.0134571,0.0990915,0.244321,-0.268348,9.90538,-0.00843788,-0.0138709,0.0999303,0.01,-0.005,0.002,0.0001,-0.0002,0.00015
26.4,0.239,-0.268846,9.90512,-0.00912511,-0.0152222,0.101376,0.230368,-0.265838,9.90439,-0.00855321,-0.0137401,0.100113,0.01,-0.005,0.002,0.0001,-0.0002,0.00015
26.5,0.247429,-0.272907,9.90566,-0.00847832,-0.0160769,0.0998821,0.236658,-0.269684,9.90228,-0.00829161,-0.0136637,0.100041,0.01,-0.005,0.002,0.0001,-0.0002,0.00015
26.6,0.245025,-0.275552,9.91132,-0.00964822,-0.013303,0.0981997,0.234369,-0.271408,9.90887,-0.00819549,-0.0132817,0.100062,0.01,-0.005,0.002,0.0001,-0.0002,0.00015
26.7,0.246415,-0.266287,9.90937,-0.00768553,-0.0125409,0.101259,0.236534,-0.263392,9.90724,-0.0081161,-0.0130714,0.0999231,0.01,-0.005,0.002,0.0001,-0.0002,0.00015
26.8,0.235737,-0.275599,9.91151,-0.00699041,-0.0135058,0.0988845,0.224584,-0.271056,9.90933,-0.00800077,-0.0127988,0.0999281,0.01,-0.005,0.002,0.0001,-0.0002,0.00015
26.9,0.232605,-0.278477,9.91352,-0.00700522,-0.0130244,0.0983734,0.221705,-0.272731,9.91046,-0.00787496,-0.0125922,0.0999207,0.01,-0.005,0.002,0.0001,-0.0002,0.00015
27,0.218612,-0.275175,9.89762,-0.00952981,-0.0119071,0.0990113,0.208995,-0.269355,9.89526,-0.00761297,-0.0122698,0.100005,0.01,-0.005,0.002,0.0001,-0.0002,0.00015
27.1,0.220669,-0.28364,9.90127,-0.0071927,-0.0111909,0.0990501,0.209464,-0.279877,9.8995,-0.00760984,-0.0120182,0.0999545,0.01,-0.005,0.002,0.0001,-0.0002,0.00015
27.2,0.222767,-0.273867,9.91792,-0.00831927,-0.0127818,0.10037,0.213129,-0.269117,9.91456,-0.00734245,-0.0118255,0.0999466,0.01,-0.005,0.002,0.0001,-0.0002,0.00015
27.3,0.210307,-0.279362,9.90771,-0.00611188,-0.0114114,0.0997552,0.200149,-0.273988,9.90558,-0.00745708,-0.0114708,0.0999104,0.01,-0.005,0.002,0.0001,-0.0002,0.00015
27.4,0.208343,-0.289177,9.90543,-0.00554177,-0.0120324,0.100187,0.199436,-0.282898,9.90245,-0.00705373,-0.0113638,0.099989,0.01,-0.005,0.002,0.0001,-0.0002,0.00015
27.5,0.202169,-0.27419,9.90582,-0.0051977,-0.0101011,0.10054,0.192311,-0.270285,9.90479,-0.00702452,-0.0110987,0.0999347,0.01,-0.005,0.002,0.0001,-0.0002,0.00015
27.6,0.199442,-0.276081,9.91277,-0.00645705,-0.010056,0.100185,0.189774,-0.271714,9.9123,-0.00675742,-0.0107913,0.10001,0.01,-0.005,0.002,0.0001,-0.0002,0.00015
27.7,0.192867,-0.285501,9.91777,-0.00696804,-0.0101909,0.101124,0.182862,-0.279554,9.91328,-0.00652665,-0.0105638,0.099991,0.01,-0.005,0.002,0.0001,-0.0002,0.00015
27.8,0.182999,-0.292411,9.90807,-0.00499992,-0.0104504,0.0993041,0.172545,-0.287317,9.90699,-0.00671409,-0.0103718,0.10007,0.01,-0.005,0.002,0.0001,-0.0002,0.00015
27.9,0.186186,-0.287531,9.90897,-0.00712394,-0.00958656,0.101501,0.176499,-0.282903,9.90744,-0.00645827,-0.0100477,0.100002,0.01,-0.005,0.002,0.0001,-0.0002,0.00015
28,0.167007,-0.287734,9.9122,-0.00495177,-0.0105168,0.0998163,0.156713,-0.282462,9.91069,-0.00631562,-0.00988143,0.100068,0.01,-0.005,0.002,0.0001,-0.0002,0.00015
28.1,0.178057,-0.290026,9.91842,-0.00469357,-0.00883883,0.0997567,0.169976,-0.285834,9.91374,-0.0061255,-0.00954435,0.0998327,0.01,-0.005,0.002,0.0001,-0.0002,0.00015
28.2,0.165431,-0.292023,9.9078,-0.00580826,-0.00985818,0.099218,0.157028,-0.289025,9.90632,-0.00583211,-0.00946203,0.100001,0.01,-0.005,0.002,0.0001,-0.0002,0.00015
28.3,0.171204,-0.29196,9.90457,-0.00454175,-0.00839641,0.100328,0.161241,-0.286849,9.90401,-0.00579238,-0.00892824,0.100083,0.01,-0.005,0.002,0.0001,-0.0002,0.00015
28.4,0.151733,-0.295049,9.90885,-0.00529919,-0.00879387,0.0991832,0.142944,-0.289664,9.90663,-0.0056239,-0.00868908,0.100045,0.01,-0.005,0.002,0.0001,-0.0002,0.00015
28.5,0.156213,-0.290897,9.91559,-0.00650272,-0.0085997,0.10026,0.146507,-0.286521,9.91447,-0.00544686,-0.00857577,0.099793,0.01,-0.005,0.002,0.0001,-0.0002,0.00015
28.6,0.147183,-0.305136,9.903,-0.0033553,-0.00850238,0.0997238,0.135634,-0.300647,9.90347,-0.00532471,-0.00817696,0.0998305,0.01,-0.005,0.002,0.0001,-0.0002,0.00015
28.7,0.152477,-0.288534,9.91204,-0.00449129,-0.00747239,0.0990947,0.142176,-0.283301,9.91117,-0.00518207,-0.00796675,0.099925,0.01,-0.005,0.002,0.0001,-0.0002,0.00015
28.8,0.146623,-0.286775,9.90915,-0.00343848,-0.00600293,0.100527,0.137054,-0.281163,9.90824,-0.00497097,-0.00771853,0.100005,0.01,-0.005,0.002,0.0001,-0.0002,0.00015
28.9,0.133645,-0.29377,9.91215,-0.00343257,-0.00674941,0.100663,0.12419,-0.289514,9.90917,-0.00495188,-0.00754917,0.100051,0.01,-0.005,0.002,0.0001,-0.0002,0.00015
29,0.127918,-0.307181,9.91427,-0.00337785,-0.00838705,0.100073,0.118796,-0.301872,9.91282,-0.00454582,-0.00708135,0.0999023,0.01,-0.005,0.002,0.0001,-0.0002,0.00015
29.1,0.133192,-0.300328,9.92325,-0.00327777,-0.00731815,0.0997384,0.124101,-0.295677,9.92059,-0.0043084,-0.00682195,0.0999591,0.01,-0.005,0.002,0.0001,-0.0002,0.00015
29.2,0.119732,-0.303734,9.90162,-0.00389102,-0.00688346,0.0998291,0.109539,-0.300557,9.8999,-0.00423691,-0.00651564,0.100044,0.01,-0.005,0.002,0.0001,-0.0002,0.00015
29.3,0.113396,-0.295753,9.915,-0.00163174,-0.00566765,0.102202,0.104685,-0.291042,9.91182,-0.00393029,-0.00633041,0.100029,0.01,-0.005,0.002,0.0001,-0.0002,0.00015
29.4,0.11253,-0.298297,9.91441,-0.00400992,-0.0056561,0.101367,0.103049,-0.293002,9.91076,-0.00395688,-0.00598072,0.0999055,0.01,-0.005,0.002,0.0001,-0.0002,0.00015
29.5,0.110413,-0.299994,9.90994,-0.00429975,-0.00571411,0.1009,0.0996899,-0.292881,9.90733,-0.00369363,-0.00572002,0.0999295,0.01,-0.005,0.002,0.0001,-0.0002,0.00015
29.6,0.09903,-0.305205,9.91182,-0.00316681,-0.00573941,0.10077,0.0876356,-0.299379,9.90954,-0.00349201,-0.00559406,0.0999504,0.01,-0.005,0.002,0.0001,-0.0002,0.00015
29.7,0.0971247,-0.305136,9.9146,-0.00293359,-0.00533081,0.0998466,0.0863262,-0.299914,9.9125,-0.00329854,-0.0052245,0.0998205,0.01,-0.005,0.002,0.0001,-0.0002,0.00015
29.8,0.0838876,-0.301393,9.91154,-0.00392002,-0.0051775,0.0990843,0.0745324,-0.295205,9.91026,-0.00320842,-0.00485387,0.0999703,0.01,-0.005,0.002,0.0001,-0.0002,0.00015
29.9,0.0856685,-0.303149,9.91394,-0.00262317,-0.00452223,0.101313,0.075897,-0.297564,9.91026,-0.0029153,-0.00444927,0.0999797,0.01,-0.005,0.002,0.0001,-0.0002,0.00015
30,0.0723849,-0.306995,9.92035,-0.000601942,-0.00481064,0.101117,0.0627215,-0.301466,9.91801,-0.00293449,-0.0042092,0.100138,0.01,-0.005,0.002,0.0001,-0.0002,0.00015
30.1,0.0781604,-0.295762,9.91328,-0.000444079,-0.0052264,0.100839,0.0676925,-0.291979,9.90996,-0.00247491,-0.00419268,0.100036,0.01,-0.005,0.002,0.0001,-0.0002,0.00015
30.2,0.0617535,-0.302138,9.91182,-0.00336459,-0.00494131,0.0993152,0.0519085,-0.298079,9.90992,-0.00248026,-0.00352496,0.100019,0.01,-0.005,0.002,0.0001,-0.0002,0.00015
30.3,0.0628713,-0.30483,9.91509,-0.00357125,-0.00495788,0.101074,0.0544901,-0.299846,9.91443,-0.00225177,-0.0033496,0.0998797,0.01,-0.005,0.002,0.0001,-0.0002,0.00015
30.4,0.0621874,-0.304141,9.91066,-0.000181656,-0.00343441,0.100166,0.0522015,-0.297951,9.90955,-0.00216122,-0.0032424,0.0999881,0.01,-0.005,0.002,0.0001,-0.0002,0.00015
30.5,0.047042,-0.314045,9.909,-0.00230235,-0.00228774,0.0995709,0.0390407,-0.308776,9.90852,-0.00181155,-0.00285891,0.0999187,0.01,-0.005,0.002,0.0001,-0.0002,0.00015
30.6,0.0585616,-0.31853,9.92242,-0.0025722,-0.00124305,0.100832,0.047094,-0.312296,9.9207,-0.00164476,-0.00251477,0.0997681,0.01,-0.005,0.002,0.0001,-0.0002,0.00015
30.7,0.04705,-0.303207,9.90977,-0.00163261,-0.00238377,0.1006,0.0361818,-0.297387,9.90838,-0.00150554,-0.00225078,0.100084,0.01,-0.005,0.002,0.0001,-0.0002,0.00015
30.8,0.0389451,-0.306188,9.90192,-0.000681521,-0.00218602,0.101228,0.0290476,-0.300852,9.89997,-0.0011577,-0.0017963,0.100104,0.01,-0.005,0.002,0.0001,-0.0002,0.00015
30.9,0.0365589,-0.29698,9.91367,0.000331224,-0.00169634,0.101099,0.0257022,-0.291945,9.91127,-0.00100035,-0.00156457,0.10017,0.01,-0.005,0.002,0.0001,-0.0002,0.00015
31,0.0290229,-0.306076,9.91491,0.000747158,-0.00108555,0.099846,0.018384,-0.300958,9.91453,-0.000647391,-0.00123602,0.100064,0.01,-0.005,0.002,0.0001,-0.0002,0.00015
31.1,0.0277598,-0.313967,9.91108,-0.000555429,-0.00127076,0.101071,0.0186789,-0.309675,9.90747,-0.000704354,-0.000903133,0.10001,0.01,-0.005,0.002,0.0001,-0.0002,0.00015
31.2,0.0235576,-0.314442,9.91956,-0.000352051,-0.00102475,0.0994753,0.0143192,-0.309615,9.91652,-0.000414174,-0.000588298,0.09987,0.01,-0.005,0.002,0.0001,-0.0002,0.00015
31.3,0.0229869,-0.311869,9.91075,0.00109263,0.000104746,0.0997009,0.0119429,-0.307558,9.9075,-0.00023843,-0.000389521,0.0999654,0.01,-0.005,0.002,0.0001,-0.0002,0.00015
31.4,0.0121973,-0.312923,9.91832,0.000581449,-0.00110644,0.100058,0.0016286,-0.307448,9.91868,-0.000167213,-2.92947e-05,0.0999503,0.01,-0.005,0.002,0.0001,-0.0002,0.00015
31.5,0.00700591,-0.30551,9.91023,-0.000600646,-1.29097e-06,0.0975127,-0.00433498,-0.300498,9.90799,0.000222706,0.000384947,0.0999294,0.01,-0.005,0.002,0.0001,-0.0002,0.00015
31.6,-0.00497683,-0.303632,9.90583,-0.000716922,0.00153991,0.1019,-0.0152982,-0.299152,9.90434,0.000279137,0.000638832,0.100242,0.01,-0.005,0.002,0.0001,-0.0002,0.00015
31.7,-0.000562186,-0.308257,9.92237,0.00165925,-0.0011451,0.0989717,-0.0104484,-0.303423,9.91997,0.000378407,0.000831077,0.0999568,0.01,-0.005,0.002,0.0001,-0.0002,0.00015
31.8,0.00223464,-0.30288,9.90724,0.000421813,0.00118873,0.100964,-0.00679974,-0.298195,9.90471,0.000776317,0.00113441,0.100035,0.01,-0.005,0.002,0.0001,-0.0002,0.00015
31.9,-0.0238831,-0.315669,9.90674,-0.000605679,0.000266064,0.0982537,-0.0362469,-0.310413,9.90612,0.000920076,0.00130863,0.0999504,0.01,-0.005,0.002,0.0001,-0.0002,0.00015
32,-0.0172632,-0.297553,9.90469,0.00139645,0.000950595,0.0984292,-0.0264662,-0.294463,9.90213,0.00130427,0.0018057,0.100035,0.01,-0.005,0.002,0.0001,-0.0002,0.00015
32.1,-0.0248759,-0.303525,9.90993,-0.000921698,5.54584e-05,0.10028,-0.0343272,-0.300155,9.90943,0.00142131,0.00200086,0.100005,0.01,-0.005,0.002,0.0001,-0.0002,0.00015
32.2,-0.0250254,-0.302907,9.9159,0.00138231,0.00238494,0.100035,-0.0367102,-0.297547,9.91336,0.00151575,0.00258074,0.0998763,0.01,-0.005,0.002,0.0001,-0.0002,0.00015
32.3,-0.0306477,-0.308096,9.91856,0.00165516,0.0017788,0.0991882,-0.0397369,-0.303316,9.91659,0.00187015,0.00264332,0.0999041,0.01,-0.005,0.002,0.0001,-0.0002,0.00015
32.4,-0.0433737,-0.308666,9.91961,0.00221758,0.00145235,0.0998747,-0.0527199,-0.302625,9.9163,0.00203245,0.00287231,0.0999701,0.01,-0.005,0.002,0.0001,-0.0002,0.00015
32.5,-0.048693,-0.308719,9.90973,0.000719109,0.00346301,0.100042,-0.0592504,-0.302653,9.90822,0.00222602,0.00324123,0.0998612,0.01,-0.005,0.002,0.0001,-0.0002,0.00015
32.6,-0.0607762,-0.303893,9.89867,0.00298544,0.00464046,0.101418,-0.0700885,-0.297575,9.89579,0.00227637,0.0033906,0.100043,0.01,-0.005,0.002,0.0001,-0.0002,0.00015
32.7,-0.0527193,-0.309941,9.90975,0.0026144,0.00315358,0.101948,-0.0639021,-0.304127,9.90824,0.00247777,0.00366419,0.100004,0.01,-0.005,0.002,0.0001,-0.0002,0.00015
32.8,-0.0597415,-0.307248,9.89599,0.00445215,0.00336868,0.0980301,-0.0710314,-0.301719,9.89481,0.00255801,0.00393147,0.0999955,0.01,-0.005,0.002,0.0001,-0.0002,0.00015
32.9,-0.0662364,-0.29885,9.90651,0.00377205,0.00381814,0.101755,-0.0769005,-0.294681,9.90469,0.00313424,0.00459887,0.100016,0.01,-0.005,0.002,0.0001,-0.0002,0.00015
33,-0.0686888,-0.298319,9.91473,0.00331481,0.00571887,0.0985278,-0.0791173,-0.293723,9.91268,0.00313353,0.00476242,0.100111,0.01,-0.005,0.002,0.0001,-0.0002,0.00015
33.1,-0.0750997,-0.307541,9.91309,0.00353905,0.00671663,0.0998582,-0.0860568,-0.303692,9.91487,0.00342678,0.00497844,0.0999616,0.01,-0.005,0.002,0.0001,-0.0002,0.00015
33.2,-0.073201,-0.302493,9.92099,0.00319884,0.00275737,0.0999468,-0.0805658,-0.297418,9.91809,0.0034795,0.00514653,0.0999776,0.01,-0.005,0.002,0.0001,-0.0002,0.00015
33.3,-0.0912868,-0.302368,9.91438,0.00358857,0.00694463,0.101297,-0.100602,-0.298586,9.91214,0.00351552,0.00564107,0.100083,0.01,-0.005,0.002,0.0001,-0.0002,0.00015
33.4,-0.0916046,-0.298242,9.91306,0.00475953,0.00746676,0.0983465,-0.100876,-0.293732,9.91055,0.00376285,0.00580226,0.100055,0.01,-0.005,0.002,0.0001,-0.0002,0.00015
33.5,-0.0945763,-0.307162,9.91458,0.00364219,0.00510317,0.101533,-0.104563,-0.300815,9.91338,0.00415988,0.00600414,0.0999812,0.01,-0.005,0.002,0.0001,-0.0002,0.00015
33.6,-0.0957719,-0.295393,9.91897,0.00462432,0.0058913,0.100043,-0.105969,-0.290775,9.91696,0.0041867,0.00647471,0.100025,0.01,-0.005,0.002,0.0001,-0.0002,0.00015
33.7,-0.100894,-0.292837,9.90535,0.00518452,0.00848075,0.100233,-0.109943,-0.289738,9.90243,0.00448641,0.00654467,0.100066,0.01,-0.005,0.002,0.0001,-0.0002,0.00015
33.8,-0.107212,-0.297015,9.91081,0.00665841,0.00768354,0.0976674,-0.116689,-0.293405,9.90965,0.00451732,0.00712046,0.100127,0.01,-0.005,0.002,0.0001,-0.0002,0.00015
33.9,-0.116098,-0.302849,9.91923,0.00617495,0.00658756,0.103051,-0.125696,-0.298379,9.91781,0.00488854,0.00730848,0.100045,0.01,-0.005,0.002,0.0001,-0.0002,0.00015
34,-0.117191,-0.296628,9.91476,0.00370803,0.00648848,0.0996129,-0.128303,-0.289997,9.91476,0.00506374,0.00738053,0.099998,0.01,-0.005,0.002,0.0001,-0.0002,0.00015
34.1,-0.13345,-0.302366,9.90745,0.00527859,0.00822987,0.101311,-0.142051,-0.298326,9.90551,0.00492294,0.00768679,0.100167,0.01,-0.005,0.002,0.0001,-0.0002,0.00015
34.2,-0.135153,-0.29157,9.91048,0.00500234,0.00762136,0.0988674,-0.144296,-0.288772,9.90736,0.00524011,0.00825031,0.0997449,0.01,-0.005,0.002,0.0001,-0.0002,0.00015
34.3,-0.134434,-0.300133,9.91732,0.00515636,0.00795724,0.0990709,-0.143432,-0.296559,9.91497,0.00560105,0.0084095,0.100062,0.01,-0.005,0.002,0.0001,-0.0002,0.00015
34.4,-0.131497,-0.29274,9.90985,0.00541762,0.0069234,0.100723,-0.142908,-0.287171,9.90779,0.00550016,0.0086766,0.0998549,0.01,-0.005,0.002,0.0001,-0.0002,0.00015
34.5,-0.135271,-0.283549,9.91276,0.00518314,0.00937799,0.10131,-0.146674,-0.278086,9.912,0.00579942,0.00893824,0.099947,0.01,-0.005,0.002,0.0001,-0.0002,0.00015
34.6,-0.155236,-0.294511,9.92004,0.00638212,0.00892458,0.101422,-0.165841,-0.289346,9.91899,0.00576864,0.00900726,0.100079,0.01,-0.005,0.002,0.0001,-0.0002,0.00015
34.7,-0.144157,-0.290492,9.90363,0.00742552,0.0103513,0.0996037,-0.156597,-0.284956,9.90333,0.00611009,0.0094799,0.100059,0.01,-0.005,0.002,0.0001,-0.0002,0.00015
34.8,-0.162538,-0.287868,9.91907,0.00596011,0.00808457,0.100384,-0.173369,-0.284862,9.91734,0.00611494,0.00968868,0.100174,0.01,-0.005,0.002,0.0001,-0.0002,0.00015
34.9,-0.159935,-0.287829,9.91624,0.00532515,0.00882235,0.101464,-0.169766,-0.283657,9.91624,0.00647404,0.00996298,0.100076,0.01,-0.005,0.002,0.0001,-0.0002,0.00015
35,-0.159616,-0.285068,9.91015,0.00724046,0.0104173,0.0996986,-0.170775,-0.281521,9.90893,0.00650124,0.0103456,0.100103,0.01,-0.005,0.002,0.0001,-0.0002,0.00015
35.1,-0.17065,-0.291874,9.91133,0.00816454,0.0115084,0.0982282,-0.181204,-0.287516,9.90653,0.00667378,0.0105982,0.100135,0.01,-0.005,0.002,0.0001,-0.0002,0.00015
35.2,-0.165196,-0.284282,9.90811,0.00732741,0.0111276,0.0997036,-0.175268,-0.279621,9.90617,0.00692574,0.0106549,0.0999881,0.01,-0.005,0.002,0.0001,-0.0002,0.00015
35.3,-0.183731,-0.278107,9.91683,0.00757186,0.0101019,0.100554,-0.194391,-0.273274,9.91391,0.00699448,0.010816,0.100119,0.01,-0.005,0.002,0.0001,-0.0002,0.00015
35.4,-0.183858,-0.27836,9.91087,0.00712251,0.00890714,0.102111,-0.194123,-0.272708,9.90957,0.0072265,0.0113759,0.100092,0.01,-0.005,0.002,0.0001,-0.0002,0.00015
35.5,-0.173468,-0.278454,9.90216,0.00943169,0.0115294,0.101122,-0.184287,-0.273824,9.90098,0.00733426,0.0114146,0.0998981,0.01,-0.005,0.002,0.0001,-0.0002,0.00015
35.6,-0.186244,-0.279338,9.908,0.00873213,0.0115922,0.100095,-0.197333,-0.27204,9.90741,0.00735572,0.0118128,0.100021,0.01,-0.005,0.002,0.0001,-0.0002,0.00015
35.7,-0.197408,-0.286087,9.9177,0.00859636,0.0116513,0.0987547,-0.207172,-0.281295,9.91663,0.0075923,0.0120086,0.100062,0.01,-0.005,0.002,0.0001,-0.0002,0.00015
35.8,-0.198787,-0.286072,9.90969,0.00857517,0.0134124,0.100783,-0.208374,-0.280714,9.90882,0.00772818,0.0122164,0.09995,0.01,-0.005,0.002,0.0001,-0.0002,0.00015
35.9,-0.206579,-0.276963,9.91287,0.00709339,0.0113591,0.100649,-0.213858,-0.271941,9.90971,0.00789326,0.0123397,0.0998518,0.01,-0.005,0.002,0.0001,-0.0002,0.00015
36,-0.20131,-0.269399,9.91128,0.00805472,0.012736,0.101,-0.213323,-0.263119,9.91019,0.00798953,0.0126903,0.100154,0.01,-0.005,0.002,0.0001,-0.0002,0.00015
36.1,-0.210416,-0.26842,9.90585,0.0085549,0.0125475,0.0996668,-0.219786,-0.263767,9.90446,0.00791141,0.0127198,0.0997839,0.01,-0.005,0.002,0.0001,-0.0002,0.00015
36.2,-0.218756,-0.278909,9.91115,0.00880724,0.0133512,0.0988201,-0.22743,-0.275383,9.90964,0.00830307,0.0129625,0.0999648,0.01,-0.005,0.002,0.0001,-0.0002,0.00015
36.3,-0.227002,-0.283771,9.91094,0.00756904,0.0132422,0.0984583,-0.236837,-0.276779,9.90781,0.00831683,0.0133158,0.100231,0.01,-0.005,0.002,0.0001,-0.0002,0.00015
36.4,-0.228971,-0.267005,9.9034,0.0079393,0.0131127,0.101409,-0.238155,-0.261587,9.90126,0.00840447,0.0136209,0.0999729,0.01,-0.005,0.002,0.0001,-0.0002,0.00015
36.5,-0.234461,-0.27967,9.91312,0.0094814,0.013618,0.100474,-0.24403,-0.274342,9.91107,0.00840886,0.0136793,0.0999854,0.01,-0.005,0.002,0.0001,-0.0002,0.00015
36.6,-0.236691,-0.273855,9.91585,0.00980492,0.0147412,0.100152,-0.246676,-0.26791,9.91348,0.00853573,0.0140016,0.0999908,0.01,-0.005,0.002,0.0001,-0.0002,0.00015
36.7,-0.244304,-0.26959,9.91303,0.00960869,0.0132404,0.099131,-0.255129,-0.263337,9.90989,0.00883619,0.0140931,0.0999627,0.01,-0.005,0.002,0.0001,-0.0002,0.00015
36.8,-0.243706,-0.265342,9.91904,0.00771624,0.0125654,0.101468,-0.254288,-0.25977,9.91694,0.00902737,0.0143499,0.100101,0.01,-0.005,0.002,0.0001,-0.0002,0.00015
36.9,-0.248011,-0.262689,9.91321,0.0100634,0.0135639,0.102064,-0.259489,-0.256744,9.91231,0.00877481,0.0146747,0.100078,0.01,-0.005,0.002,0.0001,-0.0002,0.00015
37,-0.252534,-0.264372,9.89776,0.0101376,0.0151104,0.101054,-0.262323,-0.259528,9.89714,0.00899316,0.0150357,0.100053,0.01,-0.005,0.002,0.0001,-0.0002,0.00015
37.1,-0.25692,-0.255912,9.90529,0.0102561,0.0149239,0.0993897,-0.265545,-0.252053,9.90359,0.00905786,0.0149479,0.0998759,0.01,-0.005,0.002,0.0001,-0.0002,0.00015
37.2,-0.268691,-0.264177,9.91081,0.00850695,0.0162414,0.100184,-0.278545,-0.258039,9.90906,0.00922348,0.0152943,0.100273,0.01,-0.005,0.002,0.0001,-0.0002,0.00015
37.3,-0.26356,-0.253843,9.91615,0.00799752,0.0151135,0.102013,-0.273173,-0.246978,9.91356,0.00924964,0.0154753,0.10008,0.01,-0.005,0.002,0.0001,-0.0002,0.00015
37.4,-0.267632,-0.247607,9.90451,0.00896985,0.0143549,0.101364,-0.278101,-0.243495,9.90286,0.00920092,0.0157024,0.0999164,0.01,-0.005,0.002,0.0001,-0.0002,0.00015
37.5,-0.272021,-0.254047,9.90895,0.00768929,0.0159166,0.0995668,-0.282265,-0.247112,9.90794,0.00934553,0.0159402,0.0999739,0.01,-0.005,0.002,0.0001,-0.0002,0.00015
37.6,-0.293793,-0.256677,9.90889,0.00981042,0.0152084,0.0989762,-0.303175,-0.250435,9.90734,0.00950083,0.0160856,0.100041,0.01,-0.005,0.002,0.0001,-0.0002,0.00015
37.7,-0.288372,-0.250766,9.91808,0.0101637,0.0165008,0.100824,-0.299067,-0.242869,9.9171,0.00948869,0.0162566,0.100146,0.01,-0.005,0.002,0.0001,-0.0002,0.00015
37.8,-0.291181,-0.253131,9.91306,0.00933346,0.016379,0.100017,-0.301356,-0.24836,9.90933,0.00966425,0.0162154,0.100062,0.01,-0.005,0.002,0.0001,-0.0002,0.00015
37.9,-0.293876,-0.240851,9.90318,0.010615,0.016981,0.100495,-0.302888,-0.235,9.8984,0.00963037,0.0166045,0.100037,0.01,-0.005,0.002,0.0001,-0.0002,0.00015
38,-0.296653,-0.248014,9.9065,0.00971908,0.0170944,0.100508,-0.305182,-0.245004,9.90582,0.00967805,0.0166683,0.100092,0.01,-0.005,0.002,0.0001,-0.0002,0.00015
38.1,-0.304678,-0.241029,9.90863,0.00950432,0.0189773,0.100678,-0.316147,-0.235061,9.90626,0.00973082,0.0168186,0.100093,0.01,-0.005,0.002,0.0001,-0.0002,0.00015
38.2,-0.302628,-0.241133,9.89421,0.0104805,0.0164941,0.101228,-0.312783,-0.23678,9.89303,0.00986681,0.0169363,0.100008,0.01,-0.005,0.002,0.0001,-0.0002,0.00015
38.3,-0.30364,-0.231913,9.90881,0.0116627,0.0155725,0.101204,-0.313855,-0.22486,9.90667,0.00982484,0.0171232,0.100218,0.01,-0.005,0.002,0.0001,-0.0002,0.00015
38.4,-0.312572,-0.238239,9.90809,0.00999161,0.016512,0.100075,-0.323331,-0.233323,9.90592,0.00986806,0.0176221,0.0999927,0.01,-0.005,0.002,0.0001,-0.0002,0.00015
38.5,-0.312785,-0.229166,9.912,0.00950097,0.0182645,0.101102,-0.322447,-0.223633,9.91065,0.00998137,0.0173487,0.099921,0.01,-0.005,0.002,0.0001,-0.0002,0.00015
38.6,-0.311319,-0.230507,9.90962,0.00966134,0.0189665,0.101031,-0.321369,-0.223285,9.90697,0.00989226,0.0174272,0.100144,0.01,-0.005,0.002,0.0001,-0.0002,0.00015
38.7,-0.325326,-0.229941,9.89895,0.010193,0.018526,0.100762,-0.334323,-0.225475,9.89604,0.00995039,0.0176303,0.100045,0.01,-0.005,0.002,0.0001,-0.0002,0.00015
38.8,-0.324168,-0.220453,9.90512,0.00880228,0.0187138,0.100308,-0.332456,-0.215662,9.90289,0.0100739,0.0176828,0.0999907,0.01,-0.005,0.002,0.0001,-0.0002,0.00015
38.9,-0.333571,-0.221392,9.90098,0.0112221,0.0170354,0.101857,-0.343476,-0.218241,9.89902,0.0100975,0.0179021,0.100085,0.01,-0.005,0.002,0.0001,-0.0002,0.00015
39,-0.328238,-0.228409,9.90937,0.010224,0.0181533,0.100408,-0.337862,-0.225124,9.9069,0.0100261,0.0179475,0.100012,0.01,-0.005,0.002,0.0001,-0.0002,0.00015
39.1,-0.325661,-0.208525,9.90184,0.00972685,0.0192496,0.0996203,-0.336264,-0.202984,9.90024,0.010144,0.0181805,0.100084,0.01,-0.005,0.002,0.0001,-0.0002,0.00015
39.2,-0.335664,-0.219709,9.89967,0.0102801,0.0174766,0.10082,-0.344966,-0.213353,9.8966,0.0100628,0.0184546,0.100189,0.01,-0.005,0.002,0.0001,-0.0002,0.00015
39.3,-0.349458,-0.211705,9.90391,0.0101567,0.0169974,0.099554,-0.357611,-0.208701,9.90307,0.010104,0.0185197,0.0999822,0.01,-0.005,0.002,0.0001,-0.0002,0.00015
39.4,-0.35267,-0.223801,9.90095,0.0115073,0.0193715,0.0978234,-0.363278,-0.218712,9.89985,0.010122,0.0187545,0.100089,0.01,-0.005,0.002,0.0001,-0.0002,0.00015
39.5,-0.357094,-0.214245,9.90517,0.00974871,0.0166661,0.0987422,-0.366765,-0.209717,9.90111,0.00996784,0.018551,0.100154,0.01,-0.005,0.002,0.0001,-0.0002,0.00015
39.6,-0.352082,-0.209127,9.90294,0.00972478,0.0205483,0.0999001,-0.362514,-0.203093,9.90153,0.00985532,0.0189309,0.100031,0.01,-0.005,0.002,0.0001,-0.0002,0.00015
39.7,-0.357703,-0.220608,9.8976,0.0113871,0.0202136,0.0990081,-0.367158,-0.216055,9.89693,0.010218,0.0188842,0.100187,0.01,-0.005,0.002,0.0001,-0.0002,0.00015
39.8,-0.360073,-0.203525,9.90483,0.0107175,0.0187401,0.0983305,-0.372156,-0.198755,9.90229,0.0100305,0.0190012,0.0999552,0.01,-0.005,0.002,0.0001,-0.0002,0.00015
39.9,-0.37375,-0.204287,9.89417,0.0118249,0.0217316,0.0985083,-0.38202,-0.199845,9.89328,0.0101316,0.0192123,0.0999242,0.01,-0.005,0.002,0.0001,-0.0002,0.00015
40,-0.368731,-0.204232,9.90137,0.00941679,0.0202943,0.10127,-0.37903,-0.200112,9.89986,0.00996097,0.0191812,0.0999959,0.01,-0.005,0.002,0.0001,-0.0002,0.00015
40.1,-0.376925,-0.208655,9.90996,0.010094,0.0200387,0.100265,-0.386412,-0.202766,9.90757,0.00983385,0.0191399,0.0999552,0.01,-0.005,0.002,0.0001,-0.0002,0.00015
40.2,-0.362773,-0.209977,9.89894,0.0102036,0.0180274,0.101049,-0.372875,-0.204574,9.89897,0.0098417,0.0194271,0.100088,0.01,-0.005,0.002,0.0001,-0.0002,0.00015
40.3,-0.379513,-0.204886,9.89785,0.0120869,0.0196299,0.100404,-0.389973,-0.200277,9.89593,0.00980745,0.0193256,0.100065,0.01,-0.005,0.002,0.0001,-0.0002,0.00015
40.4,-0.383838,-0.193231,9.8949,0.0112315,0.0202568,0.101037,-0.393471,-0.187393,9.89357,0.00992262,0.0193695,0.0999575,0.01,-0.005,0.002,0.0001,-0.0002,0.00015
40.5,-0.382597,-0.185183,9.90299,0.0115145,0.0200059,0.101813,-0.393359,-0.180802,9.89995,0.00975254,0.0196595,0.100069,0.01,-0.005,0.002,0.0001,-0.0002,0.00015
40.6,-0.381931,-0.199332,9.90089,0.00992078,0.020648,0.1002,-0.391884,-0.192938,9.89873,0.00951743,0.0195587,0.100072,0.01,-0.005,0.002,0.0001,-0.0002,0.00015
40.7,-0.387621,-0.195007,9.90467,0.00918177,0.0181315,0.0993428,-0.39713,-0.188118,9.90224,0.00953846,0.0196221,0.0999882,0.01,-0.005,0.002,0.0001,-0.0002,0.00015
40.8,-0.39627,-0.18432,9.88675,0.00881445,0.0202541,0.0989228,-0.406939,-0.178772,9.88509,0.00933912,0.0196738,0.100091,0.01,-0.005,0.002,0.0001,-0.0002,0.00015
40.9,-0.399567,-0.185784,9.90506,0.0105378,0.0192739,0.101365,-0.409227,-0.179998,9.90303,0.00939917,0.0197567,0.0998765,0.01,-0.005,0.002,0.0001,-0.0002,0.00015
41,-0.393014,-0.18397,9.90767,0.00893487,0.0203101,0.101638,-0.403873,-0.178708,9.90551,0.00938483,0.0198077,0.0998712,0.01,-0.005,0.002,0.0001,-0.0002,0.00015
41.1,-0.399695,-0.174631,9.89462,0.0110744,0.0208346,0.100357,-0.411816,-0.168912,9.89419,0.00932515,0.019891,0.0999298,0.01,-0.005,0.002,0.0001,-0.0002,0.00015
41.2,-0.398663,-0.171015,9.89661,0.00891183,0.0211037,0.0994302,-0.407958,-0.165153,9.89329,0.00911549,0.019936,0.100029,0.01,-0.005,0.002,0.0001,-0.0002,0.00015
41.3,-0.410233,-0.183661,9.89791,0.00940091,0.0191897,0.100511,-0.418827,-0.177027,9.89589,0.0091309,0.0198808,0.0998759,0.01,-0.005,0.002,0.0001,-0.0002,0.00015
41.4,-0.41736,-0.172494,9.89728,0.00976689,0.0196237,0.101188,-0.427674,-0.16865,9.89452,0.0090885,0.0200151,0.100029,0.01,-0.005,0.002,0.0001,-0.0002,0.00015
41.5,-0.416809,-0.163315,9.90872,0.0112815,0.0180997,0.101077,-0.426446,-0.159057,9.90733,0.0089543,0.0199533,0.0998717,0.01,-0.005,0.002,0.0001,-0.0002,0.00015
41.6,-0.418391,-0.166931,9.89501,0.0090682,0.0206525,0.0994329,-0.42802,-0.162186,9.8933,0.00887016,0.0199249,0.100054,0.01,-0.005,0.002,0.0001,-0.0002,0.00015
41.7,-0.417268,-0.170396,9.89724,0.00760664,0.0201519,0.0991313,-0.42676,-0.166052,9.89503,0.0087168,0.0199486,0.0999193,0.01,-0.005,0.002,0.0001,-0.0002,0.00015
41.8,-0.417773,-0.153505,9.89549,0.00757802,0.0190462,0.101548,-0.427701,-0.149022,9.89471,0.00861689,0.0200217,0.10008,0.01,-0.005,0.002,0.0001,-0.0002,0.00015
41.9,-0.423839,-0.151067,9.90205,0.0104183,0.0203685,0.0984823,-0.43578,-0.14525,9.89968,0.00845421,0.01982,0.100079,0.01,-0.005,0.002,0.0001,-0.0002,0.00015
42,-0.426626,-0.154484,9.9008,0.00999743,0.0194775,0.0998477,-0.436573,-0.149802,9.89817,0.00861473,0.0199748,0.0999078,0.01,-0.005,0.002,0.0001,-0.0002,0.00015
42.1,-0.416307,-0.151607,9.89709,0.00634023,0.0210782,0.0991029,-0.427673,-0.146139,9.89597,0.0083504,0.0201582,0.0997927,0.01,-0.005,0.002,0.0001,-0.0002,0.00015
42.2,-0.426406,-0.152579,9.90396,0.00827173,0.0213846,0.100032,-0.436863,-0.147048,9.90203,0.00837083,0.0198222,0.0998287,0.01,-0.005,0.002,0.0001,-0.0002,0.00015
42.3,-0.432134,-0.151767,9.89431,0.00764487,0.0192964,0.0995072,-0.441323,-0.146764,9.89329,0.00828741,0.0199683,0.0999014,0.01,-0.005,0.002,0.0001,-0.0002,0.00015
42.4,-0.431196,-0.149016,9.8987,0.00930367,0.0196843,0.100229,-0.44183,-0.143636,9.89817,0.0080594,0.0198659,0.0998581,0.01,-0.005,0.002,0.0001,-0.0002,0.00015
42.5,-0.437761,-0.143909,9.89054,0.00751974,0.0209138,0.101249,-0.44646,-0.138722,9.88939,0.00798885,0.0199065,0.100225,0.01,-0.005,0.002,0.0001,-0.0002,0.00015
42.6,-0.439376,-0.136221,9.89846,0.00795729,0.0201696,0.10111,-0.446247,-0.131583,9.89586,0.00789378,0.0198689,0.0998578,0.01,-0.005,0.002,0.0001,-0.0002,0.00015
42.7,-0.4481,-0.141418,9.89275,0.00730699,0.0191217,0.0998353,-0.458579,-0.135783,9.89073,0.00765739,0.0197436,0.0999641,0.01,-0.005,0.002,0.0001,-0.0002,0.00015
42.8,-0.449635,-0.130898,9.89845,0.00710513,0.0198235,0.100212,-0.458767,-0.12637,9.89619,0.00761076,0.0197263,0.100068,0.01,-0.005,0.002,0.0001,-0.0002,0.00015
42.9,-0.442504,-0.133254,9.89942,0.00637907,0.0186102,0.10158,-0.451195,-0.126763,9.89632,0.00739135,0.0197932,0.0999084,0.01,-0.005,0.002,0.0001,-0.0002,0.00015
43,-0.440545,-0.119766,9.89816,0.00870803,0.0209467,0.0991292,-0.450266,-0.114857,9.89422,0.00724627,0.0197572,0.0998377,0.01,-0.005,0.002,0.0001,-0.0002,0.00015
43.1,-0.44845,-0.125629,9.90302,0.00547602,0.0195422,0.0994868,-0.459418,-0.120796,9.89945,0.00706125,0.0196537,0.0999931,0.01,-0.005,0.002,0.0001,-0.0002,0.00015
43.2,-0.452682,-0.126789,9.8905,0.00761689,0.0208929,0.100732,-0.46179,-0.120996,9.88889,0.00700895,0.0197917,0.0999848,0.01,-0.005,0.002,0.0001,-0.0002,0.00015
43.3,-0.449351,-0.131245,9.89257,0.00782683,0.0181572,0.0998795,-0.458731,-0.12747,9.88892,0.00699106,0.0196159,0.100008,0.01,-0.005,0.002,0.0001,-0.0002,0.00015
43.4,-0.454981,-0.112388,9.89778,0.00647943,0.0188849,0.0990963,-0.465211,-0.107118,9.89559,0.00690006,0.0195001,0.100027,0.01,-0.005,0.002,0.0001,-0.0002,0.00015
43.5,-0.453026,-0.107502,9.8956,0.00548083,0.020059,0.100291,-0.462731,-0.102565,9.89342,0.00666587,0.0193845,0.100011,0.01,-0.005,0.002,0.0001,-0.0002,0.00015
43.6,-0.454688,-0.107553,9.88949,0.00599674,0.0199974,0.10087,-0.465722,-0.102574,9.88666,0.00654602,0.0193341,0.099832,0.01,-0.005,0.002,0.0001,-0.0002,0.00015
43.7,-0.464249,-0.104232,9.88995,0.00619635,0.018867,0.103923,-0.473985,-0.0998662,9.88955,0.00638248,0.0190951,0.100172,0.01,-0.005,0.002,0.0001,-0.0002,0.00015
43.8,-0.462459,-0.106565,9.89367,0.00748423,0.0164782,0.0992662,-0.473606,-0.102526,9.88906,0.00606005,0.0190696,0.0999675,0.01,-0.005,0.002,0.0001,-0.0002,0.00015
43.9,-0.458285,-0.102189,9.89052,0.00353305,0.0190011,0.102033,-0.466782,-0.0973155,9.88638,0.0058718,0.0191417,0.100014,0.01,-0.005,0.002,0.0001,-0.0002,0.00015
44,-0.470168,-0.105709,9.89811,0.00622717,0.0178143,0.10111,-0.479505,-0.101549,9.89691,0.00580427,0.0187941,0.100082,0.01,-0.005,0.002,0.0001,-0.0002,0.00015
44.1,-0.469988,-0.0907377,9.8974,0.00607823,0.0197554,0.100317,-0.479974,-0.0847577,9.8936,0.0057974,0.0188352,0.0999547,0.01,-0.005,0.002,0.0001,-0.0002,0.00015
44.2,-0.465685,-0.0845216,9.89401,0.00474084,0.016341,0.101136,-0.476916,-0.0792224,9.89165,0.00544049,0.0188473,0.100024,0.01,-0.005,0.002,0.0001,-0.0002,0.00015
44.3,-0.469452,-0.0823636,9.88985,0.00538477,0.0187581,0.101237,-0.480148,-0.0780491,9.89008,0.0054694,0.0186157,0.0999529,0.01,-0.005,0.002,0.0001,-0.0002,0.00015
44.4,-0.475593,-0.0766961,9.88253,0.00664091,0.0194902,0.0981095,-0.484841,-0.0729236,9.88041,0.0051053,0.018591,0.0999373,0.01,-0.005,0.002,0.0001,-0.0002,0.00015
44.5,-0.47651,-0.0930877,9.88822,0.00589267,0.018611,0.101079,-0.48795,-0.0871046,9.88525,0.00523295,0.0185431,0.100014,0.01,-0.005,0.002,0.0001,-0.0002,0.00015
44.6,-0.470027,-0.0864979,9.90154,0.00618381,0.0169427,0.0997715,-0.478372,-0.0820219,9.89806,0.00479589,0.018361,0.0998662,0.01,-0.005,0.002,0.0001,-0.0002,0.00015
44.7,-0.476137,-0.0781311,9.88893,0.00261402,0.0177943,0.0990969,-0.486148,-0.0727479,9.88659,0.00475372,0.0181735,0.100071,0.01,-0.005,0.002,0.0001,-0.0002,0.00015
44.8,-0.476425,-0.0748993,9.89224,0.00372092,0.019686,0.0997132,-0.488297,-0.0706511,9.89006,0.00457148,0.0181467,0.0999635,0.01,-0.005,0.002,0.0001,-0.0002,0.00015
44.9,-0.474334,-0.0679316,9.88063,0.00354655,0.0175931,0.0995311,-0.484748,-0.0641033,9.87919,0.00417728,0.0179264,0.100137,0.01,-0.005,0.002,0.0001,-0.0002,0.00015
45,-0.469942,-0.0718264,9.89275,0.00471932,0.0179137,0.0998821,-0.480339,-0.0659621,9.89051,0.00429527,0.0179044,0.100062,0.01,-0.005,0.002,0.0001,-0.0002,0.00015
45.1,-0.476468,-0.0644957,9.87922,0.00460598,0.0186715,0.10017,-0.48681,-0.0599031,9.87845,0.00399839,0.0176581,0.100165,0.01,-0.005,0.002,0.0001,-0.0002,0.00015
45.2,-0.479664,-0.0576845,9.88911,0.00501273,0.0191438,0.0995794,-0.49022,-0.0526808,9.88691,0.00376744,0.0176816,0.099981,0.01,-0.005,0.002,0.0001,-0.0002,0.00015
45.3,-0.485375,-0.0524552,9.89274,0.00130689,0.0173609,0.0995209,-0.493636,-0.0487859,9.89037,0.00352244,0.0174881,0.0999149,0.01,-0.005,0.002,0.0001,-0.0002,0.00015
45.4,-0.482156,-0.0634706,9.88863,0.00340614,0.0178295,0.100106,-0.491679,-0.0576451,9.88783,0.00330251,0.0173654,0.0999893,0.01,-0.005,0.002,0.0001,-0.0002,0.00015
45.5,-0.471671,-0.0537364,9.89145,0.00301786,0.017515,0.0984235,-0.48285,-0.0491258,9.88959,0.00308927,0.0171943,0.100016,0.01,-0.005,0.002,0.0001,-0.0002,0.00015
45.6,-0.484783,-0.0518126,9.88176,0.00237898,0.0148728,0.0990006,-0.493798,-0.0460508,9.88002,0.00302694,0.0170333,0.100077,0.01,-0.005,0.002,0.0001,-0.0002,0.00015
45.7,-0.488389,-0.0428863,9.89972,0.00426613,0.0168178,0.099933,-0.498578,-0.0382023,9.89589,0.00276813,0.0169268,0.10001,0.01,-0.005,0.002,0.0001,-0.0002,0.00015
45.8,-0.483541,-0.0399125,9.88441,0.00221022,0.0175635,0.0986638,-0.494217,-0.0346414,9.88225,0.00259207,0.0166258,0.0999286,0.01,-0.005,0.002,0.0001,-0.0002,0.00015
45.9,-0.488987,-0.0470552,9.88034,0.00193011,0.0155657,0.100781,-0.498927,-0.0411217,9.8774,0.00241311,0.0164035,0.100041,0.01,-0.005,0.002,0.0001,-0.0002,0.00015
46,-0.488998,-0.0437179,9.88304,0.00544733,0.0151383,0.10127,-0.499038,-0.038352,9.88322,0.00231713,0.0162917,0.100056,0.01,-0.005,0.002,0.0001,-0.0002,0.00015
46.1,-0.484744,-0.0325926,9.88489,0.00280201,0.0167596,0.100233,-0.494997,-0.0265742,9.88479,0.00192702,0.0161059,0.100059,0.01,-0.005,0.002,0.0001,-0.0002,0.00015
46.2,-0.484843,-0.0346827,9.88878,0.00146315,0.015477,0.100093,-0.496117,-0.0312172,9.88673,0.00179026,0.0158025,0.100184,0.01,-0.005,0.002,0.0001,-0.0002,0.00015
46.3,-0.485756,-0.0320626,9.88613,0.000891177,0.0172055,0.0999388,-0.49666,-0.0269231,9.8846,0.00139829,0.0158466,0.0999419,0.01,-0.005,0.002,0.0001,-0.0002,0.00015
46.4,-0.489877,-0.0232162,9.8902,0.00109488,0.0144064,0.101254,-0.501348,-0.0179729,9.88867,0.00150632,0.0156198,0.099949,0.01,-0.005,0.002,0.0001,-0.0002,0.00015
46.5,-0.488223,-0.0284312,9.88088,0.00188298,0.0156966,0.100071,-0.499497,-0.022211,9.87895,0.00118827,0.0155773,0.0998673,0.01,-0.005,0.002,0.0001,-0.0002,0.00015
46.6,-0.488554,-0.0158772,9.87991,0.00164882,0.016006,0.101386,-0.497336,-0.011581,9.87775,0.000987263,0.0151543,0.100036,0.01,-0.005,0.002,0.0001,-0.0002,0.00015
46.7,-0.493854,-0.0150608,9.88623,0.00171839,0.0154851,0.10152,-0.505743,-0.00996683,9.88399,0.000884115,0.0149275,0.0999497,0.01,-0.005,0.002,0.0001,-0.0002,0.00015
46.8,-0.485939,-0.0217887,9.87845,0.00104115,0.0152855,0.0996492,-0.49706,-0.0167999,9.87668,0.000752014,0.0147015,0.100053,0.01,-0.005,0.002,0.0001,-0.0002,0.00015
46.9,-0.490848,-0.0180566,9.88,-0.000506891,0.0151963,0.0995327,-0.500729,-0.0133213,9.87791,0.000724397,0.0144767,0.0999475,0.01,-0.005,0.002,0.0001,-0.0002,0.00015
47,-0.490036,-0.0132553,9.88267,0.00116534,0.0157819,0.0982663,-0.500238,-0.0093299,9.88053,0.000238732,0.0143895,0.100013,0.01,-0.005,0.002,0.0001,-0.0002,0.00015
47.1,-0.489199,-0.00547867,9.87874,-0.00113272,0.0151617,0.101144,-0.499004,-0.000820775,9.87589,1.61275e-05,0.0140806,0.100125,0.01,-0.005,0.002,0.0001,-0.0002,0.00015
47.2,-0.489456,-0.00644273,9.88414,-0.000459456,0.0144974,0.100688,-0.499609,-0.000584734,9.88255,-0.000254395,0.0138964,0.100002,0.01,-0.005,0.002,0.0001,-0.0002,0.00015
47.3,-0.48156,0.00515643,9.87863,0.000149712,0.0144994,0.0999364,-0.492601,0.00932971,9.87752,-0.000161161,0.0136272,0.0999879,0.01,-0.005,0.002,0.0001,-0.0002,0.00015
47.4,-0.487927,0.00534584,9.89083,4.65039e-05,0.0123007,0.100595,-0.499186,0.0104501,9.88838,-0.000501468,0.0134561,0.0999485,0.01,-0.005,0.002,0.0001,-0.0002,0.00015
47.5,-0.489562,0.00666429,9.88081,-0.00110707,0.0139448,0.100101,-0.499852,0.0127795,9.87846,-0.000822074,0.0132373,0.0999979,0.01,-0.005,0.002,0.0001,-0.0002,0.00015
47.6,-0.484113,0.0197847,9.88026,-0.00153641,0.0135209,0.0996948,-0.494618,0.0250364,9.87937,-0.000906443,0.0131483,0.0999658,0.01,-0.005,0.002,0.0001,-0.0002,0.00015
47.7,-0.48832,0.0110522,9.8858,0.0023426,0.0135186,0.0990979,-0.499285,0.015976,9.88367,-0.000939999,0.012798,0.099903,0.01,-0.005,0.002,0.0001,-0.0002,0.00015
47.8,-0.492891,0.0121276,9.88738,-0.00176555,0.0123256,0.101198,-0.503562,0.01603,9.88643,-0.00145563,0.0126912,0.0999695,0.01,-0.005,0.002,0.0001,-0.0002,0.00015
47.9,-0.488209,0.0156412,9.87493,-0.00340056,0.00982084,0.0994409,-0.495822,0.0207033,9.87225,-0.00151871,0.0123057,0.100107,0.01,-0.005,0.002,0.0001,-0.0002,0.00015
48,-0.485205,0.0206102,9.88237,-0.000165564,0.010416,0.0994475,-0.495237,0.0265138,9.88218,-0.00201687,0.0121117,0.10009,0.01,-0.005,0.002,0.0001,-0.0002,0.00015
48.1,-0.484421,0.0177399,9.8754,-0.00360169,0.0121418,0.099497,-0.494594,0.0225287,9.87363,-0.00195411,0.0121723,0.100153,0.01,-0.005,0.002,0.0001,-0.0002,0.00015
48.2,-0.489064,0.0253029,9.87867,-0.00164665,0.0120636,0.099725,-0.499217,0.0313537,9.87676,-0.00213309,0.0114888,0.100245,0.01,-0.005,0.002,0.0001,-0.0002,0.00015
48.3,-0.493449,0.0159855,9.87496,-0.000589697,0.0112373,0.100932,-0.503146,0.0211057,9.87477,-0.00220489,0.0112922,0.0999178,0.01,-0.005,0.002,0.0001,-0.0002,0.00015
48.4,-0.488425,0.0314236,9.88487,-0.0043268,0.0114652,0.101533,-0.497247,0.0378802,9.88267,-0.00248832,0.011111,0.100005,0.01,-0.005,0.002,0.0001,-0.0002,0.00015
48.5,-0.482504,0.039585,9.87788,-0.00421896,0.0106342,0.0990615,-0.491973,0.0433419,9.87486,-0.00254257,0.0108265,0.100136,0.01,-0.005,0.002,0.0001,-0.0002,0.00015
48.6,-0.481748,0.0357191,9.87652,-0.00186555,0.00962776,0.100561,-0.492038,0.0424978,9.87557,-0.00295876,0.0107448,0.100092,0.01,-0.005,0.002,0.0001,-0.0002,0.00015
48.7,-0.489079,0.038995,9.88305,-0.00177378,0.00932455,0.100417,-0.495981,0.0448534,9.88046,-0.00297248,0.0102681,0.0999422,0.01,-0.005,0.002,0.0001,-0.0002,0.00015
48.8,-0.482632,0.0453094,9.87764,-0.00430338,0.0103033,0.100361,-0.492516,0.0495477,9.87711,-0.00335402,0.0101674,0.0999743,0.01,-0.005,0.002,0.0001,-0.0002,0.00015
48.9,-0.480719,0.0522234,9.87615,-0.00472181,0.00948726,0.0990645,-0.492072,0.0569029,9.87293,-0.00321237,0.00996367,0.100107,0.01,-0.005,0.002,0.0001,-0.0002,0.00015
49,-0.478632,0.050585,9.87546,-0.0030783,0.0109259,0.100154,-0.488295,0.0549173,9.87506,-0.00368974,0.00960919,0.100025,0.01,-0.005,0.002,0.0001,-0.0002,0.00015
49.1,-0.468646,0.064863,9.87392,-0.0036346,0.00801381,0.101077,-0.479268,0.0688309,9.8717,-0.00372462,0.00947327,0.100037,0.01,-0.005,0.002,0.0001,-0.0002,0.00015
49.2,-0.485028,0.0519302,9.87161,-0.0050842,0.00786196,0.101202,-0.493451,0.0562881,9.86916,-0.00402263,0.00905599,0.100135,0.01,-0.005,0.002,0.0001,-0.0002,0.00015
49.3,-0.481567,0.0620015,9.86255,-0.00251477,0.00779959,0.0992558,-0.492532,0.0651368,9.86117,-0.00436826,0.0087245,0.100033,0.01,-0.005,0.002,0.0001,-0.0002,0.00015
49.4,-0.474874,0.0616184,9.86977,-0.00467509,0.00793294,0.0988146,-0.484606,0.068545,9.86684,-0.00435822,0.00857786,0.0999613,0.01,-0.005,0.002,0.0001,-0.0002,0.00015
49.5,-0.474664,0.0584839,9.86976,-0.00312568,0.00675041,0.101227,-0.484593,0.0624358,9.86904,-0.00458948,0.00842697,0.100001,0.01,-0.005,0.002,0.0001,-0.0002,0.00015
49.6,-0.46825,0.0721391,9.86917,-0.00632455,0.00836958,0.0999402,-0.477289,0.0770146,9.8687,-0.00479489,0.00804139,0.0999908,0.01,-0.005,0.002,0.0001,-0.0002,0.00015
49.7,-0.483521,0.064406,9.8712,-0.00564394,0.00727404,0.100755,-0.492783,0.0693968,9.86942,-0.00506398,0.00769146,0.0999966,0.01,-0.005,0.002,0.0001,-0.0002,0.00015
49.8,-0.471119,0.073373,9.86976,-0.00435748,0.00853494,0.0997552,-0.482122,0.0792567,9.8687,-0.00506143,0.00754424,0.0999911,0.01,-0.005,0.002,0.0001,-0.0002,0.00015
49.9,-0.466126,0.0669446,9.87475,-0.00705212,0.00679438,0.101674,-0.474516,0.072867,9.87263,-0.00528659,0.0075078,0.100253,0.01,-0.005,0.002,0.0001,-0.0002,0.00015
50,-0.471959,0.0773538,9.8704,-0.00479179,0.00796892,0.0995946,-0.481192,0.0822183,9.86897,-0.00534049,0.00694265,0.0999559,0.01,-0.005,0.002,0.0001,-0.0002,0.00015
50.1,-0.465102,0.0743938,9.86708,-0.00503471,0.00481146,0.101639,-0.474064,0.079806,9.86465,-0.00581603,0.00650925,0.0999514,0.01,-0.005,0.002,0.0001,-0.0002,0.00015
50.2,-0.463734,0.0927394,9.86653,-0.00766724,0.004041,0.101729,-0.472583,0.0987168,9.86367,-0.00583617,0.00650199,0.099917,0.01,-0.005,0.002,0.0001,-0.0002,0.00015
50.3,-0.468663,0.0913696,9.87634,-0.00690658,0.00584831,0.101606,-0.480416,0.0950339,9.87402,-0.00599147,0.00614132,0.100056,0.01,-0.005,0.002,0.0001,-0.0002,0.00015
50.4,-0.459044,0.0851872,9.87179,-0.00644002,0.00676659,0.0991429,-0.468085,0.0913033,9.87059,-0.00617994,0.00584775,0.0999879,0.01,-0.005,0.002,0.0001,-0.0002,0.00015
50.5,-0.458353,0.087081,9.87005,-0.00545924,0.0055231,0.0991207,-0.469457,0.0907024,9.86822,-0.00629067,0.00541865,0.0998436,0.01,-0.005,0.002,0.0001,-0.0002,0.00015
50.6,-0.458146,0.0952883,9.8702,-0.00483525,0.0063944,0.0997519,-0.466717,0.100098,9.86733,-0.00621378,0.00523491,0.0999462,0.01,-0.005,0.002,0.0001,-0.0002,0.00015
50.7,-0.46385,0.0977611,9.86367,-0.00536772,0.0055599,0.100514,-0.474461,0.102567,9.86243,-0.00654098,0.00479275,0.100105,0.01,-0.005,0.002,0.0001,-0.0002,0.00015
50.8,-0.45478,0.105166,9.86796,-0.00691296,0.00375846,0.100659,-0.466509,0.110605,9.8668,-0.00663586,0.00455011,0.100119,0.01,-0.005,0.002,0.0001,-0.0002,0.00015
50.9,-0.450932,0.109074,9.86639,-0.00711171,0.00456776,0.101182,-0.459588,0.114805,9.86422,-0.00700682,0.00426315,0.0999661,0.01,-0.005,0.002,0.0001,-0.0002,0.00015
51,-0.453794,0.097909,9.86234,-0.00559992,0.00447359,0.101333,-0.463097,0.104466,9.86227,-0.00690618,0.00400593,0.100033,0.01,-0.005,0.002,0.0001,-0.0002,0.00015
51.1,-0.455633,0.108707,9.86432,-0.0071535,0.00422597,0.0995756,-0.465819,0.113774,9.86243,-0.00710548,0.00359271,0.100039,0.01,-0.005,0.002,0.0001,-0.0002,0.00015
51.2,-0.44562,0.113014,9.86623,-0.00789831,0.00334586,0.0999708,-0.45706,0.11728,9.86338,-0.00719843,0.00349757,0.100076,0.01,-0.005,0.002,0.0001,-0.0002,0.00015
51.3,-0.441264,0.114754,9.86596,-0.00760513,0.00274854,0.0985353,-0.451773,0.119671,9.86317,-0.00745087,0.00327493,0.0999408,0.01,-0.005,0.002,0.0001,-0.0002,0.00015
51.4,-0.442274,0.118112,9.86854,-0.00950583,0.00189774,0.101142,-0.452086,0.122138,9.86452,-0.00761732,0.0027256,0.0999731,0.01,-0.005,0.002,0.0001,-0.0002,0.00015
51.5,-0.436997,0.11843,9.86749,-0.00819705,0.00156927,0.0988908,-0.446336,0.123463,9.86526,-0.00762322,0.00256517,0.100126,0.01,-0.005,0.002,0.0001,-0.0002,0.00015
51.6,-0.435587,0.117928,9.86603,-0.00584591,0.00319331,0.1013,-0.445128,0.12276,9.86424,-0.00790753,0.00213569,0.100181,0.01,-0.005,0.002,0.0001,-0.0002,0.00015
51.7,-0.449184,0.133994,9.86886,-0.00758251,0.00270598,0.0993362,-0.459762,0.138578,9.86781,-0.00783107,0.00198032,0.100105,0.01,-0.005,0.002,0.0001,-0.0002,0.00015
51.8,-0.42507,0.132194,9.8646,-0.00769605,0.000837948,0.101157,-0.435103,0.135739,9.86256,-0.00806385,0.00179074,0.0999338,0.01,-0.005,0.002,0.0001,-0.0002,0.00015
51.9,-0.429698,0.124814,9.8602,-0.00888916,0.00147039,0.100534,-0.440118,0.129237,9.85864,-0.00815572,0.00136352,0.0999913,0.01,-0.005,0.002,0.0001,-0.0002,0.00015
52,-0.430124,0.130992,9.86194,-0.00805733,0.00130356,0.101944,-0.440894,0.13496,9.86026,-0.00835158,0.00106394,0.0999512,0.01,-0.005,0.002,0.0001,-0.0002,0.00015
52.1,-0.424053,0.13447,9.85899,-0.00980872,0.000604482,0.101179,-0.433235,0.137332,9.85728,-0.00841556,0.000676787,0.0997499,0.01,-0.005,0.002,0.0001,-0.0002,0.00015
52.2,-0.420094,0.140458,9.85875,-0.00965626,0.000844548,0.097305,-0.431077,0.147857,9.85654,-0.0085171,0.00038871,0.100062,0.01,-0.005,0.002,0.0001,-0.0002,0.00015
52.3,-0.425554,0.143918,9.87155,-0.00657359,-0.0013491,0.0998324,-0.432818,0.148268,9.8686,-0.00879769,0.000129489,0.100156,0.01,-0.005,0.002,0.0001,-0.0002,0.00015
52.4,-0.420342,0.143429,9.85977,-0.00930439,0.00137548,0.100237,-0.429265,0.148246,9.85775,-0.00850956,-0.000258975,0.0999096,0.01,-0.005,0.002,0.0001,-0.0002,0.00015
52.5,-0.420461,0.139051,9.86241,-0.0101948,-0.00122513,0.100416,-0.430436,0.144429,9.86204,-0.00878487,-0.000145887,0.0998291,0.01,-0.005,0.002,0.0001,-0.0002,0.00015
52.6,-0.414919,0.151333,9.85953,-0.00870309,-0.00231304,0.102568,-0.425027,0.157738,9.85942,-0.00882356,-0.000721965,0.0999652,0.01,-0.005,0.002,0.0001,-0.0002,0.00015
52.7,-0.408701,0.142382,9.85892,-0.00906447,-0.00168374,0.101853,-0.417319,0.148474,9.85722,-0.00917059,-0.00111271,0.100176,0.01,-0.005,0.002,0.0001,-0.0002,0.00015
52.8,-0.411679,0.150519,9.87113,-0.00820104,-0.00164813,0.100198,-0.421607,0.153854,9.86989,-0.00895748,-0.00128004,0.100025,0.01,-0.005,0.002,0.0001,-0.0002,0.00015
52.9,-0.406251,0.162918,9.85879,-0.00954919,-0.00381639,0.10006,-0.417094,0.170646,9.85599,-0.00930454,-0.00167452,0.0999733,0.01,-0.005,0.002,0.0001,-0.0002,0.00015
53,-0.411623,0.158217,9.86143,-0.00837495,-0.00186188,0.0996598,-0.421005,0.164368,9.8604,-0.00903782,-0.00190219,0.0999207,0.01,-0.005,0.002,0.0001,-0.0002,0.00015
53.1,-0.394116,0.164522,9.85229,-0.00851618,-0.0017451,0.102849,-0.403533,0.169343,9.84811,-0.0093257,-0.0022014,0.0999416,0.01,-0.005,0.002,0.0001,-0.0002,0.00015
53.2,-0.40049,0.165364,9.85842,-0.00947952,-0.00156392,0.100885,-0.410538,0.170637,9.85797,-0.00941579,-0.00243972,0.0999913,0.01,-0.005,0.002,0.0001,-0.0002,0.00015
53.3,-0.399631,0.164717,9.86077,-0.0101692,-0.00222204,0.100064,-0.409519,0.17081,9.85843,-0.00940247,-0.00295439,0.0999855,0.01,-0.005,0.002,0.0001,-0.0002,0.00015
53.4,-0.393887,0.174061,9.85844,-0.00887741,-0.00248004,0.0987898,-0.402578,0.178641,9.856,-0.00964466,-0.00315433,0.100084,0.01,-0.005,0.002,0.0001,-0.0002,0.00015
53.5,-0.388215,0.171397,9.86612,-0.00998894,-0.00317716,0.099195,-0.399487,0.176081,9.86575,-0.00970716,-0.00344725,0.0998607,0.01,-0.005,0.002,0.0001,-0.0002,0.00015
53.6,-0.383858,0.167817,9.85788,-0.00986767,-0.00253356,0.101003,-0.393185,0.174604,9.85622,-0.00955121,-0.00366551,0.100057,0.01,-0.005,0.002,0.0001,-0.0002,0.00015
53.7,-0.385829,0.176429,9.86024,-0.00965995,-0.00327016,0.0995231,-0.395588,0.180665,9.85726,-0.00989984,-0.00390552,0.0999012,0.01,-0.005,0.002,0.0001,-0.0002,0.00015
53.8,-0.381388,0.178552,9.86176,-0.00712809,-0.00476433,0.100982,-0.390944,0.183605,9.85956,-0.00976182,-0.00436682,0.100186,0.01,-0.005,0.002,0.0001,-0.0002,0.00015
53.9,-0.385393,0.184458,9.85591,-0.0101818,-0.00506579,0.101743,-0.395097,0.188894,9.85587,-0.00976068,-0.00457964,0.0999624,0.01,-0.005,0.002,0.0001,-0.0002,0.00015
54,-0.377823,0.177774,9.85477,-0.00863885,-0.00630183,0.10073,-0.387936,0.181929,9.8529,-0.00982008,-0.00499127,0.0999435,0.01,-0.005,0.002,0.0001,-0.0002,0.00015
54.1,-0.374567,0.183236,9.85502,-0.00955346,-0.00773862,0.0988085,-0.384329,0.186944,9.85196,-0.00972815,-0.00524449,0.100006,0.01,-0.005,0.002,0.0001,-0.0002,0.00015
54.2,-0.366053,0.189995,9.86012,-0.00823237,-0.00496004,0.101279,-0.377015,0.195534,9.8577,-0.00994645,-0.00563376,0.0999023,0.01,-0.005,0.002,0.0001,-0.0002,0.00015
54.3,-0.3702,0.193437,9.8503,-0.00898885,-0.00617475,0.0990625,-0.380756,0.198327,9.84854,-0.00995362,-0.00565711,0.100104,0.01,-0.005,0.002,0.0001,-0.0002,0.00015
54.4,-0.36435,0.1872,9.85635,-0.0101824,-0.00585719,0.0997767,-0.374445,0.190466,9.85252,-0.0100342,-0.00617792,0.100082,0.01,-0.005,0.002,0.0001,-0.0002,0.00015
54.5,-0.361261,0.189951,9.85075,-0.0102077,-0.00549583,0.0994335,-0.371408,0.193933,9.84928,-0.00994687,-0.00647816,0.0999201,0.01,-0.005,0.002,0.0001,-0.0002,0.00015
54.6,-0.350762,0.194764,9.85529,-0.00924511,-0.00665816,0.0986144,-0.362599,0.200084,9.85173,-0.0100499,-0.0066174,0.100004,0.01,-0.005,0.002,0.0001,-0.0002,0.00015
54.7,-0.351434,0.200949,9.85449,-0.0113355,-0.00612337,0.100797,-0.36255,0.205059,9.85305,-0.0100702,-0.00688708,0.100069,0.01,-0.005,0.002,0.0001,-0.0002,0.00015
54.8,-0.345585,0.20054,9.85199,-0.01019,-0.00631922,0.0994318,-0.357474,0.204453,9.85131,-0.00992135,-0.0071508,0.100086,0.01,-0.005,0.002,0.0001,-0.0002,0.00015
54.9,-0.344503,0.196507,9.84418,-0.00950866,-0.00675773,0.100883,-0.35646,0.202195,9.84144,-0.0100379,-0.00754129,0.100049,0.01,-0.005,0.002,0.0001,-0.0002,0.00015
55,-0.33631,0.202039,9.84891,-0.00922538,-0.00799452,0.102642,-0.347401,0.207378,9.84768,-0.0102078,-0.00759142,0.100169,0.01,-0.005,0.002,0.0001,-0.0002,0.00015
55.1,-0.33726,0.208099,9.84886,-0.0103539,-0.00760005,0.100939,-0.346718,0.210758,9.84746,-0.00984041,-0.00804938,0.100259,0.01,-0.005,0.002,0.0001,-0.0002,0.00015
55.2,-0.335534,0.214044,9.85792,-0.00944755,-0.00888769,0.100258,-0.343461,0.218371,9.85553,-0.00995168,-0.00844098,0.0998908,0.01,-0.005,0.002,0.0001,-0.0002,0.00015
55.3,-0.3284,0.212046,9.85667,-0.0102419,-0.00874795,0.0995464,-0.33717,0.21808,9.85479,-0.0100318,-0.00865658,0.100089,0.01,-0.005,0.002,0.0001,-0.0002,0.00015
55.4,-0.320461,0.22181,9.855,-0.00906577,-0.00929878,0.10016,-0.331558,0.225343,9.85309,-0.00985309,-0.00884676,0.0998676,0.01,-0.005,0.002,0.0001,-0.0002,0.00015
55.5,-0.319472,0.208762,9.84366,-0.0111418,-0.0106682,0.100282,-0.329124,0.214332,9.8414,-0.00997507,-0.00913687,0.0999644,0.01,-0.005,0.002,0.0001,-0.0002,0.00015
55.6,-0.323229,0.221702,9.83938,-0.00871379,-0.0115074,0.100922,-0.333128,0.22306,9.83745,-0.00987537,-0.00929309,0.10006,0.01,-0.005,0.002,0.0001,-0.0002,0.00015
55.7,-0.31616,0.219738,9.85432,-0.00783541,-0.00993828,0.100781,-0.326614,0.226055,9.852,-0.010009,-0.00967402,0.0999449,0.01,-0.005,0.002,0.0001,-0.0002,0.00015
55.8,-0.317943,0.218751,9.854,-0.0101145,-0.0113429,0.100008,-0.328792,0.224604,9.8522,-0.00983815,-0.0100423,0.100099,0.01,-0.005,0.002,0.0001,-0.0002,0.00015
55.9,-0.304786,0.225116,9.85153,-0.00932836,-0.0111252,0.0997663,-0.315548,0.231128,9.84891,-0.00988785,-0.0101993,0.100122,0.01,-0.005,0.002,0.0001,-0.0002,0.00015
56,-0.301654,0.228645,9.84948,-0.00850283,-0.0123009,0.101417,-0.312149,0.23245,9.84724,-0.00979409,-0.0104926,0.100053,0.01,-0.005,0.002,0.0001,-0.0002,0.00015
56.1,-0.288692,0.226198,9.8488,-0.0116811,-0.0112752,0.100115,-0.299025,0.233787,9.8476,-0.00975555,-0.0106318,0.100173,0.01,-0.005,0.002,0.0001,-0.0002,0.00015
56.2,-0.298916,0.224674,9.84364,-0.00793554,-0.0103624,0.0998814,-0.306372,0.229513,9.84212,-0.00980549,-0.0108603,0.100085,0.01,-0.005,0.002,0.0001,-0.0002,0.00015
56.3,-0.284407,0.234695,9.84091,-0.0104214,-0.00981862,0.0989959,-0.295081,0.240332,9.83871,-0.00961133,-0.01115,0.0999439,0.01,-0.005,0.002,0.0001,-0.0002,0.00015
56.4,-0.283899,0.228575,9.84454,-0.0106417,-0.0109487,0.100604,-0.294298,0.233536,9.84374,-0.00963757,-0.0111691,0.100044,0.01,-0.005,0.002,0.0001,-0.0002,0.00015
56.5,-0.282856,0.233782,9.84768,-0.00838886,-0.0130378,0.0998391,-0.29347,0.239593,9.8458,-0.00953512,-0.0115086,0.100054,0.01,-0.005,0.002,0.0001,-0.0002,0.00015
56.6,-0.280657,0.224716,9.83795,-0.00791639,-0.0129392,0.100057,-0.293131,0.230164,9.83557,-0.00927646,-0.0119586,0.0999491,0.01,-0.005,0.002,0.0001,-0.0002,0.00015
56.7,-0.274908,0.250301,9.84099,-0.0102712,-0.0116685,0.100518,-0.284777,0.253735,9.83991,-0.00949912,-0.0121399,0.100017,0.01,-0.005,0.002,0.0001,-0.0002,0.00015
56.8,-0.275577,0.237109,9.84308,-0.00777778,-0.0131056,0.0998762,-0.28576,0.242058,9.8401,-0.00949431,-0.0125391,0.0999368,0.01,-0.005,0.002,0.0001,-0.0002,0.00015
56.9,-0.275013,0.241827,9.83987,-0.0124551,-0.0109091,0.100128,-0.284801,0.2475,9.83961,-0.00936293,-0.0125277,0.0999495,0.01,-0.005,0.002,0.0001,-0.0002,0.00015
57,-0.262469,0.240261,9.84437,-0.00751652,-0.0120214,0.0990787,-0.272455,0.24513,9.84242,-0.00916572,-0.0128527,0.0999936,0.01,-0.005,0.002,0.0001,-0.0002,0.00015
57.1,-0.259264,0.246724,9.8399,-0.00764099,-0.0138789,0.0991335,-0.268376,0.251424,9.8398,-0.00905587,-0.0131482,0.100175,0.01,-0.005,0.002,0.0001,-0.0002,0.00015
57.2,-0.256795,0.243934,9.83912,-0.0104598,-0.0119801,0.101675,-0.266322,0.25016,9.83657,-0.00890226,-0.0132806,0.100081,0.01,-0.005,0.002,0.0001,-0.0002,0.00015
57.3,-0.250612,0.251351,9.84015,-0.00955328,-0.012943,0.099563,-0.262216,0.257185,9.8382,-0.00904995,-0.0135035,0.100064,0.01,-0.005,0.002,0.0001,-0.0002,0.00015
57.4,-0.246309,0.246812,9.83265,-0.00926611,-0.0146067,0.0990757,-0.256633,0.249652,9.83025,-0.00889297,-0.0136568,0.0998795,0.01,-0.005,0.002,0.0001,-0.0002,0.00015
57.5,-0.240912,0.248293,9.83694,-0.00931276,-0.0137431,0.100974,-0.250774,0.254569,9.83485,-0.00874375,-0.0140895,0.0999273,0.01,-0.005,0.002,0.0001,-0.0002,0.00015
57.6,-0.239939,0.258007,9.84177,-0.00800796,-0.0151733,0.0994213,-0.251096,0.262924,9.83903,-0.00854421,-0.0140827,0.100057,0.01,-0.005,0.002,0.0001,-0.0002,0.00015
57.7,-0.237623,0.260689,9.84092,-0.00678621,-0.0142342,0.099328,-0.248686,0.266242,9.83838,-0.00859487,-0.0143645,0.0999134,0.01,-0.005,0.002,0.0001,-0.0002,0.00015
57.8,-0.228597,0.259176,9.83714,-0.00892407,-0.0153182,0.100308,-0.238405,0.264016,9.83507,-0.00853074,-0.0144211,0.0999249,0.01,-0.005,0.002,0.0001,-0.0002,0.00015
57.9,-0.231072,0.254277,9.84405,-0.0086545,-0.0152981,0.0987732,-0.240521,0.259127,9.84263,-0.0083577,-0.0145389,0.0999831,0.01,-0.005,0.002,0.0001,-0.0002,0.00015
58,-0.220106,0.254392,9.84066,-0.00856233,-0.0154129,0.0991162,-0.227871,0.260625,9.83884,-0.00813374,-0.0150913,0.099943,0.01,-0.005,0.002,0.0001,-0.0002,0.00015
58.1,-0.217802,0.259161,9.84217,-0.00781685,-0.013933,0.100183,-0.229243,0.262753,9.83965,-0.0081713,-0.0150952,0.100033,0.01,-0.005,0.002,0.0001,-0.0002,0.00015
58.2,-0.212858,0.265855,9.83145,-0.00689124,-0.0158187,0.0995345,-0.222391,0.271681,9.82939,-0.00792442,-0.0154324,0.0998689,0.01,-0.005,0.002,0.0001,-0.0002,0.00015
58.3,-0.217953,0.258289,9.83945,-0.00878452,-0.0154037,0.0999726,-0.228422,0.263506,9.83627,-0.00780217,-0.0156239,0.100015,0.01,-0.005,0.002,0.0001,-0.0002,0.00015
58.4,-0.198512,0.26107,9.83818,-0.00726256,-0.0143545,0.100734,-0.210318,0.265722,9.83671,-0.00763342,-0.0156553,0.099983,0.01,-0.005,0.002,0.0001,-0.0002,0.00015
58.5,-0.20237,0.256446,9.84228,-0.00796704,-0.0148364,0.0993272,-0.211667,0.261941,9.83836,-0.00770011,-0.0160411,0.0999574,0.01,-0.005,0.002,0.0001,-0.0002,0.00015
58.6,-0.184001,0.255497,9.8281,-0.00761399,-0.0168279,0.0997871,-0.195381,0.259982,9.82612,-0.00734245,-0.0161901,0.100001,0.01,-0.005,0.002,0.0001,-0.0002,0.00015
58.7,-0.187538,0.269982,9.82954,-0.00724635,-0.0161421,0.100774,-0.197612,0.274743,9.83056,-0.0073194,-0.0162155,0.0999974,0.01,-0.005,0.002,0.0001,-0.0002,0.00015
58.8,-0.188379,0.279062,9.83626,-0.00870548,-0.0153241,0.0997189,-0.200035,0.284645,9.83306,-0.00700184,-0.0163569,0.100198,0.01,-0.005,0.002,0.0001,-0.0002,0.00015
58.9,-0.183857,0.274511,9.82858,-0.00791295,-0.0161019,0.100753,-0.194369,0.279584,9.82688,-0.00712999,-0.0167073,0.0999254,0.01,-0.005,0.002,0.0001,-0.0002,0.00015
59,-0.174125,0.2651,9.83247,-0.00752999,-0.0161263,0.0994713,-0.185629,0.271322,9.82927,-0.00695464,-0.0168946,0.0999501,0.01,-0.005,0.002,0.0001,-0.0002,0.00015
59.1,-0.16633,0.280037,9.82723,-0.00729646,-0.0173244,0.101569,-0.176463,0.284574,9.82702,-0.00683888,-0.0170004,0.0999212,0.01,-0.005,0.002,0.0001,-0.0002,0.00015
59.2,-0.181531,0.274405,9.82565,-0.00741145,-0.0188931,0.0997914,-0.189864,0.279605,9.82375,-0.00660784,-0.0171462,0.0999486,0.01,-0.005,0.002,0.0001,-0.0002,0.00015
59.3,-0.157619,0.26825,9.827,-0.00579589,-0.0185835,0.100439,-0.168826,0.274628,9.82633,-0.00647799,-0.0172566,0.100166,0.01,-0.005,0.002,0.0001,-0.0002,0.00015
59.4,-0.164211,0.285406,9.82473,-0.00488364,-0.0170486,0.101305,-0.175144,0.291145,9.8215,-0.00628453,-0.0173793,0.100066,0.01,-0.005,0.002,0.0001,-0.0002,0.00015
59.5,-0.158237,0.277649,9.82218,-0.00698105,-0.0179431,0.100913,-0.170115,0.282201,9.82004,-0.00610806,-0.0177054,0.100076,0.01,-0.005,0.002,0.0001,-0.0002,0.00015
59.6,-0.150786,0.277408,9.82806,-0.00573267,-0.0179755,0.0987583,-0.162363,0.281548,9.82745,-0.00605098,-0.0177395,0.100158,0.01,-0.005,0.002,0.0001,-0.0002,0.00015
59.7,-0.141226,0.274259,9.8274,-0.00497369,-0.0185668,0.101221,-0.15128,0.278808,9.82521,-0.00601067,-0.0178163,0.100001,0.01,-0.005,0.002,0.0001,-0.0002,0.00015
59.8,-0.13715,0.282487,9.82829,-0.00495745,-0.0179685,0.0988928,-0.144869,0.288558,9.82737,-0.0058036,-0.0181526,0.0998966,0.01,-0.005,0.002,0.0001,-0.0002,0.00015
59.9,-0.133776,0.277302,9.82633,-0.00742392,-0.0189949,0.101636,-0.144214,0.279815,9.82397,-0.00573096,-0.0180872,0.0998718,0.01,-0.005,0.002,0.0001,-0.0002,0.00015
