time,pos_x,pos_y,pos_z,vel_x,vel_y,vel_z,q_w,q_x,q_y,q_z,true_pos_x,true_pos_y,true_pos_z,pos_error,vel_error
0,4.31866e+06,606948,4.64542e+06,9.93382,-0.00639379,0.0256297,1,6.90393e-07,0.000106511,0.00049363,4.31866e+06,606947,4.64542e+06,0.230886,36.4779
0.1,4.31866e+06,606948,4.64542e+06,9.27333,-0.0695682,0.29191,0.999984,-0.000405411,0.000945762,0.00549309,4.31866e+06,606951,4.64542e+06,3.59766,36.3036
0.2,4.31866e+06,606948,4.64542e+06,8.62252,-0.131685,0.566434,0.999943,-0.000388567,0.00193312,0.0105018,4.31866e+06,606954,4.64542e+06,7.2339,36.1518
0.3,4.31866e+06,606947,4.64542e+06,7.8664,-0.208971,0.725184,0.999875,-0.000364233,0.00291852,0.0155326,4.31866e+06,606958,4.64542e+06,10.8562,36.0417
0.4,4.31866e+06,606947,4.64542e+06,7.34027,-0.254358,1.12989,0.999783,-0.000341581,0.00391984,0.0204809,4.31866e+06,606961,4.64542e+06,14.4655,35.9171
0.5,4.31866e+06,606947,4.64542e+06,7.08179,-0.261807,1.81995,0.999667,-0.000305481,0.00489573,0.0253317,4.31866e+06,606965,4.64542e+06,17.9844,35.7694
0.6,4.31866e+06,606947,4.64542e+06,6.50947,-0.313823,2.16992,0.999524,-0.000265682,0.00590471,0.0302914,4.31866e+06,606968,4.64543e+06,21.5358,35.6965
0.7,4.31866e+06,606947,4.64542e+06,6.06775,-0.347761,2.65811,0.999357,-0.000207862,0.00688326,0.0351854,4.31866e+06,606972,4.64543e+06,25.067,35.6246
0.8,4.31866e+06,606947,4.64542e+06,5.48811,-0.401415,2.99565,0.999163,-0.000158011,0.00790196,0.0401387,4.31866e+06,606975,4.64543e+06,28.5808,35.5983
0.9,4.31866e+06,606947,4.64542e+06,5.095,-0.428982,3.53183,0.998951,-5.9613e-05,0.00888389,0.0449219,4.31866e+06,606979,4.64543e+06,32.1202,35.563
1,4.31866e+06,606947,4.64542e+06,4.47284,-0.488653,3.82009,0.998705,9.92565e-07,0.00986141,0.049907,4.31866e+06,606982,4.64543e+06,35.6975,35.5884
1.1,4.31866e+06,606947,4.64542e+06,4.00758,-0.51617,4.26046,0.998343,-0.000490929,0.0115112,0.0563725,4.31866e+06,606986,4.64543e+06,39.2577,35.5995
1.2,4.31866e+06,606947,4.64543e+06,3.56492,-0.550277,4.736,0.998053,-0.000403778,0.0124849,0.0611003,4.31866e+06,606989,4.64543e+06,42.8034,35.6377
1.3,4.31867e+06,606947,4.64543e+06,3.37688,-0.548858,5.48336,0.997769,-0.000317642,0.0134599,0.0653927,4.31866e+06,606993,4.64543e+06,46.3017,35.6571
1.4,4.31867e+06,606947,4.64543e+06,3.06075,-0.565426,6.09069,0.997457,-0.000206012,0.0144262,0.0697917,4.31866e+06,606996,4.64543e+06,49.6039,35.7208
1.5,4.31867e+06,606947,4.64543e+06,2.75342,-0.58113,6.70569,0.997132,-9.64287e-05,0.0153822,0.0740978,4.31866e+06,607000,4.64543e+06,53.0941,35.8067
1.6,4.31867e+06,606947,4.64543e+06,2.36967,-0.607842,7.23651,0.996782,3.77714e-05,0.0163539,0.0784688,4.31866e+06,607003,4.64543e+06,56.5921,35.925
1.7,4.31867e+06,606947,4.64543e+06,1.90612,-0.645866,7.67944,0.996402,0.00015807,0.0173582,0.0829519,4.31866e+06,607007,4.64543e+06,60.1,36.0744
1.8,4.31867e+06,606947,4.64543e+06,1.57311,-0.666091,8.25989,0.996044,0.000328548,0.0183616,0.0869425,4.31866e+06,607011,4.64543e+06,63.9803,36.2288
1.9,4.31867e+06,606947,4.64543e+06,1.20999,-0.690719,8.80582,0.99567,0.000465968,0.0193589,0.0909194,4.31866e+06,607014,4.64543e+06,67.4605,36.4078
2,4.31867e+06,606947,4.64543e+06,0.792539,-0.723529,9.29086,0.995271,0.000611343,0.0203177,0.0949858,4.31866e+06,607018,4.64543e+06,71.0152,36.613
2.1,4.31867e+06,606947,4.64543e+06,0.293615,-0.792337,9.68425,0.994119,0.00139817,0.0215021,0.106132,4.31866e+06,607021,4.64543e+06,74.6059,36.8693
2.2,4.31867e+06,606946,4.64543e+06,-0.269782,-0.846296,10.0092,0.99359,0.0015562,0.0225088,0.110767,4.31866e+06,607025,4.64543e+06,78.205,37.1279
2.3,4.31867e+06,606947,4.64544e+06,-0.792348,-0.894916,10.3754,0.993075,0.00172737,0.0234656,0.115098,4.31867e+06,607028,4.64543e+06,81.3759,37.4005
2.4,4.31867e+06,606947,4.64544e+06,-1.3311,-0.94552,10.7219,0.992534,0.00190184,0.0244454,0.119477,4.31867e+06,607032,4.64543e+06,84.9706,37.6921
2.5,4.31867e+06,606947,4.64544e+06,-1.86535,-0.99648,11.0709,0.991984,0.00207797,0.0254088,0.123762,4.31867e+06,607035,4.64543e+06,88.5831,38.0012
2.6,4.31867e+06,606946,4.64544e+06,-2.44349,-1.05331,11.3712,0.991371,0.00225228,0.0263553,0.128391,4.31867e+06,607039,4.64543e+06,92.8025,38.3319
2.7,4.31867e+06,606946,4.64544e+06,-2.93418,-1.09942,11.7616,0.990872,0.00242424,0.0272908,0.131992,4.31867e+06,607042,4.64543e+06,96.5255,38.6691
2.8,4.31867e+06,606946,4.64544e+06,-3.438,-1.14767,12.1351,0.990355,0.00263208,0.0282188,0.135625,4.31867e+06,607046,4.64544e+06,100.313,39.0232
2.9,4.31867e+06,606945,4.64544e+06,-4.04092,-1.20788,12.4032,0.989643,0.0028246,0.0291542,0.140533,4.31867e+06,607049,4.64544e+06,104.126,39.4037
3,4.31867e+06,606945,4.64544e+06,-4.52329,-1.2549,12.7945,0.98918,0.00305513,0.0300965,0.143554,4.31867e+06,607053,4.64544e+06,107.968,39.7856
3.1,4.31867e+06,606946,4.64545e+06,-5.14354,-1.30685,13.0473,0.988668,0.00306428,0.0308593,0.146879,4.31867e+06,607056,4.64544e+06,110.718,40.1895
3.2,4.31867e+06,606946,4.64545e+06,-5.63265,-1.3558,13.4267,0.988224,0.00334514,0.0317897,0.149637,4.31867e+06,607060,4.64544e+06,114.5,40.6002
3.3,4.31867e+06,606946,4.64545e+06,-6.09984,-1.404,13.8248,0.987874,0.00364803,0.032724,0.151727,4.31867e+06,607063,4.64544e+06,118.312,41.0218
3.4,4.31866e+06,606944,4.64545e+06,-6.59138,-1.45582,14.195,0.987465,0.00395202,0.0336479,0.154161,4.31867e+06,607067,4.64544e+06,123.715,41.459
3.5,4.31866e+06,606944,4.64545e+06,-7.09918,-1.50971,14.5459,0.987013,0.00427875,0.0345708,0.156815,4.31867e+06,607070,4.64544e+06,127.708,41.9099
3.6,4.31866e+06,606944,4.64545e+06,-7.64426,-1.56717,14.857,0.986407,0.00457939,0.0354753,0.16038,4.31867e+06,607074,4.64544e+06,131.789,42.3764
3.7,4.31866e+06,606943,4.64545e+06,-8.17398,-1.62422,15.1796,0.985875,0.00486273,0.0363739,0.163411,4.31868e+06,607077,4.64544e+06,135.925,42.8521
3.8,4.31866e+06,606943,4.64546e+06,-8.65092,-1.68047,15.5494,0.985643,0.00525701,0.0372508,0.164599,4.31868e+06,607081,4.64544e+06,140.123,43.3338
3.9,4.31866e+06,606945,4.64546e+06,-9.18179,-1.73923,15.8634,0.985102,0.00559934,0.0381813,0.167588,4.31868e+06,607084,4.64544e+06,141.911,43.8298
4,4.31866e+06,606945,4.64546e+06,-9.65809,-1.79909,16.2259,0.98495,0.00601726,0.0390516,0.168262,4.31868e+06,607088,4.64544e+06,145.981,44.3319
4.1,4.31866e+06,606945,4.64547e+06,-10.1803,-1.86069,16.5357,0.984381,0.00643089,0.040012,0.171325,4.31868e+06,607091,4.64544e+06,150.088,44.8446
4.2,4.31866e+06,606941,4.64546e+06,-10.6511,-1.92541,16.8958,0.984352,0.00693324,0.0408487,0.171274,4.31868e+06,607095,4.64544e+06,157.48,45.3659
4.3,4.31866e+06,606941,4.64546e+06,-11.1378,-1.99194,17.2378,0.984224,0.00740893,0.041709,0.17178,4.31868e+06,607098,4.64544e+06,161.885,45.8972
4.4,4.31865e+06,606940,4.64547e+06,-11.6294,-2.06052,17.5721,0.984083,0.00793795,0.0425626,0.172355,4.31868e+06,607102,4.64544e+06,166.316,46.4374
4.5,4.31865e+06,606940,4.64547e+06,-12.1977,-2.12202,17.8356,0.983166,0.00825611,0.0434309,0.177286,4.31868e+06,607105,4.64544e+06,170.767,46.9868
4.6,4.31865e+06,606940,4.64547e+06,-12.664,-2.19855,18.185,0.983355,0.0088629,0.0442303,0.176008,4.31868e+06,607109,4.64544e+06,175.295,47.5432
4.7,4.31866e+06,606944,4.64548e+06,-13.1723,-2.27101,18.4954,0.983086,0.0093919,0.0450262,0.177272,4.31868e+06,607112,4.64544e+06,175.68,48.1072
4.8,4.31866e+06,606943,4.64548e+06,-13.7343,-2.33383,18.7585,0.982146,0.00979354,0.0458493,0.182186,4.31869e+06,607116,4.64544e+06,180.095,48.6772
4.9,4.31865e+06,606943,4.64548e+06,-14.2944,-2.39655,19.0214,0.98118,0.0101966,0.0466836,0.187089,4.31869e+06,607119,4.64544e+06,184.56,49.2532
5,4.31865e+06,606938,4.64548e+06,-14.8526,-2.45914,19.2842,0.980193,0.0105934,0.0475065,0.19197,4.31869e+06,607123,4.64544e+06,193.609,49.8351
5.1,4.31864e+06,606938,4.64548e+06,-15.4013,-2.52029,19.5443,0.979162,0.0110059,0.0484419,0.196912,4.31869e+06,607126,4.64544e+06,198.253,50.4165
5.2,4.31864e+06,606938,4.64548e+06,-15.9556,-2.58245,19.8067,0.978118,0.0114107,0.0492387,0.201818,4.31869e+06,607130,4.64543e+06,203.008,51.0088
5.3,4.31864e+06,606937,4.64548e+06,-16.508,-2.64443,20.069,0.977055,0.0118225,0.0500411,0.206689,4.31869e+06,607133,4.64543e+06,207.805,51.6059
5.4,4.31864e+06,606937,4.64548e+06,-17.0586,-2.70616,20.331,0.97597,0.0122066,0.0508196,0.211543,4.31869e+06,607137,4.64543e+06,212.647,52.2077
5.5,4.31865e+06,606942,4.64549e+06,-17.6075,-2.76764,20.5929,0.974861,0.0125962,0.0515962,0.216392,4.31869e+06,607140,4.64543e+06,212.415,52.8139
5.6,4.31864e+06,606941,4.64549e+06,-18.1546,-2.82888,20.8547,0.97372,0.0129915,0.0523611,0.221266,4.31869e+06,607144,4.64543e+06,217.241,53.4242
5.7,4.31864e+06,606941,4.6455e+06,-18.6999,-2.88984,21.1163,0.972557,0.0134126,0.0531081,0.226126,4.31869e+06,607147,4.64543e+06,222.126,54.0384
5.8,4.31864e+06,606941,4.6455e+06,-19.2436,-2.95056,21.3777,0.971368,0.0138275,0.0538773,0.230978,4.3187e+06,607151,4.64543e+06,227.063,54.6562
5.9,4.31863e+06,606934,4.64549e+06,-19.7855,-3.01092,21.639,0.970159,0.0142262,0.0546452,0.235802,4.3187e+06,607154,4.64543e+06,238.194,55.2775
6,4.31863e+06,606934,4.6455e+06,-20.3256,-3.07097,21.9,0.96892,0.0146853,0.0553736,0.240651,4.3187e+06,607158,4.64543e+06,243.473,55.902
6.1,4.31862e+06,606933,4.6455e+06,-20.8757,-3.13061,22.1643,0.966984,0.0151064,0.056047,0.248136,4.3187e+06,607161,4.64543e+06,248.909,56.5377
6.2,4.31862e+06,606933,4.6455e+06,-21.4127,-3.18978,22.425,0.965687,0.0155658,0.0567574,0.252953,4.3187e+06,607165,4.64543e+06,254.358,57.1682
6.3,4.31862e+06,606932,4.6455e+06,-21.9481,-3.24873,22.6856,0.964369,0.0160281,0.0574197,0.257758,4.3187e+06,607168,4.64543e+06,259.911,57.8014
6.4,4.31863e+06,606939,4.64551e+06,-22.4819,-3.30746,22.9461,0.963029,0.0164971,0.0580823,0.262544,4.3187e+06,607172,4.64543e+06,257.924,58.4373
6.5,4.31862e+06,606939,4.64551e+06,-23.0141,-3.36594,23.2064,0.961658,0.0169603,0.0587651,0.267344,4.3187e+06,607175,4.64543e+06,263.271,59.0757
6.6,4.31862e+06,606938,4.64552e+06,-23.5447,-3.42418,23.4665,0.960262,0.017425,0.0594442,0.272137,4.31871e+06,607178,4.64543e+06,268.675,59.7163
6.7,4.31861e+06,606929,4.64551e+06,-24.0737,-3.48213,23.7264,0.958843,0.0178854,0.0601173,0.276923,4.31871e+06,607182,4.64543e+06,282.805,60.359
6.8,4.31861e+06,606929,4.64551e+06,-24.601,-3.53981,23.9861,0.957402,0.0184004,0.0607819,0.281689,4.31871e+06,607185,4.64543e+06,288.718,61.0037
6.9,4.3186e+06,606928,4.64552e+06,-25.1268,-3.59741,24.2457,0.955935,0.0189757,0.0613924,0.286461,4.31871e+06,607189,4.64543e+06,294.751,61.6504
7,4.3186e+06,606927,4.64552e+06,-25.651,-3.65497,24.5052,0.954445,0.0195593,0.0619788,0.291223,4.31871e+06,607192,4.64543e+06,300.875,62.2989
7.1,4.3186e+06,606926,4.64552e+06,-26.1751,-3.71221,24.7648,0.952812,0.0201401,0.06256,0.296362,4.31871e+06,607196,4.64543e+06,307.049,62.9501
7.2,4.31861e+06,606936,4.64553e+06,-26.6964,-3.76956,25.0238,0.951267,0.0206805,0.0631797,0.301116,4.31871e+06,607199,4.64543e+06,302.393,63.6021
7.3,4.3186e+06,606936,4.64553e+06,-27.2163,-3.82681,25.2828,0.949703,0.0212955,0.063736,0.305858,4.31871e+06,607202,4.64543e+06,308.231,64.2555
7.4,4.3186e+06,606935,4.64554e+06,-27.7347,-3.88401,25.5415,0.948115,0.0218855,0.0642744,0.310591,4.31872e+06,607206,4.64542e+06,314.131,64.9104
7.5,4.31859e+06,606923,4.64553e+06,-28.2516,-3.94109,25.8001,0.946504,0.0224585,0.0648313,0.315314,4.31872e+06,607209,4.64542e+06,331.912,65.5666
7.6,4.31858e+06,606922,4.64553e+06,-28.7671,-3.99803,26.0585,0.94487,0.0230546,0.0653651,0.320024,4.31872e+06,607213,4.64542e+06,338.306,66.2241
7.7,4.31858e+06,606921,4.64553e+06,-29.2813,-4.05486,26.3168,0.943214,0.0236607,0.0658734,0.324729,4.31872e+06,607216,4.64542e+06,344.762,66.8826
7.8,4.31858e+06,606920,4.64554e+06,-29.7941,-4.11159,26.5748,0.941538,0.0242505,0.0663888,0.32941,4.31872e+06,607220,4.64542e+06,351.259,67.5422
7.9,4.31857e+06,606919,4.64554e+06,-30.3055,-4.16813,26.8328,0.939838,0.0248304,0.0669087,0.334084,4.31872e+06,607223,4.64542e+06,357.854,68.2028
8,4.31858e+06,606933,4.64555e+06,-30.8155,-4.22448,27.0906,0.938106,0.0253987,0.0674167,0.338773,4.31872e+06,607226,4.64542e+06,350.867,68.8641
8.1,4.31858e+06,606932,4.64555e+06,-31.292,-4.29574,27.341,0.936662,0.0261296,0.0680642,0.342561,4.31873e+06,607230,4.64542e+06,357.191,69.5096
8.2,4.31858e+06,606932,4.64556e+06,-31.7989,-4.3521,27.5985,0.934893,0.0267577,0.0685102,0.347224,4.31873e+06,607233,4.64542e+06,363.604,70.1721
8.3,4.31857e+06,606932,4.64556e+06,-32.3045,-4.40833,27.8558,0.933106,0.0273654,0.0689596,0.351865,4.31873e+06,607236,4.64542e+06,370.083,70.8354
8.4,4.31856e+06,606915,4.64555e+06,-32.8089,-4.46451,28.1129,0.931296,0.0280324,0.0693657,0.356497,4.31873e+06,607240,4.64542e+06,391.978,71.4993
8.5,4.31855e+06,606913,4.64555e+06,-33.3122,-4.52067,28.3699,0.929462,0.0286728,0.0697724,0.361124,4.31873e+06,607243,4.64542e+06,399.05,72.1639
8.6,4.31855e+06,606912,4.64556e+06,-33.8142,-4.57674,28.6268,0.927602,0.0293158,0.0701744,0.365747,4.31873e+06,607247,4.64541e+06,406.167,72.8289
8.7,4.31855e+06,606911,4.64556e+06,-34.315,-4.63278,28.8834,0.925726,0.0300114,0.0705246,0.370347,4.31873e+06,607250,4.64541e+06,413.354,73.4945
8.8,4.31854e+06,606910,4.64556e+06,-34.8146,-4.68884,29.14,0.923828,0.0307031,0.0708663,0.374935,4.31874e+06,607253,4.64541e+06,420.609,74.1606
8.9,4.31855e+06,606929,4.64558e+06,-35.3132,-4.74498,29.3964,0.921907,0.0314094,0.0711876,0.379518,4.31874e+06,607257,4.64541e+06,410.336,74.8272
9,4.31855e+06,606928,4.64558e+06,-35.8106,-4.80121,29.6527,0.919961,0.0321045,0.0714982,0.384096,4.31874e+06,607260,4.64541e+06,417.279,75.4942
9.1,4.31855e+06,606928,4.64558e+06,-36.3083,-4.83515,29.9082,0.916805,0.0327624,0.0719286,0.391436,4.31874e+06,607263,4.64541e+06,424.258,76.151
9.2,4.31853e+06,606906,4.64557e+06,-36.8036,-4.89075,30.1642,0.9148,0.0334498,0.0722324,0.395986,4.31874e+06,607267,4.64541e+06,449.859,76.8185
9.3,4.31853e+06,606906,4.64558e+06,-37.2979,-4.94631,30.42,0.912773,0.0341207,0.0725328,0.400526,4.31874e+06,607270,4.64541e+06,457.29,77.4862
9.4,4.31852e+06,606905,4.64558e+06,-37.7911,-5.00184,30.6758,0.910721,0.0347831,0.0728114,0.405062,4.31875e+06,607273,4.64541e+06,464.856,78.1542
9.5,4.31852e+06,606904,4.64558e+06,-38.2832,-5.05735,30.9314,0.908656,0.0354508,0.0730816,0.409568,4.31875e+06,607277,4.64541e+06,472.415,78.8223
9.6,4.31853e+06,606925,4.6456e+06,-38.7744,-5.11287,31.1869,0.906566,0.036162,0.0733053,0.414073,4.31875e+06,607280,4.6454e+06,460.288,79.4906
9.7,4.31852e+06,606925,4.6456e+06,-39.2647,-5.16848,31.4423,0.904445,0.0368354,0.0735425,0.418586,4.31875e+06,607283,4.6454e+06,467.693,80.1591
9.8,4.31852e+06,606924,4.6456e+06,-39.754,-5.22413,31.6976,0.902305,0.0375442,0.0737313,0.423083,4.31875e+06,607286,4.6454e+06,475.171,80.8277
9.9,4.31852e+06,606924,4.64561e+06,-40.2425,-5.27993,31.9528,0.900148,0.0382707,0.0738989,0.42756,4.31875e+06,607290,4.6454e+06,482.708,81.4966
10,4.31851e+06,606923,4.64561e+06,-40.7301,-5.33586,32.2079,0.89797,0.038997,0.0740517,0.432025,4.31876e+06,607293,4.6454e+06,490.322,82.1655
10.1,4.31853e+06,606950,4.64559e+06,-40.1208,-3.79903,31.1836,0.889046,0.0386162,0.0747261,0.450025,4.31876e+06,607296,4.6454e+06,454.81,80.641
10.2,4.31853e+06,606949,4.64559e+06,-40.608,-3.84999,31.4385,0.886753,0.0393266,0.0748643,0.454442,4.31876e+06,607299,4.6454e+06,462.278,81.3116
10.3,4.31852e+06,606949,4.6456e+06,-41.0943,-3.90104,31.6932,0.884421,0.0400225,0.0750163,0.458878,4.31876e+06,607303,4.6454e+06,469.812,81.9822
10.4,4.31852e+06,606949,4.6456e+06,-41.5798,-3.95215,31.9479,0.882088,0.0407538,0.0751144,0.463268,4.31876e+06,607306,4.64539e+06,477.419,82.6529
10.5,4.31852e+06,606948,4.6456e+06,-42.0645,-4.00343,32.2025,0.879734,0.0414876,0.075195,0.467646,4.31876e+06,607309,4.64539e+06,485.093,83.3236
10.6,4.31851e+06,606948,4.6456e+06,-42.5485,-4.05492,32.457,0.877354,0.0422045,0.0752717,0.47202,4.31877e+06,607312,4.64539e+06,492.838,83.9944
10.7,4.31851e+06,606947,4.64561e+06,-43.0317,-4.1065,32.7114,0.874944,0.0429057,0.0753545,0.476397,4.31877e+06,607316,4.64539e+06,500.648,84.6652
10.8,4.3185e+06,606947,4.64561e+06,-43.5142,-4.15819,32.9657,0.872521,0.0436293,0.0753927,0.48075,4.31877e+06,607319,4.64539e+06,508.53,85.336
10.9,4.3185e+06,606947,4.64561e+06,-43.9961,-4.21004,33.22,0.870079,0.0443782,0.0753973,0.485086,4.31877e+06,607322,4.64539e+06,516.484,86.0067
11,4.31849e+06,606946,4.64562e+06,-44.4773,-4.26215,33.4742,0.867617,0.0451318,0.0753847,0.489409,4.31877e+06,607325,4.64539e+06,524.511,86.6776
11.1,4.31849e+06,606946,4.64562e+06,-44.9573,-4.30826,33.728,0.864789,0.0458981,0.0753888,0.494317,4.31877e+06,607328,4.64538e+06,532.597,87.3451
11.2,4.31849e+06,606945,4.64562e+06,-45.4373,-4.36071,33.9821,0.862283,0.046664,0.0753429,0.498612,4.31878e+06,607332,4.64538e+06,540.758,88.0159
11.3,4.31848e+06,606945,4.64563e+06,-45.9167,-4.41345,34.2362,0.859757,0.0474301,0.0752795,0.502893,4.31878e+06,607335,4.64538e+06,548.991,88.6867
11.4,4.31848e+06,606944,4.64563e+06,-46.3955,-4.46652,34.4902,0.85721,0.0481968,0.0751994,0.507161,4.31878e+06,607338,4.64538e+06,557.293,89.3575
11.5,4.31847e+06,606944,4.64563e+06,-46.8738,-4.51993,34.7442,0.854644,0.0489661,0.0751019,0.511416,4.31878e+06,607341,4.64538e+06,565.662,90.0283
11.6,4.31847e+06,606944,4.64564e+06,-47.3516,-4.57367,34.9981,0.852056,0.0497365,0.0749854,0.515659,4.31878e+06,607344,4.64538e+06,574.099,90.699
11.7,4.31846e+06,606943,4.64564e+06,-47.8289,-4.62779,35.2521,0.849448,0.050507,0.0748544,0.519889,4.31879e+06,607347,4.64538e+06,582.611,91.3698
11.8,4.31846e+06,606943,4.64565e+06,-48.3057,-4.68227,35.506,0.846821,0.0512769,0.0747056,0.524103,4.31879e+06,607351,4.64537e+06,591.19,92.0406
11.9,4.31845e+06,606942,4.64565e+06,-48.782,-4.73712,35.7598,0.844176,0.0520472,0.0745399,0.5283,4.31879e+06,607354,4.64537e+06,599.84,92.7113
12,4.31845e+06,606942,4.64565e+06,-49.2579,-4.79238,36.0137,0.841512,0.0528194,0.0743536,0.532485,4.31879e+06,607357,4.64537e+06,608.558,93.3819
12.1,4.31849e+06,606948,4.6457e+06,-49.7339,-4.85131,36.2677,0.838753,0.0548816,0.0730832,0.536787,4.31879e+06,607360,4.64537e+06,613.562,94.0543
12.2,4.31848e+06,606947,4.64571e+06,-50.9232,-5.011,35.7539,0.836049,0.0556495,0.0728509,0.540942,4.3188e+06,607363,4.64537e+06,622.354,94.8591
12.3,4.31848e+06,606947,4.64571e+06,-48.8984,-4.71957,38.6973,0.833329,0.0564174,0.0725988,0.545077,4.3188e+06,607366,4.64537e+06,631.209,95.1187
12.4,4.31847e+06,606946,4.64572e+06,-47.2079,-4.47572,41.2808,0.830593,0.0571875,0.0723267,0.549193,4.3188e+06,607369,4.64536e+06,640.133,95.5491
12.5,4.31847e+06,606946,4.64572e+06,-46.8557,-4.42051,42.4242,0.827836,0.0579568,0.0720346,0.553299,4.3188e+06,607372,4.64536e+06,649.127,96.1574
12.6,4.31847e+06,606946,4.64573e+06,-45.2741,-4.19312,44.89,0.825068,0.0587264,0.0717257,0.557377,4.3188e+06,607375,4.64536e+06,658.19,96.7355
12.7,4.31846e+06,606945,4.64573e+06,-46.2613,-4.32735,44.5918,0.822265,0.0594931,0.0714006,0.561465,4.31881e+06,607379,4.64536e+06,667.329,97.4225
12.8,4.31846e+06,606945,4.64574e+06,-46.9718,-4.42329,44.5912,0.819442,0.060262,0.0710587,0.565538,4.31881e+06,607382,4.64536e+06,676.535,98.1039
12.9,4.31845e+06,606944,4.64574e+06,-47.4422,-4.48613,44.8486,0.816604,0.061033,0.0706989,0.569591,4.31881e+06,607385,4.64535e+06,685.808,98.7762
13,4.31845e+06,606944,4.64574e+06,-47.811,-4.5353,45.2151,0.81375,0.061802,0.0703233,0.573626,4.31881e+06,607388,4.64535e+06,695.155,99.4444
13.1,4.31844e+06,606943,4.64575e+06,-48.2852,-4.59591,45.4692,0.811038,0.0605858,0.0706222,0.577546,4.31881e+06,607391,4.64535e+06,704.558,100.116
13.2,4.31844e+06,606943,4.64575e+06,-49.2556,-4.72692,45.1895,0.808141,0.0613493,0.0702233,0.581561,4.31881e+06,607394,4.64535e+06,714.042,100.811
13.3,4.31843e+06,606943,4.64576e+06,-47.7204,-4.50651,47.6051,0.805226,0.0621125,0.069807,0.58556,4.31882e+06,607397,4.64535e+06,723.593,101.424
13.4,4.31843e+06,606942,4.64576e+06,-49.9739,-4.81918,45.9448,0.80229,0.0628745,0.069373,0.589546,4.31882e+06,607400,4.64535e+06,733.214,102.144
13.5,4.31842e+06,606942,4.64577e+06,-49.3315,-4.72558,47.3998,0.799339,0.0636379,0.068925,0.593513,4.31882e+06,607403,4.64534e+06,742.906,102.777
13.6,4.31842e+06,606941,4.64577e+06,-50.8838,-4.94116,46.4936,0.796369,0.0644018,0.068455,0.597463,4.31882e+06,607406,4.64534e+06,752.665,103.487
13.7,4.31841e+06,606941,4.64578e+06,-51.1325,-4.97425,46.9899,0.793381,0.0651678,0.0679667,0.601398,4.31883e+06,607409,4.64534e+06,762.497,104.149
13.8,4.31841e+06,606940,4.64578e+06,-50.4095,-4.87147,48.5314,0.790374,0.0659333,0.0674637,0.605319,4.31883e+06,607412,4.64534e+06,772.395,104.785
13.9,4.3184e+06,606940,4.64579e+06,-50.4565,-4.87775,49.2446,0.787347,0.0666969,0.0669435,0.609225,4.31883e+06,607415,4.64534e+06,782.361,105.451
14,4.3184e+06,606939,4.64579e+06,-50.5443,-4.89053,49.9138,0.784301,0.0674615,0.066407,0.613116,4.31883e+06,607418,4.64533e+06,792.399,106.12
14.1,4.31839e+06,606939,4.6458e+06,-51.0211,-4.96022,50.1693,0.781299,0.067781,0.063825,0.617175,4.31883e+06,607420,4.64533e+06,802.501,106.795
14.2,4.31839e+06,606938,4.6458e+06,-49.7698,-4.78792,52.2838,0.778217,0.0685369,0.0632563,0.621031,4.31884e+06,607423,4.64533e+06,812.668,107.495
14.3,4.31839e+06,606938,4.64581e+06,-49.3641,-4.73537,53.4886,0.775117,0.0692919,0.0626712,0.624872,4.31884e+06,607426,4.64533e+06,822.913,108.204
14.4,4.31838e+06,606937,4.64582e+06,-51.5511,-5.04808,51.9042,0.772001,0.0700452,0.0620703,0.628694,4.31884e+06,607429,4.64532e+06,833.223,108.824
14.5,4.31837e+06,606937,4.64582e+06,-52.4139,-5.17559,51.7446,0.768864,0.0707992,0.0614501,0.632503,4.31884e+06,607432,4.64532e+06,843.606,109.495
14.6,4.31837e+06,606936,4.64582e+06,-54.1063,-5.42068,50.6924,0.76571,0.0715543,0.0608139,0.636293,4.31884e+06,607435,4.64532e+06,854.059,110.178
14.7,4.31836e+06,606936,4.64583e+06,-55.8346,-5.6718,49.6018,0.762543,0.0723066,0.0601622,0.640063,4.31885e+06,607438,4.64532e+06,864.583,110.893
14.8,4.31836e+06,606935,4.64583e+06,-55.8087,-5.67719,50.3985,0.759347,0.0730581,0.0594945,0.643828,4.31885e+06,607441,4.64532e+06,875.173,111.549
14.9,4.31835e+06,606935,4.64584e+06,-55.6729,-5.66801,51.3137,0.756128,0.0738105,0.0588074,0.647583,4.31885e+06,607444,4.64531e+06,885.835,112.207
15,4.31835e+06,606934,4.64584e+06,-56.1417,-5.74504,51.5786,0.752901,0.0745669,0.0580986,0.65131,4.31885e+06,607446,4.64531e+06,896.574,112.882
15.1,4.31834e+06,606933,4.64585e+06,-56.6158,-5.82327,51.834,0.749605,0.075953,0.0588921,0.654871,4.31885e+06,607449,4.64531e+06,907.376,113.555
15.2,4.31833e+06,606933,4.64586e+06,-57.6662,-5.9836,51.4696,0.746344,0.0767186,0.0581422,0.658562,4.31886e+06,607452,4.64531e+06,918.25,114.245
15.3,4.31833e+06,606932,4.64586e+06,-58.2968,-6.08603,51.5571,0.743067,0.0774832,0.0573759,0.662236,4.31886e+06,607455,4.6453e+06,929.186,114.924
15.4,4.31832e+06,606932,4.64587e+06,-57.5034,-5.98945,53.1768,0.739767,0.078244,0.056592,0.665898,4.31886e+06,607458,4.6453e+06,940.196,115.563
15.5,4.31832e+06,606931,4.64587e+06,-57.4764,-6.00176,53.9723,0.736451,0.0790044,0.0557921,0.669541,4.31886e+06,607460,4.6453e+06,951.274,116.23
15.6,4.31831e+06,606931,4.64588e+06,-57.7254,-6.05406,54.471,0.73312,0.0797647,0.0549757,0.673165,4.31887e+06,607463,4.6453e+06,962.424,116.901
15.7,4.31831e+06,606930,4.64588e+06,-58.4069,-6.16839,54.5047,0.729778,0.0805265,0.054141,0.676763,4.31887e+06,607466,4.6453e+06,973.649,117.574
15.8,4.3183e+06,606929,4.64589e+06,-58.4095,-6.18842,55.2691,0.726398,0.0812858,0.0532934,0.680366,4.31887e+06,607469,4.64529e+06,984.934,118.245
15.9,4.3183e+06,606929,4.64589e+06,-58.8909,-6.27711,55.5186,0.723016,0.082043,0.0524303,0.683936,4.31887e+06,607471,4.64529e+06,996.293,118.918
16,4.31829e+06,606928,4.6459e+06,-59.3041,-6.35746,55.8417,0.719612,0.0827963,0.0515525,0.687492,4.31887e+06,607474,4.64529e+06,1007.72,119.59
16.1,4.31828e+06,606927,4.6459e+06,-59.7803,-6.44674,56.0981,0.716267,0.0828501,0.0508168,0.691025,4.31888e+06,607477,4.64529e+06,1019.22,120.262
16.2,4.31828e+06,606927,4.64591e+06,-60.5397,-6.5771,56.0502,0.712834,0.0835989,0.0499128,0.694541,4.31888e+06,607480,4.64528e+06,1030.78,120.935
16.3,4.31827e+06,606926,4.64592e+06,-58.3689,-6.29704,59.1551,0.709372,0.0843459,0.0489937,0.698052,4.31888e+06,607482,4.64528e+06,1042.41,121.656
16.4,4.31826e+06,606925,4.64592e+06,-62.7213,-6.93514,55.2421,0.705934,0.0850946,0.0480533,0.701503,4.31888e+06,607485,4.64528e+06,1054.12,122.301
16.5,4.31826e+06,606925,4.64593e+06,-63.6014,-7.08662,55.0651,0.702455,0.0858356,0.0471,0.704962,4.31889e+06,607488,4.64528e+06,1065.89,122.987
16.6,4.31825e+06,606924,4.64593e+06,-63.8375,-7.14893,55.5813,0.698947,0.0865702,0.0461326,0.708414,4.31889e+06,607490,4.64527e+06,1077.74,123.652
16.7,4.31825e+06,606923,4.64594e+06,-63.3031,-7.10423,56.9268,0.695389,0.0873011,0.0451529,0.711881,4.31889e+06,607493,4.64527e+06,1089.65,124.302
16.8,4.31824e+06,606923,4.64594e+06,-63.7597,-7.20042,57.2064,0.691851,0.0880317,0.0441466,0.715292,4.31889e+06,607496,4.64527e+06,1101.63,124.974
16.9,4.31823e+06,606922,4.64595e+06,-64.0868,-7.27983,57.6256,0.688284,0.0887597,0.0431236,0.718698,4.3189e+06,607498,4.64526e+06,1113.69,125.645
17,4.31823e+06,606921,4.64596e+06,-63.9905,-7.30072,58.5009,0.68463,0.0894801,0.0420953,0.722151,4.3189e+06,607501,4.64526e+06,1125.81,126.313
17.1,4.31822e+06,606921,4.64596e+06,-64.4638,-7.40433,58.757,0.680944,0.0920594,0.0429484,0.725255,4.3189e+06,607503,4.64526e+06,1138,126.981
17.2,4.31821e+06,606920,4.64597e+06,-65.1084,-7.53358,58.8291,0.677347,0.0927864,0.0418666,0.728587,4.3189e+06,607506,4.64526e+06,1150.26,127.65
17.3,4.31821e+06,606919,4.64597e+06,-65.6946,-7.65618,58.9644,0.673733,0.0935083,0.0407712,0.7319,4.3189e+06,607509,4.64525e+06,1162.59,128.318
17.4,4.3182e+06,606918,4.64598e+06,-66.8873,-7.86561,58.4475,0.670113,0.0942265,0.0396608,0.735185,4.31891e+06,607511,4.64525e+06,1174.98,128.998
17.5,4.31819e+06,606917,4.64599e+06,-68.5618,-8.14445,57.4127,0.666493,0.0949438,0.0385328,0.738436,4.31891e+06,607514,4.64525e+06,1187.45,129.704
17.6,4.31819e+06,606917,4.64599e+06,-67.4341,-8.03089,59.3932,0.662773,0.0956569,0.0374043,0.741743,4.31891e+06,607516,4.64525e+06,1199.99,130.326
17.7,4.31818e+06,606916,4.646e+06,-68.5004,-8.22767,59.0133,0.659131,0.0963688,0.0362526,0.744946,4.31891e+06,607519,4.64524e+06,1212.6,131.007
17.8,4.31817e+06,606915,4.646e+06,-69.0713,-8.35644,59.1669,0.655448,0.0970769,0.0350944,0.748153,4.31892e+06,607521,4.64524e+06,1225.27,131.677
17.9,4.31817e+06,606914,4.64601e+06,-68.4824,-8.32293,60.5688,0.651582,0.0977768,0.0339468,0.751484,4.31892e+06,607524,4.64524e+06,1238.01,132.324
18,4.31816e+06,606913,4.64602e+06,-68.9945,-8.44676,60.7862,0.647869,0.0984798,0.0327634,0.754648,4.31892e+06,607526,4.64523e+06,1250.83,132.992
18.1,4.31815e+06,606913,4.64602e+06,-69.4705,-8.56568,61.0428,0.644208,0.0986809,0.0321827,0.757775,4.31892e+06,607529,4.64523e+06,1263.71,133.659
18.2,4.31815e+06,606912,4.64603e+06,-71.1775,-8.85938,59.9754,0.64046,0.0993832,0.0309759,0.760904,4.31893e+06,607531,4.64523e+06,1276.66,134.354
18.3,4.31814e+06,606911,4.64603e+06,-72.7467,-9.13556,59.0565,0.636704,0.100087,0.0297585,0.764006,4.31893e+06,607534,4.64523e+06,1289.69,135.067
18.4,4.31813e+06,606910,4.64604e+06,-72.0557,-9.0959,60.5698,0.632897,0.100791,0.0285333,0.767117,4.31893e+06,607536,4.64522e+06,1302.78,135.686
18.5,4.31813e+06,606909,4.64605e+06,-71.6095,-9.09244,61.82,0.62907,0.101491,0.0272984,0.770212,4.31893e+06,607539,4.64522e+06,1315.94,136.329
18.6,4.31812e+06,606908,4.64605e+06,-71.5261,-9.14184,62.6799,0.625228,0.102187,0.0260504,0.773285,4.31894e+06,607541,4.64522e+06,1329.17,136.987
18.7,4.31811e+06,606907,4.64606e+06,-70.9407,-9.12233,64.0804,0.621307,0.102879,0.0247989,0.776388,4.31894e+06,607543,4.64521e+06,1342.47,137.651
18.8,4.3181e+06,606906,4.64607e+06,-71.3866,-9.25,64.3713,0.617463,0.103569,0.0235259,0.779397,4.31894e+06,607546,4.64521e+06,1355.84,138.316
18.9,4.3181e+06,606905,4.64607e+06,-72.6608,-9.49693,63.7714,0.613781,0.104259,0.0222169,0.782246,4.31894e+06,607548,4.64521e+06,1369.28,138.982
19,4.31809e+06,606904,4.64608e+06,-73.0214,-9.61639,64.1546,0.609874,0.104941,0.0209266,0.785241,4.31895e+06,607550,4.64521e+06,1382.77,139.646
19.1,4.31808e+06,606903,4.64609e+06,-73.5009,-9.75555,64.4115,0.60595,0.105491,0.0189118,0.78825,4.31895e+06,607553,4.6452e+06,1396.35,140.312
19.2,4.31808e+06,606903,4.64609e+06,-72.7661,-9.72605,65.9748,0.602046,0.10616,0.017602,0.791177,4.31895e+06,607555,4.6452e+06,1409.99,140.98
19.3,4.31807e+06,606901,4.6461e+06,-76.4983,-10.3263,62.7322,0.598182,0.106824,0.0162727,0.794042,4.31895e+06,607558,4.6452e+06,1423.7,141.689
19.4,4.31806e+06,606900,4.6461e+06,-76.0806,-10.3454,63.9547,0.594233,0.107482,0.0149443,0.796939,4.31896e+06,607560,4.64519e+06,1437.48,142.326
19.5,4.31805e+06,606899,4.64611e+06,-78.0593,-10.7034,62.599,0.59036,0.108138,0.0135949,0.799747,4.31896e+06,607562,4.64519e+06,1451.33,143.046
19.6,4.31804e+06,606898,4.64612e+06,-78.0905,-10.7896,63.3389,0.586372,0.10879,0.0122522,0.80261,4.31896e+06,607564,4.64519e+06,1465.25,143.691
19.7,4.31804e+06,606897,4.64612e+06,-78.4796,-10.9282,63.6937,0.58239,0.109438,0.0108973,0.805436,4.31896e+06,607567,4.64518e+06,1479.23,144.352
19.8,4.31803e+06,606896,4.64613e+06,-77.7992,-10.9177,65.1992,0.578183,0.110081,0.00956083,0.80839,4.31897e+06,607569,4.64518e+06,1493.28,144.978
19.9,4.31802e+06,606895,4.64614e+06,-78.6703,-11.1288,65.0357,0.574298,0.110723,0.00816895,0.811083,4.31897e+06,607571,4.64518e+06,1507.41,145.653
20,4.31801e+06,606894,4.64614e+06,-78.7904,-11.2351,65.6801,0.570122,0.111354,0.0068061,0.81395,4.31897e+06,607573,4.64517e+06,1521.61,146.306
20.1,4.31801e+06,606893,4.64615e+06,-79.2725,-11.3969,65.9362,0.565986,0.112106,0.00433013,0.816746,4.31897e+06,607576,4.64517e+06,1535.87,146.969
20.2,4.318e+06,606892,4.64616e+06,-78.3223,-11.3597,67.7335,0.561925,0.112728,0.00292627,0.819466,4.31898e+06,607578,4.64517e+06,1550.19,147.61
20.3,4.31799e+06,606891,4.64616e+06,-79.2281,-11.5854,67.5338,0.557865,0.113344,0.00151321,0.822154,4.31898e+06,607580,4.64516e+06,1564.59,148.276
20.4,4.31798e+06,606889,4.64617e+06,-78.3868,-11.5677,69.2138,0.553735,0.113955,9.99553e-05,0.824859,4.31898e+06,607582,4.64516e+06,1579.06,148.933
20.5,4.31798e+06,606888,4.64618e+06,-78.7742,-11.7248,69.5716,0.549632,0.114562,-0.00132435,0.827514,4.31898e+06,607584,4.64516e+06,1593.6,149.594
20.6,4.31797e+06,606887,4.64619e+06,-78.5833,-11.8028,70.5516,0.545453,0.115166,-0.0027484,0.830187,4.31899e+06,607586,4.64516e+06,1608.2,150.261
20.7,4.31796e+06,606886,4.64619e+06,-78.7017,-11.9264,71.1988,0.541269,0.115765,-0.0041815,0.832832,4.31899e+06,607589,4.64515e+06,1622.88,150.926
20.8,4.31795e+06,606885,4.6462e+06,-80.6546,-12.3116,69.8722,0.537502,0.116353,-0.00568116,0.835178,4.31899e+06,607591,4.64515e+06,1637.62,151.571
20.9,4.31794e+06,606883,4.64621e+06,-81.164,-12.495,70.0985,0.533359,0.116938,-0.0071344,0.837737,4.31899e+06,607593,4.64515e+06,1652.44,152.229
21,4.31793e+06,606882,4.64621e+06,-82.0707,-12.7375,69.8974,0.52944,0.117518,-0.00862454,0.840124,4.319e+06,607595,4.64514e+06,1667.32,152.89
21.1,4.31793e+06,606881,4.64622e+06,-82.5523,-12.9218,70.1518,0.525258,0.118618,-0.00985174,0.842577,4.319e+06,607597,4.64514e+06,1682.27,153.547
21.2,4.31792e+06,606880,4.64623e+06,-83.5174,-13.1764,69.8857,0.521077,0.119186,-0.0113196,0.845071,4.319e+06,607599,4.64514e+06,1697.28,154.209
21.3,4.31791e+06,606878,4.64623e+06,-83.3779,-13.2779,70.8079,0.516865,0.119751,-0.0127886,0.847553,4.319e+06,607601,4.64513e+06,1712.37,154.856
21.4,4.3179e+06,606877,4.64624e+06,-83.1003,-13.3623,71.8784,0.512622,0.12031,-0.0142579,0.850024,4.31901e+06,607603,4.64513e+06,1727.52,155.507
21.5,4.31789e+06,606876,4.64625e+06,-83.0625,-13.4827,72.6906,0.508361,0.120862,-0.0157338,0.852475,4.31901e+06,607605,4.64512e+06,1742.75,156.162
21.6,4.31789e+06,606874,4.64626e+06,-84.518,-13.8155,71.8959,0.504252,0.121401,-0.0172364,0.854807,4.31901e+06,607607,4.64512e+06,1758.04,156.815
21.7,4.31788e+06,606873,4.64626e+06,-84.53,-13.9473,72.6538,0.499912,0.121941,-0.0187104,0.857245,4.31901e+06,607609,4.64512e+06,1773.39,157.464
21.8,4.31787e+06,606872,4.64627e+06,-84.3292,-14.051,73.6401,0.495434,0.12248,-0.0201673,0.859731,4.31902e+06,607611,4.64511e+06,1788.81,158.117
21.9,4.31786e+06,606870,4.64628e+06,-85.091,-14.2934,73.591,0.491302,0.123004,-0.0216817,0.861988,4.31902e+06,607613,4.64511e+06,1804.3,158.765
22,4.31785e+06,606869,4.64629e+06,-86.0965,-14.5737,73.2796,0.487405,0.123516,-0.0232371,0.864084,4.31902e+06,607615,4.64511e+06,1819.86,159.416
22.1,4.31784e+06,606867,4.64629e+06,-86.5817,-14.7784,73.5325,0.483221,0.121586,-0.0245967,0.866666,4.31902e+06,607617,4.6451e+06,1835.49,160.067
22.2,4.31783e+06,606866,4.6463e+06,-86.575,-14.9164,74.3142,0.478905,0.1221,-0.0260853,0.868943,4.31903e+06,607619,4.6451e+06,1851.18,160.716
22.3,4.31783e+06,606864,4.64631e+06,-87.173,-15.1417,74.4448,0.474586,0.122608,-0.0275769,0.871192,4.31903e+06,607621,4.6451e+06,1866.94,161.366
22.4,4.31782e+06,606863,4.64632e+06,-85.7004,-15.0782,76.8029,0.470141,0.123113,-0.0290536,0.87348,4.31903e+06,607623,4.64509e+06,1882.78,162.034
22.5,4.31781e+06,606861,4.64632e+06,-87.2026,-15.4354,75.9595,0.465889,0.123605,-0.0305595,0.875634,4.31903e+06,607624,4.64509e+06,1898.67,162.664
22.6,4.3178e+06,606860,4.64633e+06,-87.2523,-15.5905,76.6784,0.461461,0.1241,-0.0320419,0.877853,4.31904e+06,607626,4.64509e+06,1914.63,163.315
22.7,4.31779e+06,606858,4.64634e+06,-89.3555,-16.0378,75.1878,0.457494,0.124569,-0.0335947,0.879803,4.31904e+06,607628,4.64508e+06,1930.67,163.956
22.8,4.31778e+06,606856,4.64634e+06,-89.3174,-16.1847,75.9998,0.452905,0.125054,-0.0350562,0.882048,4.31904e+06,607630,4.64508e+06,1946.76,164.598
22.9,4.31777e+06,606855,4.64635e+06,-90.611,-16.5236,75.3797,0.448999,0.125501,-0.0366184,0.883917,4.31905e+06,607632,4.64508e+06,1962.93,165.249
23,4.31776e+06,606853,4.64636e+06,-90.5333,-16.6683,76.232,0.444089,0.125984,-0.038029,0.886266,4.31905e+06,607634,4.64507e+06,1979.16,165.885
23.1,4.31775e+06,606851,4.64637e+06,-91.0154,-16.896,76.4815,0.439681,0.126793,-0.0393653,0.888287,4.31905e+06,607635,4.64507e+06,1995.47,166.526
23.2,4.31774e+06,606850,4.64637e+06,-92.0917,-17.2095,76.0909,0.435259,0.127238,-0.0408514,0.890332,4.31905e+06,607637,4.64507e+06,2011.83,167.173
23.3,4.31774e+06,606848,4.64638e+06,-91.9653,-17.3562,76.9938,0.430793,0.127676,-0.0423327,0.89237,4.31906e+06,607639,4.64506e+06,2028.26,167.804
23.4,4.31773e+06,606846,4.64639e+06,-91.7896,-17.4983,77.9489,0.426297,0.12811,-0.0438097,0.894393,4.31906e+06,607641,4.64506e+06,2044.76,168.437
23.5,4.31772e+06,606844,4.6464e+06,-93.6894,-17.9347,76.67,0.421992,0.128524,-0.0453138,0.896299,4.31906e+06,607642,4.64505e+06,2061.33,169.09
23.6,4.31771e+06,606843,4.64641e+06,-93.6318,-18.0979,77.4964,0.417421,0.128943,-0.0467796,0.898301,4.31906e+06,607644,4.64505e+06,2077.97,169.715
23.7,4.3177e+06,606841,4.64641e+06,-94.5097,-18.3952,77.3154,0.413054,0.129339,-0.0482735,0.900182,4.31907e+06,607646,4.64505e+06,2094.67,170.357
23.8,4.31769e+06,606839,4.64642e+06,-94.3858,-18.5529,78.2109,0.408283,0.129751,-0.0497106,0.902219,4.31907e+06,607647,4.64504e+06,2111.43,170.978
23.9,4.31768e+06,606837,4.64643e+06,-94.2195,-18.7061,79.1504,0.403326,0.130169,-0.051121,0.904307,4.31907e+06,607649,4.64504e+06,2128.27,171.602
24,4.31767e+06,606835,4.64644e+06,-94.378,-18.9073,79.7395,0.398479,0.130573,-0.0525453,0.906313,4.31907e+06,607651,4.64504e+06,2145.17,172.228
24.1,4.31766e+06,606833,4.64644e+06,-94.8582,-19.1535,79.9859,0.394117,0.12912,-0.052893,0.908407,4.31908e+06,607652,4.64503e+06,2162.14,172.858
24.2,4.31765e+06,606831,4.64645e+06,-94.3632,-19.2648,81.2808,0.389562,0.129499,-0.0543484,0.91023,4.31908e+06,607654,4.64503e+06,2179.16,173.487
24.3,4.31764e+06,606830,4.64646e+06,-90.9734,-18.9713,85.6899,0.384851,0.129881,-0.0557789,0.912091,4.31908e+06,607656,4.64502e+06,2196.27,174.231
24.4,4.31763e+06,606828,4.64647e+06,-91.4377,-19.2218,85.9503,0.380292,0.130242,-0.0572284,0.91386,4.31909e+06,607657,4.64502e+06,2213.42,174.852
24.5,4.31762e+06,606826,4.64648e+06,-94.863,-19.8912,83.024,0.376099,0.130569,-0.0587307,0.915452,4.31909e+06,607659,4.64502e+06,2230.64,175.37
24.6,4.31761e+06,606823,4.64649e+06,-95.8835,-20.2245,82.6842,0.371633,0.130902,-0.0601896,0.917132,4.31909e+06,607660,4.64501e+06,2247.93,175.984
24.7,4.3176e+06,606821,4.64649e+06,-96.967,-20.5691,82.276,0.367248,0.131221,-0.0616577,0.918754,4.31909e+06,607662,4.64501e+06,2265.28,176.602
24.8,4.31759e+06,606819,4.6465e+06,-97.1792,-20.7925,82.8034,0.362512,0.131556,-0.0630703,0.920489,4.3191e+06,607663,4.64501e+06,2282.69,177.221
24.9,4.31758e+06,606817,4.64651e+06,-97.9623,-21.0996,82.7166,0.358153,0.131854,-0.0645314,0.92205,4.3191e+06,607665,4.645e+06,2300.17,177.839
25,4.31757e+06,606815,4.64652e+06,-99.0372,-21.4517,82.3165,0.35425,0.132106,-0.0660577,0.923413,4.3191e+06,607666,4.645e+06,2317.72,178.462
25.1,4.31756e+06,606813,4.64653e+06,-99.5128,-21.7188,82.5584,0.349636,0.132129,-0.0673881,0.92507,4.3191e+06,607668,4.64499e+06,2335.33,179.078
25.2,4.31755e+06,606811,4.64654e+06,-100.037,-21.9949,82.7466,0.34501,0.132413,-0.0687918,0.926662,4.31911e+06,607669,4.64499e+06,2353.01,179.693
25.3,4.31754e+06,606809,4.64654e+06,-100.791,-22.3053,82.6866,0.34038,0.132678,-0.0701722,0.928232,4.31911e+06,607671,4.64499e+06,2370.74,180.31
25.4,4.31753e+06,606806,4.64655e+06,-100.99,-22.5396,83.2227,0.33571,0.132943,-0.0715565,0.929787,4.31911e+06,607672,4.64498e+06,2388.55,180.917
25.5,4.31752e+06,606804,4.64656e+06,-100.849,-22.728,84.1238,0.33097,0.133205,-0.0729201,0.931342,4.31912e+06,607673,4.64498e+06,2406.41,181.519
25.6,4.31751e+06,606802,4.64657e+06,-100.94,-22.9509,84.7735,0.326205,0.133446,-0.0742387,0.932883,4.31912e+06,607675,4.64497e+06,2424.35,182.124
25.7,4.3175e+06,606799,4.64658e+06,-101.334,-23.2185,85.095,0.321511,0.133683,-0.0755932,0.934369,4.31912e+06,607676,4.64497e+06,2442.34,182.729
25.8,4.31749e+06,606797,4.64659e+06,-101.625,-23.473,85.5277,0.31669,0.133874,-0.0768749,0.935882,4.31912e+06,607678,4.64497e+06,2460.4,183.332
25.9,4.31748e+06,606795,4.64659e+06,-102.906,-23.8713,84.8954,0.312726,0.134014,-0.0783134,0.937075,4.31913e+06,607679,4.64496e+06,2478.52,183.943
26,4.31747e+06,606792,4.6466e+06,-103.499,-24.1732,85.0004,0.308161,0.134174,-0.0796262,0.938453,4.31913e+06,607680,4.64496e+06,2496.7,184.547
26.1,4.31746e+06,606790,4.64661e+06,-103.969,-24.4606,85.2373,0.303291,0.134177,-0.0819217,0.93984,4.31913e+06,607682,4.64496e+06,2514.95,185.148
26.2,4.31745e+06,606788,4.64662e+06,-104.175,-24.7126,85.7572,0.298567,0.134336,-0.0832345,0.941214,4.31914e+06,607683,4.64495e+06,2533.26,185.743
26.3,4.31744e+06,606785,4.64663e+06,-105.519,-25.1264,85.0505,0.293869,0.134457,-0.0845214,0.94256,4.31914e+06,607684,4.64495e+06,2551.63,186.358
26.4,4.31743e+06,606783,4.64664e+06,-102.462,-24.9228,89.0795,0.288774,0.13459,-0.0857466,0.944003,4.31914e+06,607685,4.64494e+06,2570.07,186.932
26.5,4.31742e+06,606780,4.64665e+06,-103.748,-25.332,88.433,0.284151,0.134697,-0.0870435,0.945272,4.31914e+06,607687,4.64494e+06,2588.56,187.517
26.6,4.31741e+06,606778,4.64666e+06,-104.533,-25.6724,88.3246,0.279483,0.134776,-0.0883139,0.946533,4.31915e+06,607688,4.64494e+06,2607.12,188.107
26.7,4.3174e+06,606775,4.64666e+06,-106.196,-26.1389,87.2714,0.275201,0.134792,-0.0896263,0.947662,4.31915e+06,607689,4.64493e+06,2625.74,188.708
26.8,4.31739e+06,606772,4.64667e+06,-106.997,-26.4854,87.1438,0.270619,0.1348,-0.0908728,0.948861,4.31915e+06,607690,4.64493e+06,2644.42,189.304
26.9,4.31738e+06,606770,4.64668e+06,-106.825,-26.6939,88.06,0.265198,0.134912,-0.0919841,0.950267,4.31915e+06,607691,4.64492e+06,2663.16,189.878
27,4.31737e+06,606767,4.64669e+06,-106.573,-26.8907,89.0572,0.259336,0.135019,-0.0930113,0.951769,4.31916e+06,607693,4.64492e+06,2681.96,190.451
27.1,4.31736e+06,606764,4.6467e+06,-107.035,-27.1947,89.2886,0.254435,0.135879,-0.0949991,0.952772,4.31916e+06,607694,4.64492e+06,2700.81,191.032
27.2,4.31735e+06,606762,4.64671e+06,-108.183,-27.5966,88.7795,0.24961,0.135859,-0.0961482,0.953935,4.31916e+06,607695,4.64491e+06,2719.74,191.621
27.3,4.31734e+06,606759,4.64672e+06,-109.429,-28.0137,88.1632,0.24481,0.135825,-0.0972924,0.955067,4.31917e+06,607696,4.64491e+06,2738.72,192.217
27.4,4.31733e+06,606756,4.64673e+06,-110.484,-28.4052,87.7522,0.240059,0.13579,-0.0984455,0.95616,4.31917e+06,607697,4.6449e+06,2757.76,192.813
27.5,4.31732e+06,606753,4.64674e+06,-109.012,-28.4423,90.0589,0.234869,0.135767,-0.0995267,0.957339,4.31917e+06,607698,4.6449e+06,2776.87,193.342
27.6,4.3173e+06,606750,4.64674e+06,-110.245,-28.8618,89.4534,0.230235,0.135677,-0.10067,0.958357,4.31917e+06,607699,4.6449e+06,2796.03,193.93
27.7,4.31729e+06,606747,4.64675e+06,-110.494,-29.1435,89.906,0.225282,0.135635,-0.101762,0.959425,4.31918e+06,607700,4.64489e+06,2815.26,194.497
27.8,4.31728e+06,606744,4.64676e+06,-110.791,-29.4332,90.3053,0.220317,0.135615,-0.102888,0.96046,4.31918e+06,607701,4.64489e+06,2834.53,195.063
27.9,4.31727e+06,606741,4.64677e+06,-111.204,-29.7406,90.5784,0.215413,0.135538,-0.103971,0.961466,4.31918e+06,607702,4.64488e+06,2853.87,195.63
28,4.31726e+06,606739,4.64678e+06,-111.015,-29.9608,91.4933,0.209512,0.135524,-0.104887,0.962672,4.31919e+06,607703,4.64488e+06,2873.26,196.18
28.1,4.31725e+06,606736,4.64679e+06,-111.468,-30.279,91.7196,0.2044,0.13586,-0.107515,0.963433,4.31919e+06,607704,4.64488e+06,2892.71,196.743
28.2,4.31724e+06,606733,4.6468e+06,-110.423,-30.3878,93.5572,0.199464,0.135734,-0.108538,0.96437,4.31919e+06,607705,4.64487e+06,2912.23,197.291
28.3,4.31723e+06,606730,4.64681e+06,-111.793,-30.8369,92.7944,0.194611,0.135566,-0.109567,0.965269,4.31919e+06,607706,4.64487e+06,2931.8,197.856
28.4,4.31722e+06,606726,4.64682e+06,-112.72,-31.2249,92.5072,0.189769,0.13543,-0.110627,0.966131,4.3192e+06,607707,4.64486e+06,2951.44,198.421
28.5,4.31721e+06,606723,4.64683e+06,-112.201,-31.4104,93.7743,0.184665,0.135263,-0.111614,0.967029,4.3192e+06,607708,4.64486e+06,2971.14,198.963
28.6,4.31719e+06,606720,4.64684e+06,-113.008,-31.7838,93.6135,0.179858,0.13509,-0.112664,0.967837,4.3192e+06,607709,4.64486e+06,2990.89,199.521
28.7,4.31718e+06,606717,4.64685e+06,-112.481,-31.9692,94.8856,0.17447,0.134948,-0.113597,0.968734,4.31921e+06,607710,4.64485e+06,3010.69,200.063
28.8,4.31717e+06,606714,4.64686e+06,-113.26,-32.3409,94.7532,0.169813,0.134738,-0.114643,0.969467,4.31921e+06,607711,4.64485e+06,3030.55,200.615
28.9,4.31716e+06,606710,4.64687e+06,-114.25,-32.7446,94.3946,0.165522,0.134491,-0.115707,0.970117,4.31921e+06,607712,4.64484e+06,3050.47,201.172
29,4.31715e+06,606707,4.64688e+06,-114.346,-33.0195,94.9911,0.159999,0.134347,-0.116574,0.970959,4.31921e+06,607712,4.64484e+06,3070.45,201.711
29.1,4.31714e+06,606704,4.64689e+06,-114.794,-33.3463,95.2141,0.154886,0.132766,-0.117803,0.971857,4.31922e+06,607713,4.64483e+06,3090.48,202.258
29.2,4.31713e+06,606701,4.6469e+06,-115.621,-33.7273,95.0281,0.149953,0.132537,-0.118768,0.972544,4.31922e+06,607714,4.64483e+06,3110.57,202.809
29.3,4.31712e+06,606697,4.64691e+06,-116.013,-34.048,95.309,0.145016,0.132266,-0.119724,0.973212,4.31922e+06,607715,4.64483e+06,3130.71,203.352
29.4,4.3171e+06,606694,4.64691e+06,-117.107,-34.4683,94.8328,0.140152,0.131989,-0.120664,0.973846,4.31923e+06,607715,4.64482e+06,3150.92,203.909
29.5,4.31709e+06,606690,4.64693e+06,-115.829,-34.5552,96.909,0.134866,0.13176,-0.121557,0.974512,4.31923e+06,607716,4.64482e+06,3171.18,204.416
29.6,4.31708e+06,606687,4.64693e+06,-117.806,-35.102,95.4817,0.130373,0.131398,-0.122502,0.975054,4.31923e+06,607717,4.64481e+06,3191.49,204.984
29.7,4.31707e+06,606683,4.64694e+06,-119.802,-35.6534,94.0348,0.126199,0.131018,-0.12352,0.975526,4.31923e+06,607718,4.64481e+06,3211.86,205.581
29.8,4.31706e+06,606680,4.64695e+06,-118.334,-35.7121,96.3059,0.119742,0.130893,-0.124218,0.976268,4.31924e+06,607718,4.64481e+06,3232.28,206.045
29.9,4.31704e+06,606676,4.64696e+06,-118.589,-36.0169,96.7268,0.114556,0.130608,-0.125082,0.976818,4.31924e+06,607719,4.6448e+06,3252.76,206.572
30,4.31703e+06,606673,4.64697e+06,-118.657,-36.2942,97.345,0.108939,0.130346,-0.125848,0.977397,4.31924e+06,607720,4.6448e+06,3273.3,207.091
30.1,4.31702e+06,606669,4.64698e+06,-119.098,-36.6261,97.565,0.103942,0.129614,-0.126335,0.977975,4.31925e+06,607720,4.64479e+06,3293.87,207.621
30.2,4.31701e+06,606666,4.64699e+06,-119.987,-37.0215,97.3008,0.0989778,0.129236,-0.127176,0.978431,4.31925e+06,607721,4.64479e+06,3314.52,208.16
30.3,4.317e+06,606662,4.647e+06,-119.74,-37.2578,98.259,0.0939413,0.128874,-0.128013,0.978866,4.31925e+06,607722,4.64479e+06,3335.21,208.668
30.4,4.31699e+06,606658,4.64701e+06,-120.317,-37.6104,98.3293,0.088957,0.128524,-0.128838,0.97927,4.31926e+06,607722,4.64478e+06,3355.97,209.196
30.5,4.31697e+06,606654,4.64702e+06,-121.53,-38.053,97.7152,0.0841046,0.128114,-0.129677,0.979641,4.31926e+06,607723,4.64478e+06,3376.77,209.742
30.6,4.31696e+06,606650,4.64703e+06,-121.21,-38.2801,98.7473,0.078875,0.12774,-0.130462,0.980021,4.31926e+06,607723,4.64477e+06,3397.63,210.239
30.7,4.31695e+06,606647,4.64704e+06,-120.716,-38.4821,99.9662,0.0734014,0.127387,-0.131179,0.980396,4.31926e+06,607724,4.64477e+06,3418.55,210.734
30.8,4.31694e+06,606643,4.64705e+06,-121.215,-38.8254,100.117,0.0684424,0.126957,-0.131958,0.980706,4.31927e+06,607724,4.64476e+06,3439.51,211.252
30.9,4.31693e+06,606639,4.64706e+06,-121.799,-39.1817,100.175,0.0635922,0.126488,-0.132766,0.980984,4.31927e+06,607725,4.64476e+06,3460.53,211.77
31,4.31691e+06,606635,4.64707e+06,-122.33,-39.5311,100.29,0.0587456,0.12602,-0.133534,0.981242,4.31927e+06,607725,4.64476e+06,3481.6,212.287
31.1,4.3169e+06,606631,4.64708e+06,-122.763,-39.8675,100.506,0.0537839,0.126341,-0.134811,0.981311,4.31928e+06,607726,4.64475e+06,3502.73,212.797
31.2,4.31689e+06,606627,4.64709e+06,-122.146,-40.0568,101.853,0.048792,0.125851,-0.135539,0.981535,4.31928e+06,607726,4.64475e+06,3523.91,213.283
31.3,4.31688e+06,606623,4.6471e+06,-121.911,-40.3,102.786,0.0437326,0.125363,-0.136278,0.981733,4.31928e+06,607727,4.64474e+06,3545.13,213.779
31.4,4.31687e+06,606619,4.64712e+06,-119.905,-40.2942,105.626,0.038456,0.12487,-0.136949,0.981923,4.31928e+06,607727,4.64474e+06,3566.41,214.283
31.5,4.31686e+06,606615,4.64713e+06,-120.566,-40.6638,105.594,0.0335319,0.12435,-0.137703,0.982064,4.31929e+06,607728,4.64474e+06,3587.75,214.78
31.6,4.31684e+06,606611,4.64714e+06,-121.348,-41.0511,105.431,0.0286401,0.123777,-0.138431,0.982189,4.31929e+06,607728,4.64473e+06,3609.14,215.276
31.7,4.31683e+06,606607,4.64715e+06,-122.803,-41.5344,104.544,0.0241761,0.123154,-0.139187,0.982281,4.31929e+06,607728,4.64473e+06,3630.57,215.777
31.8,4.31682e+06,606603,4.64716e+06,-122.848,-41.8174,105.172,0.0188845,0.122602,-0.139799,0.982379,4.3193e+06,607729,4.64472e+06,3652.06,216.271
31.9,4.31681e+06,606599,4.64717e+06,-123.379,-42.1702,105.278,0.0140139,0.122022,-0.140498,0.982433,4.3193e+06,607729,4.64472e+06,3673.6,216.767
32,4.31679e+06,606594,4.64718e+06,-124.046,-42.5435,105.239,0.00950653,0.121347,-0.141215,0.982468,4.3193e+06,607729,4.64471e+06,3695.19,217.265
32.1,4.31678e+06,606590,4.64719e+06,-124.477,-42.8835,105.455,0.00429424,0.119524,-0.142726,0.98251,4.31931e+06,607730,4.64471e+06,3716.83,217.759
32.2,4.31677e+06,606586,4.6472e+06,-124.331,-43.1424,106.29,-0.000648096,0.118809,-0.143325,0.982518,4.31931e+06,607730,4.64471e+06,3738.53,218.247
32.3,4.31676e+06,606581,4.64721e+06,-125.134,-43.5348,106.104,-0.00557348,0.11808,-0.143915,0.982504,4.31931e+06,607730,4.6447e+06,3760.27,218.742
32.4,4.31674e+06,606577,4.64722e+06,-124.786,-43.7652,107.157,-0.0106094,0.117351,-0.144485,0.982466,4.31931e+06,607731,4.6447e+06,3782.07,219.226
32.5,4.31673e+06,606573,4.64723e+06,-125.153,-44.0963,107.439,-0.0156065,0.116662,-0.145091,0.982393,4.31932e+06,607731,4.64469e+06,3803.91,219.714
32.6,4.31672e+06,606568,4.64724e+06,-127.406,-44.6939,105.692,-0.0199286,0.115807,-0.145702,0.982325,4.31932e+06,607731,4.64469e+06,3825.79,220.232
32.7,4.31671e+06,606564,4.64725e+06,-127.353,-44.9652,106.427,-0.0251731,0.115121,-0.14623,0.982207,4.31932e+06,607731,4.64469e+06,3847.74,220.708
32.8,4.31669e+06,606559,4.64726e+06,-127.55,-45.2716,106.891,-0.0303305,0.114369,-0.146738,0.982073,4.31933e+06,607731,4.64468e+06,3869.74,221.189
32.9,4.31668e+06,606555,4.64727e+06,-127.223,-45.5012,107.915,-0.0362222,0.113717,-0.147158,0.981886,4.31933e+06,607732,4.64468e+06,3891.78,221.657
33,4.31667e+06,606550,4.64729e+06,-126.872,-45.7245,108.962,-0.0425902,0.113156,-0.147522,0.981641,4.31933e+06,607732,4.64467e+06,3913.87,222.124
33.1,4.31665e+06,606546,4.6473e+06,-127.298,-46.0659,109.176,-0.0476026,0.113311,-0.149851,0.98104,4.31934e+06,607732,4.64467e+06,3936.01,222.602
33.2,4.31664e+06,606541,4.64731e+06,-127.059,-46.3139,110.105,-0.0525213,0.112388,-0.150303,0.980826,4.31934e+06,607732,4.64467e+06,3958.2,223.075
33.3,4.31663e+06,606536,4.64732e+06,-127.732,-46.6896,110.053,-0.0574413,0.111481,-0.150781,0.98058,4.31934e+06,607732,4.64466e+06,3980.44,223.551
33.4,4.31662e+06,606532,4.64733e+06,-127.422,-46.9269,111.059,-0.0624457,0.110563,-0.151214,0.980312,4.31934e+06,607732,4.64466e+06,4002.73,224.023
33.5,4.3166e+06,606527,4.64734e+06,-128.011,-47.2903,111.098,-0.0672965,0.10956,-0.151626,0.980039,4.31935e+06,607732,4.64465e+06,4025.07,224.496
33.6,4.31659e+06,606522,4.64735e+06,-128.209,-47.5983,111.558,-0.072264,0.108574,-0.152031,0.979733,4.31935e+06,607732,4.64465e+06,4047.45,224.967
33.7,4.31658e+06,606517,4.64736e+06,-129.186,-48.0165,111.18,-0.0768757,0.107524,-0.152472,0.979429,4.31935e+06,607732,4.64464e+06,4069.88,225.443
33.8,4.31657e+06,606513,4.64737e+06,-129.518,-48.3425,111.498,-0.0818274,0.106486,-0.152842,0.979083,4.31936e+06,607732,4.64464e+06,4092.36,225.912
33.9,4.31655e+06,606508,4.64739e+06,-129.777,-48.6576,111.893,-0.0869046,0.105449,-0.153189,0.978704,4.31936e+06,607732,4.64464e+06,4114.89,226.38
34,4.31654e+06,606503,4.6474e+06,-130.777,-49.0813,111.498,-0.0907351,0.104206,-0.153657,0.978416,4.31936e+06,607732,4.64463e+06,4137.47,226.861
34.1,4.31653e+06,606498,4.64741e+06,-131.202,-49.4213,111.712,-0.0953497,0.104955,-0.154601,0.977748,4.31936e+06,607732,4.64463e+06,4160.09,227.328
34.2,4.31651e+06,606493,4.64742e+06,-134.601,-50.1785,108.725,-0.100152,0.103851,-0.15497,0.977327,4.31937e+06,607732,4.64462e+06,4182.75,227.89
34.3,4.3165e+06,606488,4.64743e+06,-135.183,-50.5396,108.772,-0.105003,0.102714,-0.155305,0.976885,4.31937e+06,607732,4.64462e+06,4205.48,228.367
34.4,4.31649e+06,606483,4.64744e+06,-135.064,-50.8016,109.575,-0.109929,0.101572,-0.155621,0.976412,4.31937e+06,607732,4.64462e+06,4228.25,228.809
34.5,4.31647e+06,606478,4.64745e+06,-132.968,-50.7847,112.505,-0.115305,0.100484,-0.155882,0.975863,4.31938e+06,607732,4.64461e+06,4251.07,229.189
34.6,4.31646e+06,606473,4.64746e+06,-132.665,-51.0193,113.507,-0.120403,0.0993333,-0.156157,0.975321,4.31938e+06,607732,4.64461e+06,4273.93,229.638
34.7,4.31645e+06,606468,4.64748e+06,-132.952,-51.3366,113.875,-0.125329,0.0981385,-0.156437,0.974776,4.31938e+06,607732,4.6446e+06,4296.84,230.097
34.8,4.31643e+06,606463,4.64749e+06,-132.44,-51.5388,115.1,-0.130945,0.097042,-0.156638,0.974115,4.31939e+06,607732,4.6446e+06,4319.8,230.544
34.9,4.31642e+06,606457,4.6475e+06,-133.184,-51.9209,114.979,-0.135401,0.0957435,-0.156938,0.973586,4.31939e+06,607731,4.6446e+06,4342.8,231.009
35,4.31641e+06,606452,4.64751e+06,-133.224,-52.1991,115.612,-0.140939,0.0946027,-0.157123,0.972882,4.31939e+06,607731,4.64459e+06,4365.85,231.46
35.1,4.3164e+06,606447,4.64752e+06,-133.654,-52.5382,115.827,-0.145835,0.0937724,-0.159418,0.971867,4.3194e+06,607731,4.64459e+06,4388.95,231.918
35.2,4.31638e+06,606442,4.64753e+06,-134.047,-52.8716,116.083,-0.150651,0.0924712,-0.159654,0.971218,4.3194e+06,607731,4.64458e+06,4412.09,232.375
35.3,4.31637e+06,606437,4.64755e+06,-133.562,-53.0813,117.285,-0.15552,0.0911638,-0.159876,0.970537,4.3194e+06,607731,4.64458e+06,4435.28,232.823
35.4,4.31636e+06,606431,4.64756e+06,-133.54,-53.3554,117.99,-0.160376,0.0898405,-0.16009,0.969835,4.3194e+06,607730,4.64458e+06,4458.52,233.277
35.5,4.31634e+06,606426,4.64757e+06,-135.211,-53.8674,116.874,-0.164918,0.0884531,-0.160322,0.969162,4.31941e+06,607730,4.64457e+06,4481.8,233.744
35.6,4.31633e+06,606420,4.64758e+06,-134.702,-54.0715,118.106,-0.170014,0.0871413,-0.160496,0.968371,4.31941e+06,607730,4.64457e+06,4505.13,234.188
35.7,4.31632e+06,606415,4.64759e+06,-134.64,-54.3377,118.858,-0.175051,0.0858069,-0.160668,0.967564,4.31941e+06,607730,4.64456e+06,4528.5,234.639
35.8,4.3163e+06,606410,4.64761e+06,-135.258,-54.7002,118.879,-0.179677,0.0843904,-0.160868,0.966807,4.31942e+06,607729,4.64456e+06,4551.93,235.094
35.9,4.31629e+06,606404,4.64762e+06,-135.192,-54.9633,119.636,-0.185051,0.0830798,-0.160992,0.965886,4.31942e+06,607729,4.64456e+06,4575.4,235.543
36,4.31627e+06,606399,4.64763e+06,-135.626,-55.2981,119.859,-0.189821,0.0816582,-0.161159,0.965053,4.31942e+06,607729,4.64455e+06,4598.91,235.996
36.1,4.31626e+06,606393,4.64764e+06,-136.061,-55.6334,120.077,-0.19427,0.0820628,-0.161763,0.964032,4.31943e+06,607728,4.64455e+06,4622.47,236.447
36.2,4.31625e+06,606388,4.64765e+06,-136.843,-56.0168,119.924,-0.199012,0.080611,-0.161923,0.96316,4.31943e+06,607728,4.64454e+06,4646.08,236.9
36.3,4.31623e+06,606382,4.64767e+06,-136.366,-56.2228,121.127,-0.203818,0.0791598,-0.162065,0.962251,4.31943e+06,607727,4.64454e+06,4669.73,237.343
36.4,4.31622e+06,606376,4.64768e+06,-139.837,-56.9835,118.082,-0.208195,0.0776217,-0.162233,0.961411,4.31943e+06,607727,4.64454e+06,4693.42,237.852
36.5,4.31621e+06,606370,4.64769e+06,-141.036,-57.4244,117.485,-0.212776,0.0761028,-0.162375,0.960505,4.31944e+06,607727,4.64453e+06,4717.17,238.336
36.6,4.31619e+06,606365,4.6477e+06,-140.172,-57.5737,119.11,-0.217918,0.0746659,-0.162465,0.959449,4.31944e+06,607726,4.64453e+06,4740.96,238.741
36.7,4.31618e+06,606359,4.64771e+06,-140.335,-57.8673,119.631,-0.222774,0.0731673,-0.162567,0.958431,4.31944e+06,607726,4.64452e+06,4764.8,239.186
36.8,4.31616e+06,606353,4.64773e+06,-140.298,-58.1314,120.368,-0.227859,0.0716939,-0.162648,0.957333,4.31945e+06,607725,4.64452e+06,4788.69,239.624
36.9,4.31615e+06,606348,4.64774e+06,-140.067,-58.3659,121.314,-0.233359,0.0702792,-0.162697,0.956104,4.31945e+06,607725,4.64452e+06,4812.62,240.056
37,4.31614e+06,606342,4.64775e+06,-140.012,-58.6239,122.07,-0.238917,0.0688592,-0.162736,0.954827,4.31945e+06,607724,4.64451e+06,4836.59,240.494
37.1,4.31612e+06,606336,4.64776e+06,-140.456,-58.9536,122.291,-0.243234,0.0693054,-0.162539,0.953737,4.31946e+06,607724,4.64451e+06,4860.61,240.941
37.2,4.31611e+06,606330,4.64778e+06,-139.938,-59.1479,123.55,-0.247936,0.0677138,-0.162634,0.952624,4.31946e+06,607723,4.6445e+06,4884.68,241.373
37.3,4.3161e+06,606324,4.64779e+06,-139.196,-59.3102,125.052,-0.25268,0.0661166,-0.162721,0.951474,4.31946e+06,607722,4.6445e+06,4908.78,241.809
37.4,4.31608e+06,606318,4.6478e+06,-138.597,-59.4921,126.402,-0.257461,0.0645164,-0.1628,0.950288,4.31946e+06,607722,4.6445e+06,4932.94,242.255
37.5,4.31607e+06,606312,4.64781e+06,-140.206,-59.9843,125.378,-0.261893,0.0628468,-0.162893,0.949172,4.31947e+06,607721,4.64449e+06,4957.12,242.702
37.6,4.31605e+06,606306,4.64783e+06,-138.905,-60.0659,127.486,-0.267084,0.0612986,-0.162935,0.947819,4.31947e+06,607721,4.64449e+06,4981.37,243.146
37.7,4.31604e+06,606300,4.64784e+06,-139.287,-60.3845,127.786,-0.271758,0.0596505,-0.163003,0.946583,4.31947e+06,607720,4.64449e+06,5005.65,243.591
37.8,4.31603e+06,606294,4.64785e+06,-139.86,-60.73,127.882,-0.276299,0.0579696,-0.163072,0.94536,4.31948e+06,607719,4.64448e+06,5029.99,244.036
37.9,4.31601e+06,606288,4.64786e+06,-140.263,-61.0508,128.163,-0.280982,0.0563035,-0.163129,0.94407,4.31948e+06,607719,4.64448e+06,5054.37,244.481
38,4.316e+06,606282,4.64788e+06,-140.463,-61.3412,128.664,-0.286027,0.0546946,-0.163163,0.942643,4.31948e+06,607718,4.64447e+06,5078.78,244.926
38.1,4.31599e+06,606276,4.64789e+06,-140.923,-61.6664,128.89,-0.290637,0.0529288,-0.161579,0.941606,4.31949e+06,607717,4.64447e+06,5103.24,245.372
38.2,4.31597e+06,606270,4.6479e+06,-141.567,-62.0171,128.921,-0.295231,0.0512307,-0.16163,0.940261,4.31949e+06,607717,4.64447e+06,5127.76,245.819
38.3,4.31596e+06,606263,4.64792e+06,-144.011,-62.6205,127.015,-0.299699,0.0494996,-0.161683,0.93893,4.31949e+06,607716,4.64446e+06,5152.3,246.289
38.4,4.31594e+06,606257,4.64793e+06,-147.081,-63.3119,124.438,-0.303989,0.047727,-0.161737,0.937632,4.3195e+06,607715,4.64446e+06,5176.9,246.825
38.5,4.31593e+06,606251,4.64794e+06,-147.285,-63.6001,124.949,-0.308612,0.0460029,-0.161772,0.936201,4.3195e+06,607714,4.64445e+06,5201.55,247.269
38.6,4.31591e+06,606244,4.64795e+06,-147.065,-63.8282,125.919,-0.313386,0.0442975,-0.161794,0.934692,4.3195e+06,607714,4.64445e+06,5226.25,247.696
38.7,4.3159e+06,606238,4.64797e+06,-146.172,-63.9603,127.615,-0.318594,0.0426625,-0.161793,0.933006,4.3195e+06,607713,4.64445e+06,5250.99,248.104
38.8,4.31588e+06,606232,4.64798e+06,-146.406,-64.2516,128.099,-0.323315,0.0409323,-0.161814,0.931455,4.31951e+06,607712,4.64444e+06,5275.78,248.551
38.9,4.31587e+06,606225,4.64799e+06,-146.516,-64.5244,128.718,-0.328257,0.0392352,-0.161823,0.929796,4.31951e+06,607711,4.64444e+06,5300.61,248.994
39,4.31585e+06,606219,4.64801e+06,-146.204,-64.7343,129.789,-0.334069,0.0376845,-0.161794,0.927794,4.31951e+06,607710,4.64444e+06,5325.48,249.424
39.1,4.31584e+06,606212,4.64802e+06,-146.678,-65.0598,130.017,-0.338252,0.0377525,-0.162708,0.926114,4.31952e+06,607709,4.64443e+06,5350.4,249.874
39.2,4.31583e+06,606206,4.64803e+06,-146.489,-65.2924,130.96,-0.342771,0.0359478,-0.162734,0.924518,4.31952e+06,607709,4.64443e+06,5375.37,250.312
39.3,4.31581e+06,606199,4.64805e+06,-146.736,-65.586,131.438,-0.34728,0.0341354,-0.162759,0.922898,4.31952e+06,607708,4.64443e+06,5400.39,250.759
39.4,4.3158e+06,606193,4.64806e+06,-146.602,-65.826,132.328,-0.351828,0.032325,-0.162784,0.921235,4.31953e+06,607707,4.64442e+06,5425.45,251.2
39.5,4.31578e+06,606186,4.64807e+06,-147.645,-66.2318,131.951,-0.356197,0.0304794,-0.16281,0.919613,4.31953e+06,607706,4.64442e+06,5450.55,251.661
39.6,4.31577e+06,606180,4.64809e+06,-148.637,-66.6304,131.634,-0.360508,0.0286205,-0.162834,0.917987,4.31953e+06,607705,4.64441e+06,5475.7,252.126
39.7,4.31575e+06,606173,4.6481e+06,-149.123,-66.9578,131.862,-0.364957,0.0267808,-0.162853,0.916279,4.31953e+06,607704,4.64441e+06,5500.89,252.58
39.8,4.31574e+06,606166,4.64811e+06,-148.841,-67.1759,132.919,-0.369943,0.0250308,-0.162854,0.914327,4.31954e+06,607703,4.64441e+06,5526.14,253.014
39.9,4.31572e+06,606160,4.64813e+06,-148.573,-67.395,133.961,-0.375179,0.0233226,-0.162847,0.912238,4.31954e+06,607702,4.6444e+06,5551.42,253.451
40,4.31571e+06,606153,4.64814e+06,-149.315,-67.7596,133.923,-0.379191,0.0213949,-0.162867,0.910621,4.31954e+06,607701,4.6444e+06,5576.75,253.911
40.1,4.31569e+06,606146,4.64815e+06,-149.805,-68.0896,134.153,-0.383389,0.0204442,-0.164051,0.908671,4.31955e+06,607700,4.6444e+06,5602.13,254.365
40.2,4.31568e+06,606139,4.64817e+06,-148.917,-68.2262,135.87,-0.387809,0.0185784,-0.164059,0.906832,4.31955e+06,607699,4.64439e+06,5627.56,254.795
40.3,4.31566e+06,606133,4.64818e+06,-150.343,-68.6882,135.097,-0.392129,0.0166918,-0.164065,0.905008,4.31955e+06,607698,4.64439e+06,5653.03,255.264
40.4,4.31565e+06,606126,4.64819e+06,-151.645,-69.1329,134.459,-0.396406,0.0147952,-0.164068,0.903175,4.31956e+06,607697,4.64439e+06,5678.53,255.74
40.5,4.31563e+06,606119,4.64821e+06,-152.981,-69.5829,133.788,-0.400613,0.0128831,-0.16407,0.901346,4.31956e+06,607696,4.64438e+06,5704.09,256.227
40.6,4.31562e+06,606112,4.64822e+06,-151.936,-69.6978,135.682,-0.405403,0.011073,-0.164065,0.899227,4.31956e+06,607695,4.64438e+06,5729.7,256.635
40.7,4.3156e+06,606105,4.64824e+06,-151.088,-69.8401,137.365,-0.410351,0.00929115,-0.164058,0.897001,4.31957e+06,607694,4.64437e+06,5755.35,257.061
40.8,4.31559e+06,606098,4.64825e+06,-151.737,-70.1942,137.441,-0.414571,0.00737942,-0.164057,0.895076,4.31957e+06,607692,4.64437e+06,5781.04,257.521
40.9,4.31557e+06,606091,4.64826e+06,-151.869,-70.4749,138.073,-0.419283,0.00555589,-0.164055,0.892893,4.31957e+06,607691,4.64437e+06,5806.78,257.97
41,4.31556e+06,606084,4.64828e+06,-151.685,-70.7094,139.044,-0.424663,0.00385366,-0.16405,0.890356,4.31957e+06,607690,4.64436e+06,5832.57,258.412
41.1,4.31555e+06,606077,4.64829e+06,-152.195,-71.0462,139.275,-0.428994,0.00136127,-0.164751,0.888155,4.31958e+06,607689,4.64436e+06,5858.39,258.87
41.2,4.31553e+06,606070,4.64831e+06,-152.536,-71.36,139.69,-0.433273,-0.000539932,-0.164748,0.886077,4.31958e+06,607688,4.64436e+06,5884.27,259.326
41.3,4.31551e+06,606063,4.64832e+06,-153.133,-71.7101,139.832,-0.437532,-0.00244456,-0.164746,0.883979,4.31958e+06,607687,4.64435e+06,5910.19,259.787
41.4,4.3155e+06,606055,4.64834e+06,-154.497,-72.1685,139.15,-0.441696,-0.00436683,-0.164742,0.881899,4.31959e+06,607685,4.64435e+06,5936.16,260.267
41.5,4.31548e+06,606048,4.64835e+06,-155.957,-72.6411,138.367,-0.445771,-0.00630416,-0.164739,0.879835,4.31959e+06,607684,4.64435e+06,5962.17,260.761
41.6,4.31547e+06,606041,4.64836e+06,-157.024,-73.0591,138.01,-0.449843,-0.00824005,-0.164736,0.877744,4.31959e+06,607683,4.64434e+06,5988.23,261.249
41.7,4.31545e+06,606033,4.64838e+06,-157.601,-73.4087,138.183,-0.454037,-0.0101496,-0.164738,0.875562,4.3196e+06,607682,4.64434e+06,6014.34,261.719
41.8,4.31544e+06,606026,4.64839e+06,-156.065,-73.4591,140.626,-0.459693,-0.0117809,-0.164761,0.872581,4.3196e+06,607680,4.64434e+06,6040.51,262.105
41.9,4.31542e+06,606019,4.64841e+06,-156.19,-73.7452,141.287,-0.46431,-0.0136031,-0.164774,0.870104,4.3196e+06,607679,4.64433e+06,6066.71,262.557
42,4.31541e+06,606012,4.64842e+06,-155.93,-73.9756,142.358,-0.469707,-0.0152717,-0.164801,0.867169,4.3196e+06,607678,4.