timestamp,lat,lon,alt,Txx,Txy,Txz,Tyx,Tyy,Tyz,Tzx,Tzy,Tzz,J2,J3,laplacian,horizontal_curvature,vertical_gradient
0,46.8082,8,743.519,-6.17545,-0.892214,-6.7695,-0.889256,0.0149749,-0.910003,-6.73443,-0.879679,-7.26388,-5.05225,-0.0675264,-13.4244,6.17547,-7.26388
0.2,46.8081,8,745.095,-6.12304,-0.82111,-6.57143,-0.812427,-0.12857,-0.832939,-6.59969,-0.845376,-7.14953,1.4853,0.0014705,-13.4011,6.12439,-7.14953
0.4,46.8081,7.99999,746.136,-6.25766,-0.835503,-6.65731,-0.804993,-0.187529,-1.06479,-6.69477,-1.03779,-7.00129,-0.0972585,0.248307,-13.4465,6.26047,-7.00129
0.6,46.8081,7.99999,748.236,-6.12292,-0.84904,-6.73181,-0.850637,-0.0870084,-0.915821,-6.70129,-0.893024,-7.14446,-3.50509,-0.0379949,-13.3544,6.12354,-7.14446
0.8,46.8081,7.99999,749.811,-6.11941,-0.869239,-6.53275,-0.885674,0.000797301,-0.969957,-6.52585,-0.93772,-7.16957,-0.896435,0.158824,-13.2882,6.11941,-7.16957
1,46.8081,7.99998,751.349,-6.30607,-0.872808,-6.45835,-0.85612,-0.120166,-0.934098,-6.51881,-0.924382,-7.27394,7.58079,0.00169386,-13.7002,6.30722,-7.27394
1.2,46.8081,7.99998,753.287,-6.08362,-0.927337,-6.72895,-0.981902,-0.176561,-1.08376,-6.72568,-1.02721,-7.22955,-1.89617,0.034251,-13.4897,6.08618,-7.22955
1.4,46.8081,7.99998,755.622,-6.09604,-0.839518,-6.59871,-0.841376,-0.0782018,-1.03433,-6.64225,-0.994847,-7.18129,-1.49974,0.0583587,-13.3555,6.09654,-7.18129
1.6,46.8081,7.99998,757.861,-6.11327,-0.812008,-6.70522,-0.820675,-0.144275,-0.876411,-6.69539,-0.889334,-6.93228,-4.15784,0.0887052,-13.1898,6.11497,-6.93228
1.8,46.8081,7.99997,760.053,-6.21301,-0.990985,-6.53999,-0.976804,-0.216003,-0.897781,-6.54277,-0.885749,-7.03206,3.99686,0.0736803,-13.4611,6.21677,-7.03206
2,46.8081,7.99997,762.398,-6.15401,-0.88495,-6.55351,-0.928592,0.0327008,-0.875285,-6.58586,-0.900203,-7.22868,-1.44491,0.252984,-13.35,6.1541,-7.22868
2.2,46.8082,7.99997,764.19,-6.28146,-0.756399,-6.61331,-0.815586,-0.362818,-0.895542,-6.61808,-0.906439,-6.97393,6.83954,0.0150057,-13.6182,6.29193,-6.97393
2.4,46.8082,7.99997,765.968,-6.17238,-0.811349,-6.60787,-0.84039,0.0811975,-0.928339,-6.6556,-0.923342,-7.14124,-5.04203,0.0275561,-13.2324,6.17291,-7.14124
2.6,46.8082,7.99996,767.577,-6.02751,-0.932591,-6.649,-0.909484,-0.25327,-0.890049,-6.66113,-0.866871,-7.02251,-0.552353,0.33253,-13.3033,6.03283,-7.02251
2.8,46.8082,7.99996,769.472,-6.14757,-0.904968,-6.64179,-0.862735,-0.195867,-0.932632,-6.62454,-0.89196,-7.06488,0.816475,0.0387734,-13.4083,6.15069,-7.06488
3,46.8082,7.99996,771.081,-6.20172,-0.814038,-6.74698,-0.832416,-0.0981904,-0.917766,-6.70089,-0.939265,-7.18193,-1.79193,-0.00292007,-13.4818,6.20249,-7.18193
3.2,46.8082,7.99996,772.846,-6.23932,-0.8575,-6.83514,-0.832451,-0.191813,-0.75855,-6.83165,-0.781014,-7.18044,-1.25279,0.297737,-13.6116,6.24227,-7.18044
3.4,46.8083,7.99996,774.728,-6.16025,-0.866871,-6.69157,-0.892189,-0.305735,-0.961112,-6.72236,-0.951086,-7.20356,3.58173,0.109192,-13.6695,6.16783,-7.20356
3.6,46.8083,7.99996,776.269,-6.18952,-0.83167,-6.65879,-0.850176,-0.148221,-1.00592,-6.68762,-0.983285,-7.18025,0.392701,0.0508815,-13.518,6.19129,-7.18025
3.8,46.8083,7.99995,777.914,-6.11986,-0.774675,-6.58696,-0.788858,-0.019541,-0.919586,-6.61558,-0.934213,-7.07816,-2.94298,0.0209522,-13.2176,6.11989,-7.07816
4,46.8084,7.99995,779.499,-6.09782,-0.842254,-6.67524,-0.836044,-0.175013,-0.943989,-6.69968,-0.8877,-7.13697,-0.855706,0.0649465,-13.4098,6.10033,-7.13697
4.2,46.8084,7.99995,781.052,-6.1595,-0.834328,-6.658,-0.761454,-0.0727718,-0.917713,-6.62428,-0.864923,-7.06582,-2.0984,-0.0365563,-13.2981,6.15993,-7.06582
4.4,46.8084,7.99995,782.633,-6.05379,-0.80603,-6.64673,-0.821515,-0.0443081,-0.86897,-6.6245,-0.87638,-6.96216,-5.46162,-0.121457,-13.0603,6.05395,-6.96216
4.6,46.8085,7.99995,783.932,-6.18403,-0.816075,-6.64356,-0.845533,-0.141041,-0.889028,-6.66687,-0.863896,-7.2014,1.34354,-0.00522604,-13.5265,6.18564,-7.2014
4.8,46.8085,7.99995,785.009,-6.29145,-0.7993,-6.6522,-0.77885,-0.0177188,-0.891673,-6.6821,-0.892698,-6.99053,-3.30661,-0.0194188,-13.2997,6.29148,-6.99053
5,46.8085,7.99994,785.806,-6.27177,-0.801325,-6.65692,-0.838582,-0.115065,-0.923626,-6.6626,-0.903242,-7.02929,-0.48418,0.013047,-13.4161,6.27282,-7.02929
5.2,46.8086,7.99994,786.541,-6.29712,-0.78789,-6.60339,-0.778548,-0.124271,-0.72142,-6.60657,-0.672248,-7.1356,3.75781,0.0572039,-13.557,6.29835,-7.1356
5.4,46.8086,7.99994,787.201,-6.20977,-0.877022,-6.62556,-0.892563,-0.0429032,-0.850024,-6.66396,-0.794069,-6.95146,-3.7572,0.0115002,-13.2041,6.20992,-6.95146
5.6,46.8087,7.99994,787.786,-6.25768,-0.892343,-6.66986,-0.871893,-0.219489,-1.04663,-6.70357,-0.999616,-7.03005,0.744459,0.100588,-13.5072,6.26153,-7.03005
5.8,46.8087,7.99994,788.283,-6.30077,-0.792543,-6.61839,-0.881733,0.100312,-0.911766,-6.65205,-0.917106,-7.10612,-4.26322,0.150747,-13.3066,6.30157,-7.10612
6,46.8088,7.99994,788.718,-5.93468,-0.908851,-6.48459,-0.894293,-0.218829,-0.850848,-6.52113,-0.875139,-7.05268,1.70634,0.127919,-13.2062,5.93872,-7.05268
6.2,46.8088,7.99994,789.067,-6.27415,-0.785689,-6.59431,-0.784901,-0.164246,-0.855377,-6.65143,-0.818703,-7.14748,3.74052,-0.0675377,-13.5859,6.2763,-7.14748
6.4,46.8089,7.99994,789.35,-6.31507,-0.81564,-6.57676,-0.874025,-0.165165,-0.945851,-6.60046,-0.926872,-7.21308,5.57258,-0.0952293,-13.6933,6.31723,-7.21308
6.6,46.809,7.99993,789.557,-6.10826,-0.99,-6.49231,-1.03045,-0.0667376,-0.951195,-6.53202,-0.937932,-7.00056,-1.36819,0.141676,-13.1756,6.10862,-7.00056
6.8,46.809,7.99993,789.701,-6.15801,-0.903916,-6.62685,-0.903988,-0.179567,-0.844185,-6.58842,-0.830323,-7.19585,3.06286,0.0777953,-13.5334,6.16063,-7.19585
7,46.8091,7.99993,789.774,-6.25057,-0.867243,-6.56812,-0.886146,-0.238526,-0.995237,-6.60593,-0.976121,-6.99498,3.50703,-0.0147544,-13.4841,6.25512,-6.99498
7.2,46.8091,7.99993,789.775,-6.06876,-0.828714,-6.66093,-0.89335,-0.197266,-0.90399,-6.64806,-0.913351,-7.19142,0.820956,0.0455553,-13.4574,6.07196,-7.19142
7.4,46.8092,7.99993,789.716,-6.31577,-0.856501,-6.55299,-0.910671,-0.134927,-0.975511,-6.60651,-0.927652,-7.09142,3.23888,-0.0109523,-13.5421,6.31721,-7.09142
7.6,46.8093,7.99993,789.59,-6.11297,-0.815259,-6.50702,-0.820182,-0.0388029,-0.897877,-6.53259,-0.868486,-7.06752,-0.482418,0.0486953,-13.2193,6.11309,-7.06752
7.8,46.8094,7.99993,789.385,-6.16081,-0.868862,-6.66569,-0.888179,-0.14367,-0.850404,-6.6297,-0.855093,-7.04484,-0.782329,0.068957,-13.3493,6.16249,-7.04484
8,46.8094,7.99993,789.127,-6.14034,-0.959386,-6.60836,-0.991559,-0.0805244,-0.791131,-6.57481,-0.821065,-7.06101,-1.25906,0.342646,-13.2819,6.14086,-7.06101
8.2,46.8095,7.99993,788.837,-6.30675,-0.925658,-6.70648,-0.916493,-0.305882,-0.927297,-6.73779,-0.919003,-7.27281,6.26825,-0.0958371,-13.8854,6.31417,-7.27281
8.4,46.8096,7.99993,788.438,-6.09675,-0.809243,-6.52239,-0.844296,-0.0575965,-0.933109,-6.53145,-0.983549,-7.10982,-0.188562,0.0618713,-13.2642,6.09702,-7.10982
8.6,46.8097,7.99993,787.978,-6.101,-0.944246,-6.57012,-0.930347,-0.225488,-0.901499,-6.5873,-0.888015,-7.11064,2.80533,0.0721699,-13.4371,6.10516,-7.11064
8.8,46.8097,7.99992,787.454,-6.12765,-0.821104,-6.59237,-0.828794,-0.325996,-0.981236,-6.61324,-0.99085,-7.10329,5.18016,0.0725901,-13.5569,6.13632,-7.10329
9,46.8098,7.99992,786.87,-6.20444,-0.744631,-6.55227,-0.817463,-0.133342,-0.879047,-6.54786,-0.875913,-7.20317,4.39495,-0.0542045,-13.541,6.20588,-7.20317
9.2,46.8099,7.99992,786.231,-6.13243,-0.9019,-6.67451,-0.882501,-0.0655416,-0.861424,-6.71899,-0.884139,-6.96466,-5.66967,-0.074004,-13.1626,6.13278,-6.96466
9.4,46.81,7.99992,785.513,-6.11046,-0.866823,-6.54071,-0.841914,-0.0942954,-1.00421,-6.53313,-0.975747,-7.23337,2.03297,0.0677201,-13.4381,6.11119,-7.23337
9.6,46.8101,7.99992,784.738,-6.07788,-0.712847,-6.69832,-0.815344,-0.0713688,-0.863586,-6.70693,-0.906473,-7.03035,-5.24801,-0.0787475,-13.1796,6.0783,-7.03035
9.8,46.8102,7.99992,783.904,-6.06831,-0.818002,-6.62998,-0.806129,-0.0752178,-0.928503,-6.60324,-0.91512,-7.13396,-2.00876,-0.009085,-13.2775,6.06877,-7.13396
10,46.8103,7.99992,783.006,-6.14639,-0.829142,-6.75829,-0.816386,-0.131683,-0.820442,-6.76602,-0.843749,-7.11227,-3.27025,0.0761041,-13.3903,6.1478,-7.11227
10.2,46.81,8.00023,781.884,-6.29449,-0.974053,-6.53572,-0.959346,-0.13303,-0.92193,-6.53547,-0.969747,-7.21887,5.38859,0.0614599,-13.6464,6.2959,-7.21887
10.4,46.8101,8.00024,780.858,-6.25018,-1.06886,-6.53591,-1.09334,-0.162319,-0.911047,-6.59837,-0.888872,-7.17894,3.88938,0.390723,-13.5914,6.25229,-7.17894
10.6,46.8102,8.00024,779.772,-6.15253,-0.890589,-6.64309,-0.883536,0.0710407,-0.955893,-6.64481,-0.990777,-7.08561,-6.44408,-0.108606,-13.1671,6.15294,-7.08561
10.8,46.8103,8.00024,778.617,-6.37893,-0.905086,-6.65818,-0.933948,-0.187493,-0.881758,-6.64095,-0.907859,-7.11256,4.07518,-0.0430092,-13.679,6.38168,-7.11256
11,46.8104,8.00024,777.412,-6.14668,-0.857718,-6.69391,-0.892598,-0.0523741,-0.845954,-6.6718,-0.86397,-7.01407,-4.70879,-0.0597233,-13.2131,6.1469,-7.01407
11.2,46.8105,8.00025,776.159,-6.17061,-0.754116,-6.67782,-0.771591,-0.154878,-0.969663,-6.67103,-0.979783,-7.01829,-1.46029,0.21186,-13.3438,6.17255,-7.01829
11.4,46.8106,8.00025,774.842,-6.24772,-1.10607,-6.5956,-1.04958,-0.193373,-0.947651,-6.54774,-0.953295,-7.13864,3.87636,0.195604,-13.5797,6.25071,-7.13864
11.6,46.8107,8.00025,773.456,-5.97497,-0.855817,-6.66308,-0.817057,-0.190861,-0.860528,-6.66228,-0.882417,-7.14638,-1.29232,0.146649,-13.3122,5.97802,-7.14638
11.8,46.8108,8.00026,772.012,-6.02608,-0.850023,-6.6118,-0.830912,0.0515301,-0.959942,-6.54526,-0.974423,-7.12836,-5.27884,-0.0390939,-13.1029,6.0263,-7.12836
12,46.8109,8.00026,770.512,-6.15769,-0.891524,-6.43703,-0.856631,0.0182148,-0.899361,-6.50191,-0.948422,-7.19016,1.12401,0.344646,-13.3296,6.15772,-7.19016
12.2,46.811,8.00027,768.907,-6.14381,-0.95688,-6.63014,-0.871778,-0.0998827,-0.863011,-6.57733,-0.913736,-7.10752,-0.481042,0.0549837,-13.3512,6.14462,-7.10752
12.4,46.8112,8.00027,767.294,-6.21421,-0.840416,-6.64481,-0.829338,-0.216014,-0.959542,-6.61157,-0.951174,-7.12458,3.22532,-0.0096393,-13.5548,6.21796,-7.12458
12.6,46.8113,8.00027,765.615,-6.132,-0.89068,-6.64445,-0.87929,-0.222392,-1.02323,-6.67879,-1.02192,-7.05122,-0.0716056,0.130204,-13.4056,6.13603,-7.05122
12.8,46.8114,8.00027,763.874,-6.21106,-0.91793,-6.68784,-0.848903,-0.0298103,-0.995644,-6.66003,-0.975226,-7.12476,-3.28324,-0.0322272,-13.3656,6.21113,-7.12476
13,46.8115,8.00028,762.076,-6.15983,-0.86391,-6.65538,-0.877648,-0.155812,-1.01745,-6.65614,-1.01435,-7.2631,1.48315,0.0200448,-13.5787,6.1618,-7.2631
13.2,46.8116,8.00028,760.23,-6.12959,-0.856869,-6.55901,-0.83841,-0.123136,-0.878858,-6.54592,-0.917638,-7.23236,3.03433,-0.0085746,-13.4851,6.13083,-7.23236
13.4,46.8117,8.00028,758.314,-6.20408,-0.879205,-6.73873,-0.908702,0.000244142,-0.954959,-6.73937,-0.965033,-6.96953,-7.79793,-0.282633,-13.1734,6.20408,-6.96953
13.6,46.8119,8.00028,756.331,-6.3499,-0.891326,-6.72326,-0.817667,-0.138157,-0.894524,-6.71498,-0.841998,-7.00844,-0.560155,-0.00333034,-13.4965,6.3514,-7.00844
13.8,46.812,8.00029,754.297,-5.91426,-0.835098,-6.69455,-0.855426,-0.169786,-0.959023,-6.67652,-1.0106,-7.15249,-3.71922,0.113615,-13.2365,5.9167,-7.15249
14,46.8121,8.00029,752.211,-6.14724,-0.894503,-6.64935,-0.883762,-0.0573955,-0.773037,-6.56789,-0.797818,-7.12593,-1.02571,0.186979,-13.3306,6.14751,-7.12593
14.2,46.8123,8.0003,749.923,-6.22707,-0.932549,-6.58221,-0.902368,-0.11787,-1.02255,-6.63975,-1.04224,-7.0707,-0.0286952,0.0261115,-13.4156,6.22819,-7.0707
14.4,46.8124,8.0003,747.71,-6.11013,-0.946934,-6.34767,-0.905233,-0.0197751,-0.909057,-6.41404,-0.879501,-7.12676,2.87267,0.363166,-13.2567,6.11017,-7.12676
14.6,46.8125,8.0003,745.432,-6.25245,-0.873823,-6.58093,-0.819649,-0.245644,-0.876955,-6.65961,-0.889925,-6.85015,1.45148,0.126958,-13.3482,6.25727,-6.85015
14.8,46.8127,8.0003,743.089,-6.47978,-0.887659,-6.68648,-0.898819,-0.185553,-1.03653,-6.67865,-0.981943,-7.00425,2.83141,0.00183607,-13.6696,6.48243,-7.00425
15,46.8128,8.0003,740.691,-6.25433,-0.972177,-6.57225,-0.947957,-0.182835,-0.94798,-6.54827,-0.932407,-7.14298,4.5634,-0.0323686,-13.5801,6.257,-7.14298
15.2,46.8129,8.0003,738.356,-6.12656,-0.795885,-6.6493,-0.849363,-0.299307,-1.03583,-6.63151,-0.965107,-7.10083,3.3843,0.184095,-13.5267,6.13387,-7.10083
15.4,46.8131,8.0003,735.839,-6.16134,-0.903653,-6.63549,-0.911912,-0.154877,-0.807837,-6.62559,-0.84595,-7.12339,0.951208,0.136628,-13.4396,6.16328,-7.12339
15.6,46.8132,8.0003,733.275,-6.13681,-0.776404,-6.53971,-0.797373,-0.0455518,-0.857303,-6.60695,-0.909603,-6.97612,-2.39594,-0.0185031,-13.1585,6.13698,-6.97612
15.8,46.8134,8.0003,730.65,-6.25532,-0.902719,-6.63533,-0.915712,-0.019232,-0.992853,-6.6218,-0.979437,-6.92661,-4.31066,-0.0656476,-13.2012,6.25535,-6.92661
16,46.8135,8.0003,727.964,-6.11621,-0.878748,-6.67565,-0.903035,-0.212159,-0.791204,-6.6979,-0.817701,-6.91503,-2.18969,0.371345,-13.2434,6.11989,-6.91503
16.2,46.8137,8.00031,725.199,-6.22915,-0.942556,-6.69789,-0.905306,-0.223695,-0.932761,-6.70078,-0.944564,-7.13128,1.59004,0.0573942,-13.5841,6.23317,-7.13128
16.4,46.8138,8.00031,722.382,-6.0964,-0.973631,-6.7949,-0.97771,-0.117707,-1.00918,-6.75712,-0.961098,-7.13915,-5.50956,-0.0339311,-13.3533,6.09753,-7.13915
16.6,46.814,8.00031,719.516,-6.12237,-0.822482,-6.4205,-0.865061,-0.137066,-0.792769,-6.45637,-0.819063,-7.24137,6.70418,-0.0262554,-13.5008,6.1239,-7.24137
16.8,46.8141,8.00031,716.588,-5.98247,-0.862206,-6.61496,-0.913466,-0.0272311,-0.968667,-6.59709,-0.981638,-7.19408,-3.96153,-0.0704029,-13.2038,5.98253,-7.19408
17,46.8143,8.0003,713.593,-6.22443,-0.847969,-6.70998,-0.857675,-0.0833025,-1.05015,-6.69039,-1.06087,-7.3378,0.139238,0.142995,-13.6455,6.22499,-7.3378
17.2,46.8144,8.00029,710.747,-6.01925,-0.882549,-6.65209,-0.851319,-0.118254,-0.906469,-6.63011,-0.964624,-7.21165,-1.51306,-0.00301801,-13.3491,6.02041,-7.21165
17.4,46.8146,8.00029,707.633,-6.20707,-0.926148,-6.74633,-0.958623,-0.147162,-0.972434,-6.76651,-0.97949,-7.08023,-3.17311,0.0200158,-13.4345,6.20882,-7.08023
17.6,46.8148,8.00029,704.471,-6.09317,-0.818752,-6.72695,-0.840462,-0.0740001,-1.09487,-6.69984,-1.03945,-7.33471,-2.42077,0.126898,-13.5019,6.09362,-7.33471
17.8,46.8149,8.00029,701.239,-5.97219,-0.850084,-6.54654,-0.86309,-0.24568,-1.00738,-6.51492,-0.962956,-7.10582,2.59284,0.0391788,-13.3237,5.97724,-7.10582
18,46.8151,8.00029,697.934,-6.19923,-0.94249,-6.52922,-0.979431,0.0181132,-0.879804,-6.58656,-0.888698,-7.08586,-2.04774,0.259961,-13.267,6.19925,-7.08586
18.2,46.8152,8.00028,835.448,-6.26083,-0.790433,-6.63676,-0.815142,-0.0699029,-0.861931,-6.66105,-0.889495,-7.06744,-0.87809,0.000674169,-13.3982,6.26122,-7.06744
18.4,46.8154,8.00028,834.555,-6.13879,-0.739939,-6.60814,-0.761565,-0.0344156,-0.832806,-6.63285,-0.864306,-7.11937,-1.907,-0.00207822,-13.2926,6.13889,-7.11937
18.6,46.8156,8.00028,835.201,-6.25785,-0.875698,-6.67387,-0.843469,-0.054827,-0.890281,-6.64489,-0.817872,-6.97419,-2.89003,-0.0379876,-13.2869,6.25809,-6.97419
18.8,46.8158,8.00027,835.84,-6.15098,-0.886898,-6.69637,-0.890589,-0.0913165,-0.81623,-6.64435,-0.841416,-7.0279,-3.07546,0.0630755,-13.2702,6.15165,-7.0279
19,46.8159,8.00027,834.741,-6.08334,-0.842327,-6.67017,-0.910417,-0.0931051,-0.881984,-6.62928,-0.894326,-7.26449,-0.678058,0.0158264,-13.4409,6.08405,-7.26449
19.2,46.8161,8.00026,835.755,-6.23704,-0.996066,-6.64548,-0.968356,-0.0203116,-1.04245,-6.63916,-1.01018,-7.17122,-2.27689,0.0781817,-13.4286,6.23708,-7.17122
19.4,46.8163,8.00026,833.646,-5.95652,-0.943821,-6.55909,-0.904815,-0.140434,-0.927069,-6.61447,-0.886993,-7.27788,0.296474,0.0663721,-13.3748,5.95818,-7.27788
19.6,46.8165,8.00025,831.609,-6.11222,-0.814979,-6.54054,-0.872171,-0.10178,-0.984525,-6.54216,-1.03848,-7.20269,1.71417,0.0699607,-13.4167,6.11306,-7.20269
19.8,46.8167,8.00024,831.163,-6.21627,-0.824885,-6.70534,-0.841472,0.0243651,-0.855527,-6.66497,-0.875927,-7.16431,-3.85034,-0.0184175,-13.3562,6.21631,-7.16431
20,46.8169,8.00023,829.831,-6.20555,-0.89741,-6.59139,-0.852352,-0.191121,-0.792393,-6.57381,-0.810252,-7.22117,5.27993,-0.00206225,-13.6178,6.2085,-7.22117
20.2,46.817,8.00023,829.491,-6.14702,-0.936112,-6.56254,-0.921767,-0.123356,-0.960702,-6.67389,-0.949148,-7.29423,1.8467,0.0273538,-13.5646,6.14825,-7.29423
20.4,46.8172,8.00022,828.96,-6.26682,-0.822036,-6.56009,-0.868164,-0.216537,-0.739411,-6.5654,-0.806176,-6.91443,3.61271,0.0315224,-13.3978,6.27056,-6.91443
20.6,46.8174,8.00021,828.746,-6.12321,-0.886188,-6.60119,-0.819514,-0.220067,-0.832626,-6.58971,-0.885445,-7.09504,2.77979,0.0268889,-13.4383,6.12716,-7.09504
20.8,46.8176,8.0002,827.139,-6.18436,-0.978432,-6.69779,-0.945739,-0.14563,-0.87542,-6.68322,-0.868101,-7.17932,-0.204966,0.172749,-13.5093,6.18607,-7.17932
21,46.8178,8.00019,825.624,-6.19629,-0.787686,-6.62746,-0.815918,-0.239609,-1.02125,-6.67366,-0.968769,-7.20357,3.96933,0.0556606,-13.6395,6.20092,-7.20357
21.2,46.818,8.00017,824.007,-6.15803,-0.871317,-6.63308,-0.869444,-0.0424233,-0.820088,-6.58658,-0.861005,-6.98987,-3.10277,-0.00115794,-13.1903,6.15818,-6.98987
21.4,46.8182,8.00016,824.218,-6.24456,-0.925215,-6.70104,-0.889618,-0.102041,-0.939515,-6.69736,-0.938282,-7.10743,-1.6774,-0.00967487,-13.454,6.24539,-7.10743
21.6,46.8184,8.00015,822.952,-6.3196,-0.935285,-6.65681,-0.849477,-0.245305,-0.985493,-6.61927,-0.974553,-7.23543,6.46401,-0.201639,-13.8003,6.32436,-7.23543
21.8,46.8186,8.00013,822.724,-6.04536,-0.724002,-6.62939,-0.756603,-0.0596632,-1.00619,-6.58653,-0.931505,-7.0038,-4.06136,0.111269,-13.1088,6.04566,-7.0038
22,46.8188,8.00012,820.796,-6.2686,-0.760935,-6.7205,-0.795244,-0.145511,-0.95312,-6.70798,-0.898995,-6.95365,-2.05872,0.126444,-13.3678,6.27029,-6.95365
22.2,46.819,8.0001,818.885,-6.21643,-0.581664,-6.71443,-0.668156,-0.264235,-0.992048,-6.62356,-0.9917,-7.22863,5.28607,0.531763,-13.7093,6.22204,-7.22863
22.4,46.8192,8.00009,818.726,-6.28753,-0.878848,-6.77154,-0.901498,-0.0857722,-1.0206,-6.74505,-1.00341,-7.09634,-3.44857,-0.0235413,-13.4696,6.28811,-7.09634
22.6,46.8195,8.00007,817.463,-6.16958,-0.888244,-6.64633,-0.932223,-0.179342,-0.923115,-6.68564,-0.913868,-7.22859,1.78717,0.0170397,-13.5775,6.17219,-7.22859
22.8,46.8197,8.00005,815.394,-6.1845,-1.03182,-6.70717,-1.01068,0.0126962,-0.954836,-6.6936,-0.972286,-6.9601,-7.97702,-0.209299,-13.1319,6.18451,-6.9601
23,46.8199,8.00003,813.704,-6.15048,-0.856165,-6.69997,-0.860553,-0.213044,-1.00159,-6.73611,-0.965749,-7.08804,-0.841021,0.154388,-13.4516,6.15417,-7.08804
23.2,46.8201,8.00001,811.891,-6.13656,-0.86852,-6.55745,-0.878868,-0.307005,-1.03032,-6.65443,-1.01916,-7.24912,6.28926,-0.111682,-13.6927,6.14424,-7.24912
23.4,46.8203,7.99999,810.296,-6.32242,-0.796103,-6.74583,-0.808277,-0.291959,-0.845701,-6.72042,-0.855045,-6.99817,2.86606,0.206264,-13.6125,6.32915,-6.99817
23.6,46.8205,7.99997,808.016,-6.32718,-0.962171,-6.65738,-0.929189,0.0436111,-0.888024,-6.67183,-0.909409,-7.02018,-4.56524,0.0598623,-13.3038,6.32733,-7.02018
23.8,46.8208,7.99994,806.44,-6.11836,-0.897509,-6.69614,-0.935238,0.072381,-0.921225,-6.64193,-0.928702,-7.19572,-6.21586,-0.0656079,-13.2417,6.11879,-7.19572
24,46.821,7.99992,805.802,-6.16252,-0.99169,-6.66506,-0.983671,-0.128486,-0.98482,-6.68926,-0.987933,-7.13947,-1.65311,0.0256276,-13.4305,6.16386,-7.13947
24.2,46.8212,7.99989,803.113,-6.18824,-0.86618,-6.6191,-0.874166,-0.214276,-1.05115,-6.59381,-1.02905,-7.27542,4.84591,-0.0503191,-13.6779,6.19194,-7.27542
24.4,46.8215,7.99987,804.658,-6.29548,-0.99209,-6.69262,-0.977508,-0.180467,-0.959233,-6.72466,-0.993766,-7.3203,3.22668,0.00467815,-13.7962,6.29807,-7.3203
24.6,46.8217,7.99984,801.691,-6.04331,-0.85428,-6.62643,-0.875907,-0.165272,-0.796845,-6.66469,-0.861423,-7.12403,-0.737785,0.125802,-13.3326,6.04557,-7.12403
24.8,46.8219,7.99981,799.997,-6.12912,-0.867299,-6.53799,-0.859398,-0.0149127,-0.919495,-6.52462,-0.944928,-7.33442,1.76438,0.245301,-13.4785,6.12914,-7.33442
25,46.8222,7.99978,797.474,-6.2392,-0.828796,-6.65488,-0.867808,-0.148508,-0.982758,-6.68961,-0.923246,-7.04415,-0.445126,0.0312388,-13.4319,6.24097,-7.04415
25.2,46.8224,7.99975,796.347,-6.36835,-0.947186,-6.54973,-0.920138,-0.297278,-0.825064,-6.63341,-0.836092,-7.14115,8.96992,-0.209444,-13.8068,6.37528,-7.14115
25.4,46.8226,7.99971,793.89,-6.13771,-0.94401,-6.63447,-0.926231,-0.0874382,-0.984139,-6.64717,-0.963368,-7.04442,-3.06727,-0.0413498,-13.2696,6.13833,-7.04442
25.6,46.8229,7.99968,792.558,-6.22611,-0.793204,-6.62581,-0.790261,-0.258113,-0.948409,-6.57695,-0.981619,-7.15251,5.7002,-0.0541898,-13.6367,6.23145,-7.15251
25.8,46.8231,7.99965,791.026,-6.11164,-0.773688,-6.58566,-0.854458,0.00371382,-0.816264,-6.59961,-0.819405,-7.16263,-2.13345,0.0452168,-13.2705,6.11164,-7.16263
26,46.8234,7.99961,788.207,-6.18033,-0.781508,-6.58017,-0.809866,-0.102179,-0.830278,-6.55041,-0.866472,-7.34458,4.63747,-0.0070195,-13.6271,6.18117,-7.34458
26.2,46.8236,7.99957,787.482,-6.07299,-0.934769,-6.60979,-0.878969,-0.238,-1.02611,-6.56035,-0.991158,-7.14853,2.71712,-0.0130422,-13.4595,6.07766,-7.14853
26.4,46.8239,7.99953,786.816,-6.17641,-0.883868,-6.47856,-0.852109,-0.232948,-1.0396,-6.48557,-1.0039,-7.01791,5.21019,-0.0792004,-13.4273,6.1808,-7.01791
26.6,46.8241,7.99949,784.548,-6.18194,-0.680448,-6.53593,-0.711025,0.0362369,-0.830726,-6.56161,-0.830946,-7.2336,0.342366,0.262778,-13.3793,6.18205,-7.2336
26.8,46.8244,7.99945,781.303,-6.28738,-0.85938,-6.47695,-0.834521,-0.0795456,-0.758738,-6.43284,-0.812434,-7.1879,6.53237,0.164194,-13.5548,6.28789,-7.1879
27,46.8246,7.99941,780.488,-5.93295,-0.85846,-6.62487,-0.887203,-0.127501,-0.801644,-6.66061,-0.826668,-7.1415,-3.02571,0.152204,-13.2019,5.93432,-7.1415
27.2,46.8249,7.99936,777.69,-6.09471,-0.840326,-6.65534,-0.876448,-0.0142422,-0.958849,-6.70519,-0.965991,-7.27356,-3.5349,-0.0310077,-13.3825,6.09473,-7.27356
27.4,46.8251,7.99932,775.65,-6.18687,-0.806679,-6.73996,-0.81227,-0.0391416,-1.02252,-6.67852,-1.03292,-7.18831,-3.45537,0.10202,-13.4143,6.187,-7.18831
27.6,46.8254,7.99927,774.036,-6.06928,-0.830596,-6.53873,-0.784019,-0.193149,-1.03364,-6.57285,-0.979311,-7.11403,2.1637,0.0744444,-13.3765,6.07236,-7.11403
27.8,46.8257,7.99922,771.848,-6.17984,-0.846276,-6.67557,-0.798655,-0.270075,-0.915527,-6.63462,-0.941552,-7.07279,2.92027,0.104165,-13.5227,6.18574,-7.07279
28,46.8259,7.99917,770.08,-6.21423,-0.776661,-6.69168,-0.772838,-0.104776,-0.831232,-6.67068,-0.845316,-7.38686,2.77551,-0.0104304,-13.7059,6.21511,-7.38686
28.2,46.8262,7.99912,769.067,-6.13598,-0.988003,-6.61164,-0.956758,-0.279955,-0.92457,-6.4958,-0.925074,-7.1329,5.46717,-0.0242942,-13.5488,6.14237,-7.1329
28.4,46.8265,7.99907,766.143,-6.16763,-1.04711,-6.67655,-1.01963,0.00145237,-1.04814,-6.655,-1.03792,-7.18005,-4.64705,0.00560219,-13.3462,6.16763,-7.18005
28.6,46.8267,7.99901,764.203,-6.15108,-1.01199,-6.74905,-1.00954,0.0148636,-0.948685,-6.69871,-0.980248,-6.98898,-8.73411,-0.28259,-13.1252,6.1511,-6.98898
28.8,46.827,7.99896,762.507,-6.29542,-1.01909,-6.6007,-0.96358,-0.0435676,-1.02947,-6.65648,-1.01374,-7.12341,-1.06717,0.0943061,-13.4624,6.29557,-7.12341
29,46.8273,7.9989,760.062,-6.26115,-0.923888,-6.60868,-0.878413,-0.0935083,-1.02868,-6.57766,-1.00388,-6.96277,-0.964726,0.0256839,-13.3174,6.26184,-6.96277
29.2,46.8276,7.99884,758.433,-6.23113,-0.79836,-6.84389,-0.865786,-0.161334,-1.07075,-6.78623,-1.00363,-7.19617,-2.40714,0.181011,-13.5886,6.23321,-7.19617
29.4,46.8278,7.99878,756.39,-6.19027,-0.949469,-6.72491,-0.936835,0.0159122,-0.951909,-6.71366,-0.974828,-7.15894,-5.72572,-0.110567,-13.3333,6.19029,-7.15894
29.6,46.8281,7.99872,754.033,-6.07724,-0.889007,-6.6369,-0.885008,0.0323001,-1.0064,-6.61575,-0.993409,-7.21396,-4.56595,-0.00464614,-13.2589,6.07733,-7.21396
29.8,46.8284,7.99865,751.491,-6.19218,-0.8631,-6.61935,-0.926059,-0.0704974,-1.01273,-6.62224,-1.00581,-7.10451,-1.44591,0.0209094,-13.3672,6.19259,-7.10451
30,46.8287,7.99859,749.348,-6.33612,-0.95507,-6.69436,-0.944387,-0.149836,-1.06735,-6.7135,-1.06162,-7.28766,2.47827,0.012666,-13.7736,6.33789,-7.28766
30.2,46.829,7.99852,747.974,-6.13433,-0.864116,-6.76155,-0.852844,-0.14801,-1.05203,-6.78069,-1.00392,-7.03654,-5.05452,0.108287,-13.3189,6.13611,-7.03654
30.4,46.8293,7.99845,745.58,-5.96645,-0.802714,-6.61045,-0.807538,-0.10053,-0.886759,-6.71747,-0.90471,-7.22325,-2.86573,-0.0106621,-13.2902,5.9673,-7.22325
30.6,46.8296,7.99839,742.753,-6.06727,-0.829604,-6.60915,-0.82176,-0.283893,-0.821366,-6.6255,-0.834315,-7.02699,2.39216,0.230054,-13.3782,6.07391,-7.02699
30.8,46.8298,7.99831,740.785,-6.16252,-0.817744,-6.53593,-0.792178,-0.275196,-1.02878,-6.50379,-0.983595,-7.08428,6.26889,-0.0552344,-13.522,6.16866,-7.08428
31,46.8301,7.99824,737.887,-6.23105,-0.776361,-6.47914,-0.791128,0.0403012,-1.10026,-6.55781,-1.08136,-7.171,-0.300469,0.761859,-13.3617,6.23118,-7.171
31.2,46.8304,7.99817,737.067,-6.14156,-0.844861,-6.6976,-0.843918,-0.272837,-0.888602,-6.70013,-0.936738,-7.28803,4.00759,0.0150822,-13.7024,6.14762,-7.28803
31.4,46.8307,7.99809,735.607,-6.23246,-0.902624,-6.47575,-0.926881,-0.200337,-0.959216,-6.49965,-0.992762,-7.23495,7.82126,-0.199635,-13.6678,6.23568,-7.23495
31.6,46.831,7.99801,733.401,-6.21974,-0.841263,-6.53923,-0.886605,-0.187666,-0.970564,-6.56134,-1.00121,-7.27653,6.33432,-0.13216,-13.6839,6.22257,-7.27653
31.8,46.8313,7.99793,730.913,-5.9891,-0.926818,-6.55291,-0.938716,0.110581,-0.953988,-6.55751,-0.980147,-7.14952,-6.81904,-0.0236175,-13.028,5.99012,-7.14952
32,46.8316,7.99785,728.446,-6.19578,-0.895927,-6.59795,-0.853893,-0.0842526,-0.879519,-6.59688,-0.911495,-7.02954,-0.849626,0.00891766,-13.3096,6.19635,-7.02954
32.2,46.8319,7.99777,726.559,-6.09328,-0.753856,-6.731,-0.766075,-0.298373,-0.868418,-6.72845,-0.86543,-7.17777,2.15521,0.320649,-13.5694,6.10058,-7.17777
32.4,46.8322,7.99769,724.573,-6.00303,-0.83549,-6.56298,-0.900868,-0.227933,-0.905813,-6.56929,-0.881382,-7.25161,3.77537,-0.0271921,-13.4826,6.00735,-7.25161
32.6,46.8325,7.9976,721.197,-6.28558,-1.01927,-6.60738,-0.987716,-0.0567877,-0.831198,-6.59136,-0.892766,-7.20793,1.54376,0.410572,-13.5503,6.28584,-7.20793
32.8,46.8329,7.99751,719.161,-6.11524,-0.887144,-6.66015,-0.953929,-0.0549715,-0.880026,-6.63971,-0.840739,-7.2344,-1.66743,0.120579,-13.4046,6.11548,-7.2344
33,46.8332,7.99743,718.294,-6.13699,-0.843123,-6.59899,-0.898772,-0.219069,-0.858294,-6.61183,-0.818784,-7.00523,1.55627,0.120661,-13.3613,6.1409,-7.00523
33.2,46.8335,7.99734,715.861,-6.13504,-0.943706,-6.65405,-0.894847,-0.1455,-0.952386,-6.63976,-0.981949,-7.01101,-2.07076,0.0135655,-13.2915,6.13676,-7.01101
33.4,46.8338,7.99724,714.185,-6.12432,-0.721684,-6.60007,-0.742026,-0.270858,-0.921979,-6.66253,-0.884004,-7.19665,4.71795,0.0554779,-13.5918,6.13031,-7.19665
33.6,46.8341,7.99715,712.257,-6.12471,-0.807709,-6.68447,-0.84559,0.0259765,-0.823542,-6.71668,-0.819859,-7.0782,-6.49329,-0.172391,-13.1769,6.12477,-7.0782
33.8,46.8344,7.99706,709.765,-6.13784,-0.931129,-6.81604,-0.915534,-0.169319,-0.951807,-6.78384,-0.967594,-7.06781,-4.7907,0.111472,-13.375,6.14018,-7.06781
34,46.8348,7.99696,707.093,-6.23146,-0.898955,-6.64504,-0.888156,-0.0686835,-0.982963,-6.65656,-0.98764,-7.13017,-1.30637,0.0179026,-13.4303,6.23184,-7.13017
34.2,46.8351,7.99686,704.636,-6.31319,-0.985927,-6.56088,-0.906957,-0.0763265,-1.00915,-6.53436,-1.03366,-7.00237,0.830333,0.0928145,-13.3919,6.31365,-7.00237
34.4,46.8354,7.99676,701.476,-6.23062,-0.844619,-6.58015,-0.870485,-0.147423,-0.901442,-6.66474,-0.972947,-7.21666,2.95904,-0.0403766,-13.5947,6.23237,-7.21666
34.6,46.8357,7.99666,700.703,-6.14347,-0.760266,-6.62805,-0.8116,-0.259877,-0.887077,-6.61463,-0.904613,-7.21762,5.1037,-0.0735188,-13.621,6.14896,-7.21762
34.8,46.8361,7.99656,699.247,-6.05611,-0.977921,-6.57078,-0.988962,-0.104484,-0.990374,-6.51814,-0.992089,-7.03343,-1.63205,0.0173262,-13.194,6.05701,-7.03343
35,46.8364,7.99645,697.135,-6.09141,-0.771354,-6.61514,-0.732234,-0.133241,-0.784943,-6.54016,-0.790637,-7.20581,2.43165,-0.023163,-13.4305,6.09287,-7.20581
35.2,46.8367,7.99635,694.822,-6.25393,-0.936255,-6.75504,-0.889563,-0.125457,-1.05187,-6.70996,-1.03009,-7.27102,-0.146315,0.0156848,-13.6504,6.25519,-7.27102
35.4,46.837,7.99624,693.589,-6.01224,-0.838783,-6.61447,-0.846707,-0.0567166,-1.1161,-6.64022,-1.05318,-7.13923,-4.2771,0.079362,-13.2082,6.0125,-7.13923
35.6,46.8374,7.99613,691.38,-6.13862,-0.733052,-6.62492,-0.748914,-0.155006,-0.965139,-6.64106,-0.986911,-7.01607,-0.779842,0.247529,-13.3097,6.14058,-7.01607
35.8,46.8377,7.99602,689.599,-6.19003,-0.851524,-6.60491,-0.872611,0.0346843,-0.900856,-6.6076,-0.884853,-7.17491,-2.46695,0.123691,-13.3302,6.19012,-7.17491
36,46.8381,7.99591,688.101,-6.15507,-0.67221,-6.61547,-0.690655,-0.143529,-0.988391,-6.59145,-0.959743,-7.16917,2.04141,0.327824,-13.4678,6.15674,-7.16917
36.2,46.8384,7.9958,686.628,-6.21602,-0.848262,-6.5869,-0.861238,0.0129786,-0.922066,-6.61138,-0.968022,-7.1353,-1.98346,0.108879,-13.3383,6.21603,-7.1353
36.4,46.8387,7.99568,683.367,-6.2502,-1.00752,-6.58449,-1.00372,-0.218536,-0.8819,-6.64338,-0.823285,-7.32449,6.53105,0.156074,-13.7932,6.25402,-7.32449
36.6,46.8391,7.99557,680.866,-6.22632,-0.893209,-6.75454,-0.825911,-0.18277,-1.11479,-6.71468,-1.07956,-7.34816,1.8744,0.132879,-13.7573,6.229,-7.34816
36.8,46.8394,7.99545,678.823,-6.07696,-0.858068,-6.70336,-0.787584,0.00484348,-0.959483,-6.64488,-0.957378,-7.09404,-6.18204,-0.155742,-13.1662,6.07696,-7.09404
37,46.8398,7.99533,677.54,-6.03622,-0.866921,-6.55662,-0.832538,-0.104458,-0.998561,-6.54371,-1.01668,-7.06466,-1.25846,0.039791,-13.2053,6.03712,-7.06466
37.2,46.8401,7.99521,675.816,-6.12794,-0.868655,-6.67144,-0.821091,-0.294687,-0.979404,-6.62628,-0.992006,-7.09536,2.97016,0.157205,-13.518,6.13502,-7.09536
37.4,46.8405,7.99509,673.834,-6.21159,-0.795302,-6.5491,-0.776533,-0.167803,-0.840958,-6.54998,-0.884346,-7.16949,5.04323,-0.105659,-13.5489,6.21386,-7.16949
37.6,46.8408,7.99496,672.466,-6.22755,-0.79572,-6.56631,-0.81292,-0.243259,-0.925202,-6.5561,-0.935444,-7.16,6.56849,-0.173219,-13.6308,6.2323,-7.16
37.8,46.8412,7.99484,671.085,-6.26393,-1.00612,-6.67529,-0.990534,-0.196626,-0.996575,-6.66887,-0.981192,-7.22632,2.85318,0.0051662,-13.6869,6.26701,-7.22632
38,46.8416,7.99471,670.032,-6.12422,-0.883529,-6.60598,-0.87739,-0.25085,-0.925667,-6.62647,-0.919594,-7.10183,2.82023,0.0395679,-13.4769,6.12936,-7.10183
38.2,46.8419,7.99458,670.546,-6.02669,-0.984832,-6.54135,-0.940469,-0.152549,-1.007,-6.534,-1.0083,-7.13757,0.682723,0.00524915,-13.3168,6.02862,-7.13757
38.4,46.8423,7.99445,665.993,-6.27234,-0.853173,-6.78706,-0.866168,-0.130295,-0.950076,-6.74039,-0.955528,-7.10701,-2.14672,0.0177091,-13.5096,6.27369,-7.10701
38.6,46.8426,7.99432,663.769,-6.24311,-0.741207,-6.80701,-0.743592,-0.133341,-1.19928,-6.78306,-1.17562,-6.81117,-7.73954,1.06266,-13.1876,6.24454,-6.81117
38.8,46.843,7.99419,662.521,-6.15409,-0.882971,-6.71832,-0.878512,-0.0481389,-0.857817,-6.66648,-0.843435,-7.01999,-4.90184,-0.0531172,-13.2222,6.15428,-7.01999
39,46.8434,7.99405,661.407,-6.33854,-0.890496,-6.61814,-0.875116,-0.166583,-0.853148,-6.63839,-0.906054,-7.27312,5.76474,-0.0843729,-13.7782,6.34073,-7.27312
39.2,46.8437,7.99392,659.604,-6.22187,-0.896836,-6.48256,-0.835365,-0.192893,-0.992694,-6.5466,-0.980497,-7.27258,7.38159,-0.175647,-13.6873,6.22486,-7.27258
39.4,46.8441,7.99378,658.954,-6.11381,-0.836609,-6.69657,-0.872436,-0.241569,-0.7879,-6.75839,-0.819612,-7.25226,1.86813,0.22016,-13.6076,6.11858,-7.25226
39.6,46.8445,7.99364,656.413,-6.28968,-0.894072,-6.71487,-0.915162,-0.0879043,-0.849183,-6.69995,-0.851796,-7.27641,0.856018,0.113668,-13.654,6.2903,-7.27641
39.8,46.8449,7.9935,654.829,-6.23412,-0.790931,-6.64863,-0.81496,-0.164359,-1.03308,-6.63728,-0.945783,-7.19848,2.66696,0.0604179,-13.597,6.23629,-7.19848
40,46.8452,7.99336,653.279,-6.21202,-0.862973,-6.51143,-0.82614,-0.0445097,-0.838592,-6.58096,-0.886972,-7.20013,2.03234,0.136432,-13.4567,6.21218,-7.20013
40.2,46.8456,7.99322,653.538,-6.09134,-0.779718,-6.7132,-0.794046,-0.157449,-0.87772,-6.68868,-0.903097,-7.33483,0.957335,0.0132173,-13.5836,6.09337,-7.33483
40.4,46.846,7.99308,650.649,-6.14115,-0.868461,-6.73422,-0.836109,-0.0810415,-1.02358,-6.72976,-0.971993,-7.09141,-4.83789,-0.0525523,-13.3136,6.14169,-7.09141
40.6,46.8464,7.99293,648.771,-6.24771,-0.735236,-6.57087,-0.763362,-0.0623627,-0.929025,-6.64304,-0.94581,-7.14,0.706139,0.155646,-13.4501,6.24802,-7.14
40.8,46.8468,7.99278,647.759,-6.20062,-0.840592,-6.64117,-0.880003,0.0314791,-0.874119,-6.66682,-0.900589,-7.06845,-4.78269,-0.0659938,-13.2376,6.2007,-7.06845
41,46.8472,7.99264,647.039,-6.28034,-0.967713,-6.65692,-0.977205,-0.178789,-0.938973,-6.62835,-0.899422,-7.33259,5.14086,0.0197728,-13.7917,6.28288,-7.33259
41.2,46.8476,7.99249,646.103,-6.05399,-0.724762,-6.61407,-0.724079,-0.0283256,-0.916279,-6.61573,-0.947199,-7.00389,-4.75644,0.0385369,-13.0862,6.05406,-7.00389
41.4,46.8479,7.99233,644.646,-6.20532,-0.778827,-6.58878,-0.861457,-0.152793,-0.982345,-6.58621,-0.923916,-7.13843,2.72285,0.000585878,-13.4965,6.2072,-7.13843
41.6,46.8483,7.99218,641.567,-6.23714,-0.870107,-6.62711,-0.879915,-0.154708,-0.929453,-6.61623,-0.905645,-7.24075,3.58584,-0.0414349,-13.6326,6.23906,-7.24075
41.8,46.8487,7.99203,640.766,-6.17368,-0.904838,-6.50634,-0.886834,-0.197736,-0.960078,-6.55164,-0.970232,-7.12468,4.50783,-0.0904639,-13.4961,6.17685,-7.12468
42,46.8491,7.99187,639.959,-6.16268,-1.0393,-6.65978,-0.992114,0.0111546,-0.889686,-6.65944,-0.884378,-7.09881,-5.13723,0.160818,-13.2503,6.16269,-7.09881
42.2,46.8495,7.99171,639.132,-6.23007,-0.882304,-6.70785,-0.85657,-0.110728,-0.843483,-6.71237,-0.875216,-7.0923,-1.71781,0.0281131,-13.4331,6.23106,-7.0923
42.4,46.8499,7.99155,638.677,-6.3445,-0.848088,-6.45628,-0.853642,-0.149622,-0.899438,-6.49966,-0.883713,-7.26622,9.30911,-0.144009,-13.7603,6.34626,-7.26622
42.6,46.8504,7.99139,636.357,-6.12915,-0.923265,-6.6218,-0.882781,-0.113973,-1.03795,-6.57408,-1.05101,-7.16909,0.0358876,0.0391052,-13.4122,6.13021,-7.16909
42.8,46.8508,7.99123,635.87,-6.17016,-0.914151,-6.60612,-0.872626,-0.146074,-1.05646,-6.5997,-1.10123,-7.28588,2.72215,0.0702771,-13.6021,6.17189,-7.28588
43,46.8512,7.99107,634.776,-6.19965,-0.862064,-6.74388,-0.897796,-0.142789,-0.897225,-6.82598,-0.951112,-7.20716,-2.12944,0.0233012,-13.5496,6.20129,-7.20716
43.2,46.8516,7.9909,634.83,-6.02565,-0.919514,-6.65995,-0.947104,-0.171376,-0.92986,-6.66792,-0.963835,-7.25281,-0.39327,0.0567637,-13.4498,6.02808,-7.25281
43.4,46.852,7.99073,634.806,-6.19186,-0.808862,-6.61264,-0.786047,-0.0724468,-0.855318,-6.63501,-0.884827,-7.12146,-0.415841,0.00843203,-13.3858,6.19228,-7.12146
43.6,46.8524,7.99057,634.595,-6.18293,-0.658724,-6.8125,-0.685385,-0.275159,-1.00599,-6.79379,-0.990001,-7.29222,2.12994,0.654447,-13.7503,6.18905,-7.29222
43.8,46.8528,7.9904,633.157,-6.12297,-0.796541,-6.69766,-0.757206,-0.178341,-1.07927,-6.68161,-1.07282,-7.36671,1.99952,0.284564,-13.668,6.12557,-7.36671
44,46.8532,7.99022,632.42,-6.24702,-1.06679,-6.59249,-0.983937,-0.0742604,-0.943801,-6.60049,-1.01422,-6.9759,-1.92002,0.0727923,-13.2972,6.24746,-6.9759
44.2,46.8537,7.99005,630.166,-6.18892,-0.918978,-6.71873,-0.920501,0.0135287,-0.913615,-6.68494,-0.95821,-7.10562,-5.67878,-0.122672,-13.281,6.18893,-7.10562
44.4,46.8541,7.98988,629.469,-6.00866,-0.920155,-6.69639,-0.919469,-0.0444081,-0.998016,-6.68784,-1.00527,-7.18026,-5.80851,-0.155122,-13.2333,6.00882,-7.18026
44.6,46.8545,7.9897,628.43,-6.09419,-0.874463,-6.55989,-0.870551,-0.151929,-0.929652,-6.58056,-0.929391,-7.12517,1.27502,-0.00619897,-13.3713,6.09608,-7.12517
44.8,46.855,7.98952,628.164,-6.0662,-0.621778,-6.56431,-0.663874,-0.114423,-0.831433,-6.60879,-0.77357,-7.09632,0.231204,0.081468,-13.2769,6.06727,-7.09632
45,46.8554,7.98934,627.413,-6.35636,-0.871852,-6.78417,-0.826754,-0.0446786,-0.952042,-6.78488,-0.925139,-7.13414,-3.36297,-0.0493422,-13.5352,6.35652,-7.13414
45.2,46.8558,7.98916,626.334,-6.212,-0.960591,-6.68392,-0.992303,-0.165709,-0.891643,-6.67808,-0.853973,-7.03189,-0.94737,0.207109,-13.4096,6.21421,-7.03189
45.4,46.8563,7.98898,625.89,-6.08315,-0.910172,-6.50642,-0.883059,-0.0735733,-1.0643,-6.51755,-1.02531,-7.23219,1.34664,0.129561,-13.3889,6.0836,-7.23219
45.6,46.8567,7.98879,626.562,-6.22669,-0.722188,-6.54116,-0.761188,-0.209501,-0.91593,-6.5441,-0.928009,-7.20025,6.88197,-0.123407,-13.6364,6.23021,-7.20025
45.8,46.8571,7.9886,625.748,-6.12113,-0.889065,-6.64966,-0.871034,-0.135849,-0.982898,-6.62479,-0.942685,-7.14868,-0.385678,-0.00163277,-13.4057,6.12264,-7.14868
46,46.8576,7.98841,625.29,-6.30772,-0.9737,-6.56663,-0.932717,-0.352353,-0.712142,-6.62088,-0.829496,-7.31496,11.9299,-0.24068,-13.975,6.31755,-7.31496
46.2,46.858,7.98822,625.449,-5.92463,-0.808747,-6.77683,-0.812071,-0.294201,-0.931572,-6.73412,-0.952316,-6.88662,-5.22044,0.88709,-13.1054,5.93193,-6.88662
46.4,46.8585,7.98803,625.247,-6.11096,-0.877879,-6.58854,-0.882609,-0.326644,-0.929388,-6.58367,-0.855315,-7.12852,5.88045,-0.0247739,-13.5661,6.11969,-7.12852
46.6,46.8589,7.98784,624.737,-6.25072,-0.79677,-6.58972,-0.780947,-0.187241,-0.921016,-6.62523,-0.954636,-7.2947,5.94709,-0.102752,-13.7327,6.25353,-7.2947
46.8,46.8594,7.98764,623.634,-6.21424,-1.00976,-6.60252,-0.949195,-0.0957135,-0.901241,-6.54393,-0.908329,-7.12971,1.19887,0.16765,-13.4397,6.21498,-7.12971
47,46.8598,7.98745,624.354,-6.24205,-0.951742,-6.7143,-0.871047,-0.189578,-0.947767,-6.69152,-0.937638,-7.08232,0.175275,0.0353307,-13.5139,6.24493,-7.08232
47.2,46.8603,7.98725,623.659,-6.23871,-0.870931,-6.72797,-0.912786,0.11406,-0.951677,-6.69552,-0.97472,-7.12691,-7.66333,-0.149333,-13.2516,6.23975,-7.12691
47.4,46.8607,7.98704,623.641,-6.06577,-0.938133,-6.74651,-0.935313,-0.245167,-0.897368,-6.72514,-0.944815,-7.1221,-1.32462,0.300744,-13.433,6.07072,-7.1221
47.6,46.8612,7.98684,623.343,-6.19795,-0.845584,-6.65519,-0.861486,-0.102148,-1.15869,-6.6752,-1.16642,-7.32555,0.56019,0.385396,-13.6256,6.19879,-7.32555
47.8,46.8617,7.98664,622.383,-6.06107,-0.741898,-6.58016,-0.760472,-0.167234,-0.933436,-6.60754,-0.934467,-7.17463,1.56855,0.0816055,-13.4029,6.06338,-7.17463
48,46.8621,7.98643,623.744,-6.0833,-0.965184,-6.59401,-0.939769,-0.0702674,-0.994145,-6.58066,-1.0387,-7.34643,0.603212,0.103104,-13.5,6.08371,-7.34643
48.2,46.8626,7.98622,622.622,-6.02337,-1.08688,-6.82228,-1.06067,0.0171058,-0.953075,-6.79826,-1.00837,-7.23854,-10.24,-0.252962,-13.2448,6.02339,-7.23854
48.4,46.8631,7.98601,623.123,-6.26922,-0.90778,-6.67696,-0.880592,-0.140266,-0.985448,-6.67744,-0.985179,-7.18715,1.18005,-0.00057554,-13.5966,6.27079,-7.18715
48.6,46.8635,7.9858,623.808,-6.0238,-0.85153,-6.69908,-0.892381,-0.226607,-0.948279,-6.72696,-0.952491,-7.08481,-2.15916,0.239377,-13.3352,6.02806,-7.08481
48.8,46.864,7.98558,624.162,-6.22044,-0.748689,-6.54704,-0.768904,-0.12801,-0.994168,-6.58352,-0.982437,-7.14384,2.98721,0.171223,-13.4923,6.22175,-7.14384
49,46.8645,7.98537,624.502,-6.23053,-0.851464,-6.64211,-0.902327,-0.244311,-0.843794,-6.59794,-0.901818,-7.04261,3.53697,-0.00675639,-13.5175,6.23532,-7.04261
49.2,46.865,7.98515,624.772,-6.222,-0.80186,-6.5888,-0.81932,-0.17199,-0.941081,-6.6033,-0.951595,-7.34433,5.93868,-0.0993436,-13.7383,6.22437,-7.34433
49.4,46.8655,7.98493,624.831,-6.15538,-0.872872,-6.61257,-0.884406,-0.0395838,-0.99143,-6.6,-1.02431,-7.29272,-0.0174149,0.129474,-13.4877,6.15551,-7.29272
49.6,46.8659,7.98471,624.031,-6.18767,-0.915677,-6.80154,-0.882788,-0.144918,-0.939428,-6.73056,-0.946605,-7.0004,-4.4968,0.044616,-13.333,6.18937,-7.0004
49.8,46.8664,7.98448,624.805,-6.17657,-0.896267,-6.66821,-0.919217,-0.203992,-0.896293,-6.66032,-0.919481,-7.12638,1.33973,0.055834,-13.5069,6.17994,-7.12638
50,46.8669,7.98426,625.057,-6.19926,-0.842459,-6.65312,-0.830078,-0.0745687,-0.912172,-6.61736,-0.868716,-7.22083,0.493267,0.0241648,-13.4947,6.19971,-7.22083
50.2,46.8674,7.98403,624.771,-6.14075,-0.865898,-6.6387,-0.915281,-0.356173,-1.03379,-6.64099,-1.02968,-7.10435,4.79811,0.130166,-13.6013,6.15107,-7.10435
50.4,46.8679,7.9838,626.919,-6.22448,-0.956739,-6.65419,-0.944492,-0.0246652,-0.901589,-6.65796,-0.876402,-7.16215,-2.17252,0.132316,-13.4113,6.22453,-7.16215
50.6,46.8684,7.98357,627.147,-5.97249,-0.853662,-6.61283,-0.816516,-0.244058,-1.04577,-6.61602,-1.00892,-7.03576,-0.614075,0.273832,-13.2523,5.97747,-7.03576
50.8,46.8689,7.98333,626.08,-6.25198,-0.838758,-6.53307,-0.847653,-0.194218,-0.896491,-6.533,-0.908527,-7.06023,5.03978,-0.115367,-13.5064,6.25499,-7.06023
51,46.8694,7.9831,626.267,-6.18465,-0.907835,-6.55983,-0.90784,-0.241308,-1.05327,-6.5943,-1.01808,-7.23678,5.68337,-0.13401,-13.6627,6.18936,-7.23678
51.2,46.8699,7.98286,628.106,-6.04377,-0.914849,-6.83469,-0.891122,-0.00938955,-1.02256,-6.83386,-1.03801,-7.15011,-10.493,-0.438141,-13.2033,6.04378,-7.15011
51.4,46.8704,7.98262,628.781,-6.20326,-0.89628,-6.71358,-0.909349,-0.0991698,-0.967188,-6.68893,-0.986984,-7.3635,0.693669,0.0226801,-13.6659,6.20406,-7.3635
51.6,46.8709,7.98238,629.5,-6.2285,-0.825539,-6.47468,-0.835938,-0.190229,-0.951021,-6.53712,-0.974871,-7.26806,7.78713,-0.17839,-13.6868,6.2314,-7.26806
51.8,46.8714,7.98214,630.835,-6.00401,-0.759683,-6.68372,-0.766249,-0.035186,-0.806738,-6.68646,-0.806894,-7.01468,-6.69837,-0.148131,-13.0539,6.00411,-7.01468
52,46.8719,7.98189,631.622,-6.33531,-0.684832,-6.58819,-0.72845,-0.222773,-0.899661,-6.64,-0.879014,-7.07327,5.52629,-0.00830341,-13.6313,6.33922,-7.07327
52.2,46.8724,7.98164,632.681,-5.89984,-0.871843,-6.70374,-0.893077,-0.188458,-0.841726,-6.66041,-0.878326,-7.08342,-3.8594,0.269589,-13.1717,5.90285,-7.08342
52.4,46.873,7.98139,633.126,-6.24573,-0.89947,-6.74142,-0.890343,-0.17647,-0.974711,-6.71322,-0.955176,-7.19523,0.645901,0.0143061,-13.6174,6.24823,-7.19523
52.6,46.8735,7.98114,632.087,-6.19584,-0.887945,-6.5723,-0.861255,-0.177036,-0.910236,-6.5842,-0.935943,-7.12606,3.24082,-0.0469417,-13.4989,6.19837,-7.12606
52.8,46.874,7.98089,632.874,-6.13981,-0.855887,-6.50291,-0.803373,-0.12915,-1.05233,-6.58541,-0.995081,-7.17516,2.42933,0.0742318,-13.4441,6.14117,-7.17516
53,46.8745,7.98063,634.489,-6.11691,-0.76849,-6.72515,-0.771239,-0.0447563,-0.966943,-6.73129,-0.939092,-7.21795,-4.04255,0.00975095,-13.3796,6.11707,-7.21795
53.2,46.875,7.98037,636.265,-6.2551,-0.908951,-6.65356,-0.930914,-0.0841147,-0.85416,-6.62742,-0.861126,-7.07082,-0.656074,0.0935352,-13.41,6.25567,-7.07082
53.4,46.8756,7.98011,636.433,-6.15623,-0.836013,-6.7149,-0.892449,-0.0465084,-0.960168,-6.72148,-0.948385,-7.23489,-3.25669,-0.0473052,-13.4376,6.1564,-7.23489
53.6,46.8761,7.97985,637.066,-6.24039,-0.788226,-6.5884,-0.812598,-0.238831,-0.979693,-6.6123,-0.931635,-7.28862,7.19452,-0.188115,-13.7678,6.24496,-7.28862
53.8,46.8766,7.97959,637.362,-6.25334,-0.850466,-6.56075,-0.857548,-0.275379,-0.918958,-6.61184,-0.939739,-7.23223,7.93538,-0.288325,-13.7609,6.2594,-7.23223
54,46.8771,7.97932,638.176,-6.07775,-0.781823,-6.85302,-0.828966,-0.143915,-0.888622,-6.9023,-0.891409,-7.1166,-7.18015,0.149947,-13.3383,6.07945,-7.1166
54.2,46.8777,7.97906,641.291,-6.13371,-0.821896,-6.50474,-0.844517,-0.0147283,-1.00385,-6.50631,-1.00081,-7.15266,0.0949456,0.238274,-13.3011,6.13373,-7.15266
54.4,46.8782,7.97879,641.302,-6.14665,-0.905782,-6.68482,-0.920488,-0.188449,-0.95699,-6.68379,-0.903442,-7.18824,0.636553,0.0482951,-13.5233,6.14953,-7.18824
54.6,46.8788,7.97851,642.502,-6.05364,-0.86789,-6.68229,-0.857644,-0.0655374,-0.871641,-6.68728,-0.860721,-7.32153,-1.96493,0.0236126,-13.4407,6.05399,-7.32153
54.8,46.8793,7.97824,644.058,-6.12444,-0.919961,-6.64371,-0.923374,-0.163248,-0.813687,-6.59123,-0.839594,-7.24293,2.43647,0.159287,-13.5306,6.12661,-7.24293
55,46.8798,7.97797,645.293,-5.94775,-0.813705,-6.60955,-0.790139,-0.206708,-0.940091,-6.58642,-0.975117,-7.2821,1.90781,0.0491256,-13.4366,5.95134,-7.2821
55.2,46.8804,7.97769,648.575,-6.04632,-0.848317,-6.71626,-0.86666,-0.28093,-0.914497,-6.73666,-0.902728,-7.27879,1.89481,0.20919,-13.606,6.05284,-7.27879
55.4,46.8809,7.97741,649.554,-6.27469,-0.784963,-6.62788,-0.859631,-0.251367,-1.02611,-6.62391,-1.05597,-7.21143,5.95728,-0.0252995,-13.7375,6.27972,-7.21143
55.6,46.8815,7.97713,648.823,-6.19202,-0.880782,-6.63271,-0.852825,-0.0835232,-1.01518,-6.64005,-1.02338,-7.17906,-0.523849,0.0651881,-13.4546,6.19258,-7.17906
55.8,46.882,7.97685,649.778,-6.17294,-0.855189,-6.71754,-0.879944,0.1081,-1.05347,-6.68975,-1.04356,-7.25325,-6.93603,0.0312261,-13.3181,6.17389,-7.25325
56,46.8826,7.97656,651.42,-6.08465,-0.838518,-6.6542,-0.873296,0.0169221,-0.979192,-6.64317,-0.922448,-7.23469,-4.09071,-0.0242946,-13.3024,6.08467,-7.23469
56.2,46.8831,7.97627,654.227,-6.05625,-0.824971,-6.62444,-0.841582,-0.240503,-0.894896,-6.6528,-0.888862,-6.96957,-0.437203,0.237009,-13.2663,6.06102,-6.96957
56.4,46.8837,7.97599,655.104,-6.28152,-0.721947,-6.62623,-0.695839,-0.182054,-0.8227,-6.57522,-0.790399,-7.28176,6.97653,-0.202354,-13.7453,6.28416,-7.28176
56.6,46.8842,7.9757,655.452,-6.25173,-0.85255,-6.60575,-0.876419,-0.0944474,-0.94156,-6.64512,-0.94283,-7.10237,0.26487,0.0162406,-13.4485,6.25244,-7.10237
56.8,46.8848,7.9754,656.84,-6.03756,-0.860694,-6.6011,-0.847948,-0.443137,-0.976992,-6.64826,-0.987638,-7.3602,9.58819,-0.165803,-13.8409,6.0538,-7.3602
57,46.8854,7.97511,658.578,-6.26987,-0.876178,-6.73396,-0.860021,-0.0289152,-0.80157,-6.68509,-0.870249,-7.19505,-1.93371,0.0576249,-13.4938,6.26994,-7.19505
57.2,46.8859,7.97481,660.539,-6.02707,-0.8695,-6.61303,-0.815091,-0.276511,-1.06786,-6.62078,-1.04083,-7.21724,3.11467,0.134842,-13.5208,6.03341,-7.21724
57.4,46.8865,7.97452,661.076,-6.24647,-0.82766,-6.72318,-0.841642,-0.144309,-0.915614,-6.73676,-0.912687,-7.00409,-2.32331,0.0517696,-13.3949,6.24814,-7.00409
57.6,46.8871,7.97422,663.196,-6.30085,-0.785987,-6.56167,-0.833339,-0.129546,-0.798263,-6.56623,-0.86342,-7.02203,3.08197,-0.0491014,-13.4524,6.30218,-7.02203
57.8,46.8876,7.97392,665.646,-6.31629,-0.948909,-6.61848,-0.931112,-0.00664288,-0.986017,-6.6316,-0.917934,-7.33433,1.47343,0.31927,-13.6573,6.31629,-7.33433
58,46.8882,7.97361,666.732,-6.24863,-0.77872,-6.65158,-0.781112,-0.177349,-0.872567,-6.66981,-0.874229,-7.14089,2.51893,-0.00943224,-13.5669,6.25115,-7.14089
58.2,46.8888,7.97331,667.376,-6.23128,-0.806423,-6.68769,-0.804839,-0.301048,-0.953903,-6.66486,-0.973567,-7.32512,7.15167,-0.148804,-13.8575,6.23855,-7.32512
58.4,46.8894,7.973,669.695,-6.21523,-0.949202,-6.85128,-0.963373,-0.0934978,-1.03869,-6.83833,-1.03921,-7.07663,-7.23899,-0.153088,-13.3854,6.21594,-7.07663
58.6,46.89,7.97269,672.441,-6.22036,-0.866448,-6.81087,-0.791613,-0.124295,-0.905671,-6.78423,-0.935227,-7.10935,-3.71981,0.0254678,-13.454,6.2216,-7.10935
58.8,46.8905,7.97238,673.668,-6.19489,-0.896997,-6.67761,-0.862906,-0.177258,-1.00239,-6.63442,-0.96471,-7.10978,0.719132,0.0153057,-13.4819,6.19743,-7.10978
59,46.8911,7.97207,674.639,-6.05997,-0.924579,-6.66904,-0.925956,-0.0300718,-0.915864,-6.68242,-0.936707,-7.12952,-5.35608,-0.0995233,-13.2196,6.06005,-7.12952
59.2,46.8917,7.97176,676.764,-6.15278,-1.0425,-6.78318,-1.00962,-0.114536,-0.833075,-6.72129,-0.875007,-7.18457,-3.28098,0.376087,-13.4519,6.15385,-7.18457
59.4,46.8923,7.97145,678.074,-6.25399,-0.806857,-6.65566,-0.833948,-0.172034,-1.03107,-6.65716,-1.04743,-7.31544,4.04874,0.0763154,-13.7415,6.25635,-7.31544
59.6,46.8929,7.97113,679.71,-6.22416,-0.852522,-6.66537,-0.905109,-0.0170915,-0.918869,-6.64116,-0.938107,-7.00761,-4.11359,-0.0783308,-13.2489,6.22418,-7.00761
59.8,46.8935,7.97081,682.095,-6.22368,-0.888195,-6.77901,-0.853602,0.023182,-0.938212,-6.72783,-0.905025,-7.02822,-7.56219,-0.273559,-13.2287,6.22372,-7.02822
60,46.8941,7.97049,683.149,-6.03338,-0.867247,-6.59347,-0.844859,-0.089857,-1.07301,-6.59545,-1.04768,-7.04076,-3.37875,0.0581909,-13.164,6.03405,-7.04076
60.2,46.8947,7.97017,685.489,-6.19735,-1.00373,-6.75208,-1.02909,-0.108772,-0.844432,-6.71494,-0.935955,-7.2651,-1.34883,0.241775,-13.5712,6.1983,-7.2651
60.4,46.8953,7.96985,686.716,-6.02922,-0.852666,-6.81405,-0.843796,-0.0551604,-0.998948,-6.80461,-0.992782,-7.29524,-6.71714,-0.144556,-13.3796,6.02947,-7.29524
60.6,46.8959,7.96952,687.148,-6.22196,-0.831296,-6.84432,-0.83696,-0.108266,-0.789392,-6.7506,-0.852789,-7.16491,-3.08628,0.0343626,-13.4951,6.2229,-7.16491
60.8,46.8965,7.9692,688.917,-6.1781,-0.833806,-6.73337,-0.826844,-0.170093,-1.06062,-6.77343,-1.06673,-7.34427,0.489765,0.164028,-13.6925,6.18044,-7.34427
61,46.8971,7.96887,691.693,-6.05524,-0.860695,-6.60674,-0.808108,-0.140231,-0.934632,-6.59783,-0.949377,-7.22406,0.865316,-0.000185327,-13.4195,6.05687,-7.22406
61.2,46.8977,7.96854,694.225,-6.14602,-0.729385,-6.72022,-0.785875,-0.225039,-1.00771,-6.66698,-0.996588,-7.2365,2.21242,0.230547,-13.6076,6.15013,-7.2365
61.4,46.8983,7.96821,696.084,-6.09149,-0.8048,-6.6089,-0.83685,-0.129734,-0.732285,-6.6254,-0.772066,-6.97827,-1.64357,0.135005,-13.1995,6.09288,-6.97827
61.6,46.8989,7.96788,697.807,-5.95296,-0.917272,-6.65907,-0.986525,-0.264875,-1.11275,-6.66441,-1.08516,-7.33021,1.32718,0.0869792,-13.548,5.95885,-7.33021
61.8,46.8995,7.96755,698.675,-6.26307,-0.889719,-6.7263,-0.903843,-0.0769728,-0.891077,-6.67268,-0.935779,-7.23968,-0.276963,0.029713,-13.5797,6.26355,-7.23968
62,46.9001,7.96721,699.534,-6.14284,-0.676712,-6.65078,-0.73267,-0.0853305,-0.761244,-6.59346,-0.811014,-7.27911,1.78961,-0.02063,-13.5073,6.14343,-7.27911
62.2,46.9008,7.96688,702.643,-6.14715,-0.922453,-6.61318,-0.938975,-0.329536,-0.935385,-6.64629,-0.922535,-7.15145,5.32231,0.0329069,-13.6281,6.15597,-7.15145
62.4,46.9014,7.96654,703.365,-6.01337,-0.828194,-6.7121,-0.83742,-0.13934,-0.990035,-6.68501,-0.979081,-7.2227,-2.51245,0.0539319,-13.3754,6.01498,-7.2227
62.6,46.902,7.9662,705.786,-6.28217,-0.825246,-6.69439,-0.883693,-0.11999,-0.889997,-6.76038,-0.932166,-7.04417,-1.9277,-0.0103975,-13.4463,6.28331,-7.04417
62.8,46.9026,7.96586,707.832,-6.09346,-0.997635,-6.75819,-0.983283,-0.000374629,-0.999815,-6.72766,-0.98981,-7.35633,-5.21354,-0.0412548,-13.4502,6.09346,-7.35633
63,46.9033,7.96552,709.464,-6.18015,-0.779584,-6.69152,-0.766562,-0.155445,-0.944938,-6.66854,-0.928536,-6.87524,-3.15647,0.187337,-13.2108,6.18211,-6.87524
63.2,46.9039,7.96517,711.891,-6.21358,-0.902582,-6.69815,-0.868096,-0.0704655,-0.909333,-6.69809,-0.962788,-7.14276,-2.40107,-0.0251803,-13.4268,6.21398,-7.14276
63.4,46.9045,7.96483,711.132,-6.07774,-0.901523,-6.69286,-0.889035,-0.160139,-0.87054,-6.68883,-0.909205,-7.23245,-0.544102,0.0776066,-13.4703,6.07985,-7.23245
63.6,46.9052,7.96448,713.831,-6.0395,-0.773984,-6.68999,-0.809886,-0.0729145,-0.968286,-6.67588,-0.950023,-7.0564,-5.27271,-0.0225139,-13.1688,6.03994,-7.0564
63.8,46.9058,7.96413,716.266,-6.15402,-0.882125,-6.68999,-0.81337,-0.0668543,-0.991036,-6.62926,-0.954987,-7.35349,0.285964,0.0480708,-13.5744,6.15439,-7.35349
64,46.9065,7.96378,718.076,-6.27085,-0.804585,-6.62061,-0.815735,-0.227676,-0.966643,-6.62797,-0.992605,-7.18786,5.28238,-0.0527322,-13.6864,6.27498,-7.18786
64.2,46.9071,7.96343,719.08,-6.08322,-0.934797,-6.66542,-0.884321,0.000838452,-1.09499,-6.72136,-1.11136,-7.26102,-5.3702,-0.0260041,-13.3434,6.08322,-7.26102
64.4,46.9077,7.96308,720.397,-6.1778,-0.816759,-6.61785,-0.859016,-0.1429,-0.860588,-6.64752,-0.866168,-7.34624,3.75363,-0.0361311,-13.6669,6.17945,-7.34624
64.6,46.9084,7.96273,724.097,-6.25277,-0.778372,-6.75936,-0.747873,-0.0497471,-0.98049,-6.70079,-0.947096,-7.13655,-3.029,0.0924579,-13.4391,6.25297,-7.13655
64.8,46.909,7.96237,726.508,-6.4144,-0.899481,-6.7165,-0.913999,-0.269172,-0.997125,-6.69742,-0.954357,-7.16184,5.67241,-0.130838,-13.8454,6.42004,-7.16184
65,46.9097,7.96201,728.544,-6.18708,-0.788322,-6.80264,-0.804566,-0.00932759,-0.979704,-6.77407,-0.974093,-7.15242,-6.58623,-0.105139,-13.3488,6.18708,-7.15242
65.2,46.9103,7.96166,728.507,-6.24245,-0.78479,-6.82675,-0.829633,-0.137311,-0.960702,-6.73234,-0.974317,-7.18066,-1.75811,0.0801286,-13.5604,6.24396,-7.18066
65.4,46.911,7.9613,730.257,-6.3142,-0.939167,-6.79326,-0.909991,-0.20115,-0.987818,-6.76344,-0.921195,-7.10337,-0.318874,0.0672651,-13.6187,6.3174,-7.10337
65.6,46.9117,7.96093,732.765,-6.25868,-0.928041,-6.68993,-0.947116,-0.0485633,-0.869294,-6.69032,-0.944705,-7.07722,-3.03271,-0.000217536,-13.3845,6.25886,-7.07722
65.8,46.9123,7.96057,733.315,-6.0326,-0.802442,-6.75246,-0.788464,-0.0388434,-0.911338,-6.72941,-0.881204,-7.25113,-5.23341,-0.114476,-13.3226,6.03272,-7.25113
66,46.913,7.96021,734.362,-6.20356,-0.922343,-6.71091,-0.889687,-0.0772054,-0.959128,-6.7014,-0.909224,-7.0949,-3.24955,-0.051011,-13.3757,6.20404,-7.0949
66.2,46.9137,7.95984,736.178,-6.34671,-0.802183,-6.75697,-0.800081,-0.041934,-0.926169,-6.73044,-0.860088,-7.1125,-2.42073,-0.015471,-13.5011,6.34685,-7.1125
66.4,46.9143,7.95947,738.57,-6.14179,-0.832682,-6.67751,-0.90202,-0.192899,-0.952527,-6.69488,-0.938128,-7.31503,2.34666,-0.0209597,-13.6497,6.14482,-7.31503
66.6,46.915,7.9591,739.646,-6.13085,-0.899246,-6.77796,-0.888244,-0.0067741,-0.954189,-6.72059,-0.928896,-7.1992,-6.01902,-0.165038,-13.3368,6.13085,-7.1992
66.8,46.9157,7.95873,741.272,-6.07197,-0.983089,-6.74368,-0.931794,-0.0566452,-1.02307,-6.75947,-1.02427,-7.28741,-5.08394,-0.120735,-13.416,6.07223,-7.28741
67,46.9163,7.95836,742.629,-6.10658,-0.851279,-6.61997,-0.855643,-0.0761479,-0.899088,-6.67738,-0.930059,-7.38433,0.7032,0.0384774,-13.5671,6.10705,-7.38433
67.2,46.917,7.95799,745.635,-6.28922,-0.797234,-6.57362,-0.815635,0.0574549,-0.9732,-6.56309,-0.979183,-7.25952,0.263549,0.516021,-13.4913,6.28948,-7.25952
67.4,46.9177,7.95761,745.722,-6.29902,-0.88081,-6.79866,-0.885237,-0.218974,-0.864542,-6.80163,-0.868925,-7.21182,1.22609,0.124587,-13.7298,6.30282,-7.21182
67.6,46.9184,7.95724,747.565,-6.31276,-0.873585,-6.76709,-0.864775,-0.174362,-0.914853,-6.77569,-0.903829,-7.2719,1.6809,-0.000364658,-13.759,6.31517,-7.2719
67.8,46.9191,7.95686,749.76,-6.14577,-0.852991,-6.57488,-0.861482,-0.0879763,-0.909929,-6.62705,-0.965695,-7.21583,0.673438,0.0211741,-13.4496,6.1464,-7.21583
68,46.9198,7.95648,751.329,-6.24626,-0.991798,-6.71042,-0.988844,-0.0848601,-0.941941,-6.7106,-0.944258,-7.26506,-0.750273,0.116332,-13.5962,6.24684,-7.26506
68.2,46.9205,7.95609,752.501,-6.25846,-0.884851,-6.64798,-0.860818,-0.12149,-0.933855,-6.67035,-0.926461,-7.19098,1.33438,-0.00188185,-13.5709,6.25963,-7.19098
68.4,46.9212,7.95571,753.844,-6.13882,-0.949662,-6.75882,-0.934361,-0.130134,-1.11591,-6.77049,-1.13285,-7.30812,-2.59773,0.0328178,-13.5771,6.1402,-7.30812
68.6,46.9219,7.95533,756.384,-6.06896,-0.905429,-6.68432,-0.849709,-0.16509,-0.844005,-6.65539,-0.896248,-7.01639,-2.5402,0.126879,-13.2504,6.07121,-7.01639
68.8,46.9226,7.95494,757.809,-6.08407,-0.927248,-6.75655,-0.893982,-0.170263,-0.992535,-6.82485,-0.981284,-7.22722,-3.35602,0.0729371,-13.4816,6.08645,-7.22722
69,46.9233,7.95455,758.269,-6.12068,-0.910934,-6.70897,-0.874014,-0.0301858,-0.935417,-6.73028,-0.916668,-7.21652,-4.46845,-0.0864547,-13.3674,6.12076,-7.21652
69.2,46.924,7.95416,759.532,-6.28653,-0.766526,-6.72096,-0.752249,-0.224314,-0.998286,-6.73836,-0.909129,-7.29135,4.22117,0.0339552,-13.8022,6.29053,-7.29135
69.4,46.9247,7.95377,761.104,-6.18798,-0.828962,-6.65069,-0.822125,-0.178167,-0.973037,-6.67094,-0.981909,-7.42287,4.70848,-0.0577118,-13.789,6.19054,-7.42287
69.6,46.9254,7.95337,763.298,-6.2727,-0.874248,-6.74449,-0.898528,-0.222337,-0.808472,-6.72881,-0.849372,-7.14848,1.93939,0.140098,-13.6435,6.27664,-7.14848
69.8,46.9261,7.95298,764.815,-6.18203,-0.818763,-6.70599,-0.844239,-0.231137,-0.978267,-6.66896,-0.921591,-7.16744,2.16007,0.0640541,-13.5806,6.18634,-7.16744
70,46.9268,7.95258,765.113,-6.13457,-0.856333,-6.69529,-0.902217,-0.148413,-0.821306,-6.65728,-0.897695,-7.29092,1.27375,0.0282091,-13.5739,6.13637,-7.29092
70.2,46.9275,7.95218,766.841,-6.18111,-0.801211,-6.84177,-0.78414,-0.276276,-0.956256,-6.77683,-0.953451,-7.11924,-0.452283,0.453206,-13.5766,6.18728,-7.11924
70.4,46.9282,7.95178,768.277,-6.3126,-0.785484,-6.68001,-0.816429,-0.0589923,-0.94979,-6.63809,-0.943842,-7.22838,1.09698,0.118706,-13.6,6.31288,-7.22838
70.6,46.929,7.95138,768.103,-6.17103,-0.921809,-6.72472,-0.898528,-0.0551686,-0.89133,-6.77717,-0.909402,-7.15386,-4.66323,-0.0570837,-13.3801,6.17127,-7.15386
70.8,46.9297,7.95097,768.256,-6.34548,-1.00037,-6.91309,-0.983999,-0.131251,-0.995949,-6.87074,-0.977485,-7.16484,-4.43664,0.00245983,-13.6416,6.34684,-7.16484
71,46.9304,7.95057,769.795,-6.07723,-0.903579,-6.77288,-0.89447,-0.121334,-0.814869,-6.75442,-0.851554,-7.20808,-3.66369,0.146259,-13.4066,6.07845,-7.20808
71.2,46.9311,7.95016,770.921,-6.12272,-0.799279,-6.67332,-0.83289,-0.0340739,-1.04697,-6.73365,-1.01912,-7.28217,-3.25021,0.0933057,-13.439,6.12281,-7.28217
71.4,46.9319,7.94975,772.694,-6.31455,-0.998293,-6.78914,-0.949801,0.0962072,-0.910098,-6.76724,-0.888393,-7.20807,-6.97136,0.0218486,-13.4264,6.31529,-7.20807
71.6,46.9326,7.94934,773.898,-6.22467,-0.825774,-6.64768,-0.83145,-0.00895108,-0.828392,-6.60176,-0.85832,-7.26706,0.143724,0.143172,-13.5007,6.22468,-7.26706
71.8,46.9333,7.94893,774.46,-6.33952,-0.779952,-6.71125,-0.821604,-0.160033,-1.04698,-6.6983,-1.01063,-7.16626,1.87845,0.181439,-13.6658,6.34154,-7.16626
72,46.9341,7.94851,774.844,-6.13636,-0.930908,-6.69653,-0.952324,-0.268777,-1.11446,-6.69223,-1.08722,-7.18989,1.57732,0.119604,-13.595,6.14224,-7.18989
72.2,46.9348,7.94809,776.082,-6.37497,-0.86903,-6.66702,-0.917846,-0.131188,-0.875007,-6.65327,-0.870426,-7.27258,4.47234,0.00760683,-13.7787,6.37632,-7.27258
72.4,46.9356,7.94767,777.822,-6.14111,-0.967831,-6.82817,-1.02341,-0.161205,-1.02833,-6.74339,-1.03101,-7.30203,-2.17205,0.0212553,-13.6043,6.14322,-7.30203
72.6,46.9363,7.94725,778.959,-6.25083,-0.822799,-6.85963,-0.839798,-0.105889,-0.830466,-6.85026,-0.863621,-7.15917,-4.45545,0.0112691,-13.5159,6.25172,-7.15917
72.8,46.9371,7.94683,779.312,-6.13305,-0.919213,-6.72582,-0.945104,-0.17979,-0.925416,-6.65656,-0.93846,-7.241,0.611876,0.0541058,-13.5538,6.13569,-7.241
73,46.9378,7.94641,780.325,-6.14933,-0.862656,-6.64678,-0.851858,-0.236712,-0.986762,-6.68918,-0.987378,-7.34859,4.42663,-0.0653731,-13.7346,6.15388,-7.34859
73.2,46.9386,7.94598,781.387,-6.17295,-0.899921,-6.68816,-0.952336,-0.00886079,-0.902767,-6.70885,-0.894753,-7.37774,-1.74429,0.153773,-13.5596,6.17295,-7.37774
73.4,46.9393,7.94555,782.169,-6.10308,-0.820505,-6.81737,-0.85608,-0.198999,-0.7926,-6.80294,-0.729051,-7.31576,-0.678784,0.330455,-13.6178,6.10633,-7.31576
73.6,46.9401,7.94512,781.904,-6.22425,-0.921499,-6.77023,-0.896419,-0.176591,-0.919439,-6.74027,-0.891546,-7.27282,0.744851,0.0528369,-13.6737,6.22676,-7.27282
73.8,46.9409,7.94469,782.516,-6.26443,-0.920255,-6.73562,-0.949018,-0.173111,-0.927985,-6.73004,-0.922613,-7.45083,3.97795,-0.00706492,-13.8884,6.26682,-7.45083
74,46.9416,7.94425,783.826,-6.16091,-0.856613,-6.59112,-0.805188,-0.334998,-0.954376,-6.65754,-0.932964,-7.22112,7.02177,-0.131445,-13.717,6.17001,-7.22112
74.2,46.9424,7.94382,784.068,-6.09396,-0.851958,-6.80905,-0.838104,-0.0859143,-1.15062,-6.77247,-1.09889,-7.11302,-7.22284,0.111972,-13.2929,6.09456,-7.11302
74.4,46.9432,7.94338,784.863,-6.24269,-0.910859,-6.68707,-0.907936,-0.202707,-0.927934,-6.69564,-0.940708,-7.19029,2.27115,0.00219409,-13.6357,6.24598,-7.19029
74.6,46.9439,7.94294,783.89,-6.0437,-0.931727,-6.70029,-0.850915,-0.170949,-0.853207,-6.73754,-0.892973,-7.29608,-0.64504,0.121082,-13.5107,6.04612,-7.29608
74.8,46.9447,7.9425,785.088,-5.99157,-0.830049,-6.73808,-0.880797,-0.0842801,-0.887787,-6.70228,-0.895064,-7.17236,-5.20616,-0.0619455,-13.2482,5.99217,-7.17236
75,46.9455,7.94205,786.342,-6.04788,-0.819176,-6.70613,-0.855902,-0.16731,-0.920122,-6.72893,-0.958901,-7.04517,-3.81915,0.121,-13.2604,6.05019,-7.04517
75.2,46.9463,7.94161,785.92,-6.40268,-0.748956,-6.82138,-0.818632,-0.116274,-0.924197,-6.76096,-0.966974,-7.46246,3.53211,0.0246011,-13.9814,6.40374,-7.46246
75.4,46.947,7.94116,787.326,-6.25436,-0.747324,-6.694,-0.791065,-0.164779,-0.985861,-6.71449,-0.985714,-7.3736,3.70596,0.0774424,-13.7927,6.25653,-7.3736
75.6,46.9478,7.94071,787.943,-6.01862,-0.941487,-6.7044,-0.901664,-0.24907,-0.973784,-6.72682,-0.928502,-7.343,1.34056,0.120529,-13.6107,6.02377,-7.343
75.8,46.9486,7.94026,786.314,-6.28082,-0.901328,-6.72016,-0.885482,0.0414766,-0.935109,-6.72296,-0.90795,-7.08787,-5.72666,-0.107133,-13.3272,6.28095,-7.08787
76,46.9494,7.93981,786.695,-6.08175,-0.871863,-6.756,-0.868391,-0.121302,-0.833487,-6.78909,-0.921674,-7.27121,-3.10198,0.0359123,-13.4743,6.08296,-7.27121
76.2,46.9502,7.93935,787.809,-6.14736,-0.894105,-6.76187,-0.840444,-0.0842279,-0.91851,-6.71582,-0.90906,-7.22185,-2.95306,-0.0361494,-13.4534,6.14794,-7.22185
76.4,46.951,7.9389,787.827,-6.1894,-0.980968,-6.76838,-0.913434,-0.335519,-1.002,-6.71583,-1.00758,-7.37686,5.69826,-0.0398253,-13.9018,6.19849,-7.37686
76.6,46.9518,7.93844,785.885,-6.17187,-0.978376,-6.71109,-0.960978,-0.172539,-0.959535,-6.75552,-1.04535,-7.26078,-0.299813,0.02406,-13.6052,6.17429,-7.26078
76.8,46.9526,7.93798,786.971,-6.21126,-0.941604,-6.71941,-0.948352,-0.257219,-0.881027,-6.75136,-0.872422,-7.35157,4.24885,0.102223,-13.8201,6.21659,-7.35157
77,46.9534,7.93752,787.02,-6.16658,-0.84455,-6.77069,-0.816648,-0.0260884,-0.941332,-6.8301,-0.938452,-7.26783,-5.29894,-0.121528,-13.4605,6.16663,-7.26783
77.2,46.9542,7.93705,787.007,-6.14362,-0.898104,-6.67964,-0.905035,-0.168061,-0.935186,-6.73214,-0.891079,-7.29252,0.892397,0.033833,-13.6042,6.14592,-7.29252
77.4,46.955,7.93659,787.254,-6.32948,-0.852473,-6.66553,-0.832476,-0.162004,-0.91654,-6.62456,-0.948879,-7.26717,4.92916,-0.0775496,-13.7587,6.33155,-7.26717
77.6,46.9558,7.93612,787.373,-6.27714,-0.924963,-6.7884,-0.918701,-0.045704,-0.952709,-6.79042,-0.908644,-7.30021,-2.73308,-0.000797905,-13.6231,6.27731,-7.30021
77.8,46.9566,7.93565,787.42,-6.19589,-0.890166,-6.72975,-0.864013,-0.089119,-0.835854,-6.71771,-0.860954,-7.40114,0.742379,0.0889273,-13.6861,6.19653,-7.40114
78,46.9574,7.93518,788.355,-6.12795,-0.777896,-6.79313,-0.805201,-0.171856,-1.08662,-6.7574,-1.07056,-7.211,-2.42498,0.372409,-13.5108,6.13036,-7.211
78.2,46.9582,7.9347,787.124,-6.52221,-0.950531,-6.75189,-0.92792,-0.0404382,-0.931991,-6.78064,-1.0613,-7.21844,-0.034801,0.109413,-13.7811,6.52234,-7.21844
78.4,46.959,7.93423,785.964,-6.17169,-0.759806,-6.69378,-0.794962,-0.132862,-0.969748,-6.65575,-0.970637,-7.34094,2.00769,0.0739942,-13.6455,6.17312,-7.34094
78.6,46.9599,7.93375,785.236,-6.24341,-0.952662,-6.49755,-0.943859,-0.229383,-1.07602,-6.50103,-0.99986,-7.10888,6.46127,-0.178306,-13.5817,6.24762,-7.10888
78.8,46.9607,7.93327,787.136,-6.24975,-0.919556,-6.68038,-0.903572,0.043454,-0.84897,-6.66931,-0.845944,-7.24937,-2.76495,0.231711,-13.4557,6.2499,-7.24937
79,46.9615,7.93279,786.585,-6.30873,-0.863346,-6.6456,-0.909231,-0.139139,-0.879035,-6.69579,-0.875982,-7.04252,0.469038,0.0210394,-13.4904,6.31027,-7.04252
79.2,46.9623,7.93231,785.605,-6.16009,-0.925767,-6.79571,-0.960016,-0.00185679,-0.851557,-6.77599,-0.915341,-7.24327,-6.1434,-0.0717799,-13.4052,6.16009,-7.24327
79.4,46.9632,7.93183,784.11,-6.21758,-0.907492,-6.7452,-0.881086,-0.271634,-0.989206,-6.78018,-1.01799,-7.25153,2.41093,0.0983763,-13.7407,6.22351,-7.25153
79.6,46.964,7.93134,784.287,-6.13596,-0.859381,-6.78693,-0.814532,-0.263269,-0.83778,-6.81196,-0.851091,-7.26757,0.95379,0.284401,-13.6668,6.1416,-7.26757
79.8,46.9648,7.93086,785.023,-6.34401,-0.996364,-6.78574,-0.909499,-0.122968,-0.878711,-6.75352,-0.897787,-7.36459,1.76807,0.115015,-13.8316,6.3452,-7.36459
80,46.9657,7.93037,784.362,-6.13521,-0.823098,-6.75699,-0.828406,-0.0100836,-0.888902,-6.78904,-0.890907,-7.30366,-4.80455,-0.104657,-13.4489,6.13522,-7.30366
80.2,46.9665,7.92988,782.585,-6.25857,-0.895497,-6.64076,-0.910257,-0.213998,-0.843673,-6.64615,-0.846463,-7.15199,3.93257,0.0274881,-13.6246,6.26222,-7.15199
80.4,46.9673,7.92939,783.351,-6.22132,-0.821631,-6.71477,-0.843346,-0.28377,-1.02189,-6.73176,-1.03026,-7.44618,6.51118,-0.095487,-13.9513,6.22779,-7.44618
80.6,46.9682,7.92889,781.297,-6.27327,-0.844879,-6.63353,-0.823611,-0.220854,-0.9955,-6.67409,-1.03623,-7.10292,3.02505,0.0759525,-13.597,6.27716,-7.10292
80.8,46.969,7.9284,780.202,-6.24049,-0.892234,-6.90741,-0.854085,-0.210005,-0.844245,-6.85288,-0.846972,-7.15652,-2.6782,0.318961,-13.607,6.24403,-7.15652
81,46.9699,7.9279,780.563,-6.24032,-0.875043,-6.68101,-0.947613,-0.096483,-1.03188,-6.67742,-1.01671,-7.17201,-0.881068,0.0139324,-13.5088,6.24107,-7.17201
81.2,46.9707,7.92741,779.957,-6.28928,-0.999662,-6.84257,-1.00255,-0.0860753,-1.00413,-6.81036,-0.966375,-7.25734,-3.52695,-0.006868,-13.6327,6.28987,-7.25734
81.4,46.9716,7.92691,777.712,-6.18397,-0.806998,-6.74552,-0.83536,-0.242351,-0.969098,-6.78712,-0.986053,-7.29839,1.97623,0.122538,-13.7247,6.18872,-7.29839
81.6,46.9724,7.92641,777.067,-6.04328,-0.81989,-6.69424,-0.834269,-0.102872,-0.787744,-6.68758,-0.783997,-7.31776,-0.944337,0.0960126,-13.4639,6.04415,-7.31776
81.8,46.9733,7.9259,777.137,-6.10675,-0.989719,-6.7133,-0.932983,-0.227555,-1.06505,-6.67338,-1.00723,-7.15113,-0.218978,0.0684081,-13.4854,6.11099,-7.15113
82,46.9742,7.9254,775.703,-6.25132,-0.988831,-6.8949,-1.00277,-0.293964,-0.988466,-6.88275,-1.0298,-7.36063,1.09944,0.238483,-13.9059,6.25823,-7.36063
82.2,46.975,7.92489,775.055,-6.19805,-0.748707,-6.70643,-0.751249,0.0329158,-1.08432,-6.72592,-1.0839,-7.33741,-3.62506,0.502507,-13.5025,6.19814,-7.33741
82.4,46.9759,7.92439,773.024,-6.10287,-0.774452,-6.69892,-0.750677,-0.261041,-0.811692,-6.73098,-0.823224,-7.32227,3.70302,0.0692042,-13.6862,6.10845,-7.32227
82.6,46.9767,7.92388,772.585,-6.37769,-0.9112,-6.63346,-0.92894,-0.219615,-0.807244,-6.68006,-0.873374,-7.12917,5.14106,-0.0182836,-13.7265,6.38147,-7.12917
82.8,46.9776,7.92337,770.881,-6.12657,-1.0498,-6.74306,-1.00334,-0.332919,-0.794378,-6.79245,-0.787315,-7.25198,2.80618,0.93596,-13.7115,6.13561,-7.25198
83,46.9785,7.92286,770.154,-6.24179,-0.838675,-6.69837,-0.865801,-0.050946,-0.971923,-6.76895,-0.973813,-7.28462,-1.71084,0.0255481,-13.5773,6.24199,-7.28462
83.2,46.9794,7.92235,770.404,-6.01382,-0.897321,-6.76754,-0.888894,0.0581399,-0.992935,-6.7699,-0.972094,-7.28205,-9.11708,-0.384183,-13.2377,6.0141,-7.28205
83.4,46.9802,7.92183,766.282,-6.29227,-0.836733,-6.5292,-0.824693,0.282505,-0.904763,-6.56899,-0.933762,-7.42082,-3.21064,1.51023,-13.4306,6.2986,-7.42082
83.6,46.9811,7.92132,765.561,-6.21205,-0.857974,-6.70968,-0.87918,-0.107376,-0.878231,-6.7203,-0.929249,-7.15646,-1.5395,-0.00939766,-13.4759,6.21298,-7.15646
83.8,46.982,7.9208,765.009,-6.38778,-0.926805,-6.77035,-0.918718,-0.0382016,-0.97471,-6.72438,-1.05921,-7.39134,0.660813,0.161031,-13.8173,6.3879,-7.39134
84,46.9829,7.92028,763.832,-6.23179,-0.849959,-6.76039,-0.829555,-0.0434915,-0.866771,-6.70128,-0.867651,-7.14569,-3.29628,-0.0442545,-13.421,6.23195,-7.14569
84.2,46.9838,7.91976,761.938,-6.17885,-0.87528,-6.74333,-0.853835,-0.0833392,-0.855306,-6.72456,-0.832052,-7.34504,-0.588029,0.0584242,-13.6072,6.17941,-7.34504
84.4,46.9847,7.91924,759.788,-6.28663,-0.915039,-6.68675,-0.899667,-0.230899,-0.822045,-6.68354,-0.876755,-7.05949,2.45385,0.112506,-13.577,6.29087,-7.05949
84.6,46.9856,7.91872,758.769,-6.25108,-0.839679,-6.72552,-0.852716,-0.115512,-0.962647,-6.69589,-1.01617,-7.01458,-2.69304,0.034145,-13.3812,6.25214,-7.01458
84.8,46.9865,7.9182,758.024,-6.24331,-0.848902,-6.75338,-0.854482,-0.0657654,-1.00464,-6.75828,-0.992157,-7.25971,-2.30146,0.0207745,-13.5688,6.24366,-7.25971
85,46.9874,7.91767,756.264,-6.12104,-0.764225,-6.55744,-0.839494,-0.00311418,-0.99344,-6.60099,-0.980922,-7.3264,-0.0292136,0.2489,-13.4506,6.12104,-7.3264
85.2,46.9883,7.91715,755.868,-6.32213,-0.855519,-6.69855,-0.812326,-0.226841,-0.819349,-6.67566,-0.825057,-7.28641,6.12879,-0.137182,-13.8354,6.3262,-7.28641
85.4,46.9892,7.91662,753.633,-6.08841,-0.851619,-6.76923,-0.840004,-0.124712,-0.978713,-6.70794,-1.0679,-7.38087,-1.10109,0.0387285,-13.594,6.08969,-7.38087
85.6,46.9901,7.91609,751.261,-6.24578,-0.703119,-6.94765,-0.709461,0.0114141,-0.967434,-6.96081,-0.966528,-7.18959,-10.0879,-0.111894,-13.424,6.24579,-7.18959
85.8,46.991,7.91556,749.845,-6.24751,-0.906961,-6.78084,-0.882067,-0.225919,-0.869951,-6.82139,-0.851727,-7.43175,3.44919,0.0585235,-13.9052,6.25159,-7.43175
86,46.9919,7.91503,748.184,-6.15992,-0.718813,-6.81449,-0.764224,-0.0196129,-1.0435,-6.75397,-1.03267,-7.16229,-6.5427,0.165774,-13.3418,6.15996,-7.16229
86.2,46.9928,7.9145,745.217,-6.23459,-0.767616,-6.67619,-0.755378,0.00135897,-0.911996,-6.71067,-0.890275,-7.16181,-3.12148,0.0269448,-13.395,6.23459,-7.16181
86.4,46.9937,7.91397,743.883,-6.11703,-0.928931,-6.75079,-0.906864,-0.225436,-0.878989,-6.75237,-0.874198,-7.38659,2.06718,0.147762,-13.7291,6.12119,-7.38659
86.6,46.9946,7.91343,744.75,-6.32424,-0.840199,-6.77741,-0.868984,-0.0539812,-0.825502,-6.79387,-0.79995,-7.42363,0.511268,0.12421,-13.8019,6.32447,-7.42363
86.8,46.9956,7.9129,742.146,-6.12951,-0.836074,-6.66424,-0.840947,-0.105447,-0.970648,-6.67217,-0.96632,-7.33188,0.508626,0.0238223,-13.5668,6.13041,-7.33188
87,46.9965,7.91236,738.665,-6.07556,-0.827004,-6.69964,-0.820126,-0.12245,-0.889524,-6.70104,-0.929268,-7.39875,0.404134,-0.00216065,-13.5968,6.07679,-7.39875
87.2,46.9974,7.91182,737.749,-6.16585,-0.698278,-6.74717,-0.726014,0.0236974,-0.976735,-6.73281,-0.976928,-7.46597,-2.355,0.305266,-13.6081,6.1659,-7.46597
87.4,46.9984,7.91129,736.52,-6.21044,-0.852316,-6.77981,-0.889018,-0.118174,-0.713633,-6.71885,-0.724961,-7.26205,-0.269909,0.312765,-13.5907,6.21156,-7.26205
87.6,46.9993,7.91075,732.549,-6.11431,-0.965903,-6.75798,-0.949657,-0.151615,-0.910009,-6.7689,-0.956096,-7.38496,-0.66149,0.0975888,-13.6509,6.11619,-7.38496
87.8,47.0002,7.9102,731.347,-6.21477,-0.812469,-6.76493,-0.850547,-0.0543695,-0.926482,-6.74109,-0.966723,-7.39818,-0.943266,0.0216447,-13.6673,6.215,-7.39818
88,47.0012,7.90966,729.837,-6.29033,-0.87184,-6.71595,-0.830716,-0.150961,-0.953829,-6.69914,-0.98512,-7.47501,4.88671,-0.0488659,-13.9163,6.29214,-7.47501
88.2,47.0021,7.90912,728.158,-6.02069,-0.750003,-6.65179,-0.751472,-0.140364,-0.893834,-6.75625,-0.847788,-7.12296,-3.06493,0.0984789,-13.284,6.02233,-7.12296
88.4,47.003,7.90857,726.249,-6.20378,-0.695591,-6.68259,-0.751979,-0.136009,-0.783649,-6.67666,-0.837115,-7.3875,3.7651,-0.077187,-13.7273,6.20527,-7.3875
88.6,47.004,7.90803,724.44,-6.17438,-0.76537,-6.92877,-0.770645,-0.104285,-0.740178,-6.90247,-0.823809,-7.31814,-4.86633,0.0476045,-13.5968,6.17526,-7.31814
88.8,47.0049,7.90748,721.701,-6.33392,-0.990447,-6.88455,-1.01921,-0.175093,-0.855306,-6.80028,-0.876216,-7.34377,0.667911,0.30408,-13.8528,6.33634,-7.34377
89,47.0059,7.90693,719.391,-6.26401,-0.741704,-6.57404,-0.733034,-0.133016,-1.00417,-6.63437,-0.967929,-7.31251,4.96253,0.167029,-13.7095,6.26542,-7.31251
89.2,47.0068,7.90638,717.782,-6.35375,-0.899502,-6.73373,-0.876813,-0.186968,-0.937001,-6.73623,-0.919327,-7.27953,3.58241,-0.0577616,-13.8203,6.3565,-7.27953
89.4,47.0078,7.90583,714.332,-6.26397,-0.749417,-6.61343,-0.719279,-0.272177,-1.06767,-6.57002,-1.03334,-7.2307,7.74628,0.134614,-13.7668,6.26988,-7.2307
89.6,47.0088,7.90528,711.971,-6.21405,-0.92854,-6.80551,-0.952567,-0.257022,-1.0152,-6.7705,-0.963031,-7.31828,2.03081,0.0773456,-13.7894,6.21937,-7.31828
89.8,47.0097,7.90472,710.165,-6.11928,-0.80628,-6.75206,-0.778694,-0.143729,-0.903697,-6.73121,-0.957297,-7.2599,-1.18839,0.0612832,-13.5229,6.12096,-7.2599
90,47.0107,7.90417,708.139,-6.17069,-0.815593,-6.64953,-0.834305,-0.173728,-0.890727,-6.66481,-0.933871,-7.2733,2.77358,-0.0384747,-13.6177,6.17314,-7.2733
90.2,47.0117,7.90361,706.558,-6.08639,-0.836895,-6.71951,-0.817475,-0.186693,-0.956322,-6.70126,-0.930775,-7.44973,2.53117,-0.0201765,-13.7228,6.08925,-7.44973
90.4,47.0126,7.90305,704.435,-6.25486,-0.743086,-6.7074,-0.803656,-0.023534,-1.00208,-6.74605,-1.02851,-7.49356,0.636862,0.315987,-13.772,6.2549,-7.49356
90.6,47.0136,7.9025,702.281,-6.23729,-0.793155,-6.62696,-0.806819,-0.109106,-0.926236,-6.64828,-0.923836,-7.32355,3.21035,0.0232034,-13.6699,6.23824,-7.32355
90.8,47.0146,7.90194,699.792,-6.26045,-0.913741,-6.55594,-0.913802,-0.128997,-0.821476,-6.62469,-0.826616,-7.12976,2.8355,0.124238,-13.5192,6.26178,-7.12976
91,47.0156,7.90138,697.388,-6.12895,-0.882305,-6.64162,-0.87545,-0.162225,-0.872671,-6.64718,-0.864488,-7.40298,3.78559,-0.00126578,-13.6942,6.13109,-7.40298
91.2,47.0165,7.90081,694.232,-6.29586,-0.831417,-6.67181,-0.831806,-0.229062,-0.92705,-6.61909,-0.970453,-7.34194,7.19028,-0.218234,-13.8669,6.30002,-7.34194
91.4,47.0175,7.90025,693.046,-6.4301,-0.99205,-6.59124,-0.987935,-0.150896,-0.921269,-6.66987,-0.9524,-7.31826,6.62309,0.0497746,-13.8993,6.43187,-7.31826
91.6,47.0185,7.89968,690.71,-6.15398,-0.882129,-6.66891,-0.901458,-0.252412,-0.914045,-6.69477,-0.900758,-7.31365,4.28422,-0.0217303,-13.72,6.15915,-7.31365
91.8,47.0195,7.89912,688.399,-6.11201,-0.852414,-6.80331,-0.873515,-0.0502215,-1.16682,-6.81218,-1.13673,-7.43674,-4.56477,0.158052,-13.599,6.11222,-7.43674
92,47.0205,7.89855,686.057,-6.3581,-0.867917,-6.78765,-0.894905,0.0108955,-0.793145,-6.75724,-0.816496,-7.36915,-1.1718,0.240688,-13.7163,6.3581,-7.36915
92.2,47.0215,7.89798,684.367,-5.96925,-0.947232,-6.73173,-0.899986,-0.0221874,-1.01984,-6.74546,-1.05816,-7.19394,-8.21159,-0.297849,-13.1854,5.96929,-7.19394
92.4,47.0225,7.89741,682.467,-6.27514,-0.912573,-6.76933,-0.867574,-0.257673,-0.869036,-6.76124,-0.87,-7.38276,5.06061,-0.025964,-13.9156,6.28043,-7.38276
92.6,47.0235,7.89684,679.787,-6.06679,-0.804697,-6.8382,-0.808288,-0.144242,-0.960231,-6.83276,-0.932018,-7.19815,-5.37225,0.12077,-13.4092,6.0685,-7.19815
92.8,47.0245,7.89627,676.504,-6.38876,-1.00651,-6.76191,-0.943254,-0.215528,-0.825016,-6.79975,-0.803984,-7.22599,3.01487,0.283541,-13.8303,6.39239,-7.22599
93,47.0255,7.8957,674.554,-6.08164,-0.835804,-6.88078,-0.866313,-0.125156,-1.05547,-6.81171,-1.08932,-7.34398,-4.7999,0.0836261,-13.5508,6.08293,-7.34398
93.2,47.0265,7.89512,672.656,-6.2231,-1.01808,-6.80211,-0.998682,-0.0264878,-1.07585,-6.79845,-1.06556,-7.45466,-3.30704,0.0247384,-13.7043,6.22316,-7.45466
93.4,47.0275,7.89455,668.871,-6.24169,-0.904338,-6.81461,-0.909367,-0.153933,-0.987802,-6.80922,-1.00887,-7.36123,-0.361358,0.00940565,-13.7568,6.24359,-7.36123
93.6,47.0286,7.89397,666.996,-6.11947,-0.924461,-6.66966,-0.92732,-0.0627808,-0.971253,-6.67313,-1.02446,-7.21353,-2.75958,-0.0321326,-13.3958,6.11979,-7.21353
93.8,47.0296,7.89339,664.746,-6.33951,-0.901865,-6.69037,-0.864292,-0.295977,-1.01182,-6.67246,-1.02656,-7.22155,6.67088,-0.148344,-13.857,6.34642,-7.22155
94,47.0306,7.89281,662.388,-6.34987,-0.869328,-6.67043,-0.825972,-0.0941012,-1.0748,-6.70329,-1.04306,-7.24122,1.41355,0.188908,-13.6852,6.35057,-7.24122
94.2,47.0316,7.89223,659.767,-6.17407,-0.841243,-6.78591,-0.876604,-0.164562,-1.01415,-6.80798,-1.01807,-7.39659,-0.13581,0.052268,-13.7352,6.17626,-7.39659
94.4,47.0327,7.89165,658.902,-6.33301,-0.874622,-6.74189,-0.881498,-0.187222,-0.949374,-6.74463,-0.957627,-7.03461,-0.197326,0.0621419,-13.5548,6.33578,-7.03461
94.6,47.0337,7.89106,655.143,-6.24331,-0.866071,-6.78913,-0.916518,-0.322589,-0.923216,-6.79892,-0.932197,-7.16022,2.42834,0.289451,-13.7261,6.25164,-7.16022
94.8,47.0347,7.89048,652.898,-6.14113,-0.728256,-6.86841,-0.745312,-0.102532,-0.971044,-6.86669,-0.949934,-7.32354,-4.54608,0.145465,-13.5672,6.14199,-7.32354
95,47.0358,7.88989,650.319,-6.36344,-0.843624,-6.76735,-0.847932,-0.158449,-0.865009,-6.77996,-0.852849,-7.22916,1.64121,0.00523296,-13.751,6.36541,-7.22916
95.2,47.0368,7.8893,648.671,-6.13484,-0.825253,-6.66039,-0.758403,-0.245537,-0.883884,-6.62219,-0.916024,-7.25142,4.46253,-0.0451733,-13.6318,6.13976,-7.25142
95.4,47.0378,7.88872,644.557,-6.35104,-0.815574,-6.74655,-0.791788,-0.0973876,-0.997016,-6.69589,-0.950181,-7.40112,3.15362,0.0972962,-13.8495,6.35179,-7.40112
95.6,47.0389,7.88813,643.064,-6.38268,-0.945486,-6.68563,-0.912185,-0.0816367,-0.963936,-6.69545,-0.961725,-7.44943,4.24741,0.147286,-13.9137,6.3832,-7.44943
95.8,47.0399,7.88753,641.925,-6.17252,-0.939911,-6.70203,-0.945253,-0.158934,-0.907956,-6.71873,-0.892037,-7.26027,0.44325,0.0989824,-13.5917,6.17457,-7.26027
96,47.041,7.88694,638.474,-6.26972,-0.805608,-6.86955,-0.831068,-0.303621,-0.997026,-6.79671,-1.02082,-7.31751,3.25286,0.239706,-13.8908,6.27707,-7.31751
96.2,47.042,7.88635,636.36,-6.3659,-0.858394,-6.6187,-0.890939,-0.00587577,-0.976889,-6.63959,-0.909851,-7.42858,3.54312,0.386785,-13.8004,6.3659,-7.42858
96.4,47.0431,7.88575,634.983,-6.33798,-0.853916,-6.78074,-0.827088,-0.17504,-0.843795,-6.77504,-0.86242,-7.33094,2.96446,-0.0201888,-13.844,6.3404,-7.33094
96.6,47.0441,7.88516,632.295,-6.26011,-0.865184,-6.83323,-0.884889,-0.19794,-1.13398,-6.84072,-1.13565,-7.34583,-0.237368,0.257516,-13.8039,6.26324,-7.34583
96.8,47.0452,7.88456,629.582,-6.12276,-0.954019,-6.78931,-0.884331,-0.115344,-0.880827,-6.79377,-0.945982,-7.3787,-2.13328,0.0475234,-13.6168,6.12384,-7.3787
97,47.0463,7.88396,627.59,-6.2499,-0.763612,-6.74035,-0.846082,-0.142341,-0.905927,-6.69793,-0.922315,-7.3686,2.7269,-0.0395833,-13.7608,6.25152,-7.3686
97.2,47.0473,7.88336,624.258,-6.23669,-0.992426,-6.74113,-0.935745,-0.241382,-0.951486,-6.70181,-1.04633,-7.29074,3.26672,-0.0195125,-13.7688,6.24136,-7.29074
97.4,47.0484,7.88276,621.337,-6.28574,-0.79557,-6.77662,-0.802657,-0.241876,-0.953343,-6.82647,-0.882658,-7.42862,4.54209,-0.0505568,-13.9562,6.29039,-7.42862
97.6,47.0495,7.88215,619.769,-6.24304,-0.826008,-6.69613,-0.895419,-0.0524101,-0.88874,-6.71053,-0.895484,-7.41446,1.06893,0.0860465,-13.7099,6.24326,-7.41446
97.8,47.0506,7.88155,617.49,-6.12269,-0.919406,-6.83889,-0.896102,-0.18526,-0.970138,-6.79727,-0.907891,-7.45823,-0.0200291,0.0629051,-13.7662,6.1255,-7.45823
98,47.0516,7.88095,615.829,-6.24982,-1.01422,-6.82256,-0.996176,-0.147794,-0.996474,-6.84567,-0.95697,-7.33774,-1.60243,0.0758239,-13.7354,6.25157,-7.33774
98.2,47.0527,7.88034,613.331,-6.21227,-0.763367,-6.79752,-0.803401,-0.154775,-1.00404,-6.80419,-0.992711,-7.33961,-0.337039,0.15834,-13.7067,6.2142,-7.33961
98.4,47.0538,7.87973,609.49,-6.39506,-0.892007,-6.8417,-0.862425,-0.0970823,-0.817915,-6.847,-0.870154,-7.33519,-0.168305,0.0583456,-13.8273,6.3958,-7.33519
98.6,47.0549,7.87912,608.29,-6.20945,-0.776866,-6.81889,-0.776303,-0.0461309,-1.00352,-6.79862,-1.03879,-7.40512,-2.78959,0.157258,-13.6607,6.20962,-7.40512
98.8,47.056,7.87851,606.457,-6.06592,-0.771614,-6.70228,-0.785693,-0.278462,-0.851442,-6.71464,-0.831974,-7.2927,3.2776,0.139066,-13.6371,6.07231,-7.2927
99,47.0571,7.8779,604.417,-5.99787,-0.88398,-6.7347,-0.870594,-0.128176,-0.919084,-6.75681,-0.919045,-7.44156,-1.52651,0.026809,-13.5676,5.99924,-7.44156
99.2,47.0582,7.87729,602.613,-6.10498,-0.917162,-6.70008,-0.886823,-0.0488976,-0.956437,-6.7499,-0.911343,-7.29665,-3.41732,-0.0467041,-13.4505,6.10518,-7.29665
99.4,47.0593,7.87668,600.172,-6.07828,-0.899925,-6.79686,-0.917875,-0.117454,-1.02891,-6.83522,-1.02576,-7.34215,-4.27096,-0.0335449,-13.5379,6.07942,-7.34215
99.6,47.0604,7.87606,598.264,-6.29385,-0.870722,-6.84251,-0.883327,-0.261432,-0.92516,-6.81157,-1.01535,-7.32617,2.70758,0.0532366,-13.8815,6.29928,-7.32617
99.8,47.0615,7.87545,597.218,-6.17902,-0.771594,-6.85379,-0.802578,-0.0968415,-0.804614,-6.85698,-0.86906,-7.21267,-4.90139,-0.0149824,-13.4885,6.17978,-7.21267
100,47.0626,7.87483,593.98,-6.30617,-0.7993,-6.78872,-0.773139,-0.016269,-0.931811,-6.75203,-0.903397,-7.4634,-0.0157585,0.130209,-13.7858,6.30619,-7.4634
100.2,47.0637,7.87421,591.937,-6.28705,-0.938548,-6.79921,-0.86851,-0.152259,-0.972914,-6.84328,-0.948256,-7.5991,3.24731,-0.0437055,-14.0384,6.2889,-7.5991
100.4,47.0648,7.87359,591.25,-6.29247,-0.891406,-6.84641,-0.875665,-0.152375,-0.855351,-6.81535,-0.839613,-7.53933,2.7783,0.0550402,-13.9842,6.29432,-7.53933
100.6,47.0659,7.87297,587.785,-6.09754,-1.0785,-6.7948,-1.00815,-0.0892294,-1.01626,-6.76419,-1.01785,-7.551,-1.6452,0.12393,-13.7378,6.0982,-7.551
100.8,47.067,7.87235,586.124,-6.2948,-0.821116,-6.72139,-0.862869,-0.0579574,-0.936672,-6.7181,-0.944377,-7.37543,0.942172,0.0760079,-13.7282,6.29507,-7.37543
101,47.0681,7.87173,583.424,-6.21295,-0.732171,-6.88872,-0.74861,-0.408498,-0.771001,-6.90937,-0.820345,-7.40307,5.55934,0.5108,-14.0245,6.22636,-7.40307
101.2,47.0693,7.87111,581.059,-6.25604,-0.832057,-6.66787,-0.805949,-0.116846,-0.76895,-6.68324,-0.790048,-7.33856,3.31548,0.0426687,-13.7114,6.25713,-7.33856
101.4,47.0704,7.87048,580.898,-6.26126,-0.898096,-6.81024,-0.874756,-0.0386255,-0.886777,-6.82511,-0.879529,-7.22757,-4.54304,-0.0662882,-13.5275,6.26138,-7.22757
101.6,47.0715,7.86986,576.641,-6.37178,-0.839559,-6.76921,-0.84703,-0.306811,-0.931991,-6.76083,-0.960054,-7.31279,6.84548,-0.147856,-13.9914,6.37916,-7.31279
101.8,47.0726,7.86923,576.095,-6.30873,-0.919948,-6.78574,-0.910935,0.0151815,-0.793995,-6.74798,-0.773295,-7.5348,0.165527,0.505281,-13.8283,6.30874,-7.5348
102,47.0738,7.86861,574.193,-6.20843,-0.82982,-6.77552,-0.820805,-0.261033,-0.849468,-6.81788,-0.92648,-7.35005,3.0173,0.0807372,-13.8195,6.21391,-7.35005
102.2,47.0749,7.86798,572.678,-6.19877,-0.861285,-6.77274,-0.917485,-0.194196,-0.924739,-6.79096,-0.954248,-7.30282,0.448818,0.043218,-13.6958,6.20181,-7.30282
102.4,47.0761,7.86735,570.388,-6.17333,-0.953285,-6.70194,-0.960006,-0.048329,-0.904753,-6.75334,-0.903215,-7.577,0.894143,0.269847,-13.7987,6.17352,-7.577
102.6,47.0772,7.86672,567.973,-6.16763,-0.961989,-6.73688,-0.950359,-0.0735643,-0.84481,-6.7551,-0.838389,-7.27059,-2.5999,0.206823,-13.5118,6.16807,-7.27059
102.8,47.0783,7.86609,566.498,-6.3533,-0.832595,-6.69419,-0.835522,0.00266928,-0.820679,-6.68541,-0.811302,-7.44802,2.33551,0.312393,-13.7986,6.3533,-7.44802
103,47.0795,7.86546,564.744,-6.20384,-0.866321,-6.72731,-0.847981,-0.064057,-1.01765,-6.73616,-1.03481,-7.35226,-1.24652,0.0734058,-13.6202,6.20417,-7.35226
103.2,47.0806,7.86483,563.199,-6.17783,-0.920055,-6.7381,-0.889694,-0.263814,-0.915088,-6.72728,-0.907326,-7.3019,3.37615,0.0610866,-13.7435,6.18346,-7.3019
103.4,47.0818,7.86419,563.093,-6.32275,-0.996205,-6.82661,-0.972141,-0.0233432,-1.15398,-6.78035,-1.11238,-7.43399,-2.4291,0.1221,-13.7801,6.32279,-7.43399
103.6,47.0829,7.86356,560.841,-6.28023,-0.896592,-6.718,-0.905758,-0.0695476,-0.893089,-6.76225,-0.910217,-7.36117,0.249598,0.0741491,-13.711,6.28061,-7.36117
103.8,47.0841,7.86293,559.265,-6.2246,-0.958986,-6.76824,-0.939221,-0.0781029,-0.86694,-6.78048,-0.822056,-7.52712,0.844083,0.277809,-13.8298,6.22509,-7.52712
104,47.0853,7.86229,556.359,-6.27436,-0.831286,-6.68148,-0.872867,-0.0914626,-0.881951,-6.74601,-0.922159,-7.49664,3.3679,0.0390098,-13.8625,6.27503,-7.49664
104.2,47.0864,7.86166,555.871,-6.47398,-0.843339,-6.59491,-0.865112,-0.120045,-0.99942,-6.60056,-1.02855,-7.11974,4.87452,0.110209,-13.7138,6.47509,-7.11974
104.4,47.0876,7.86102,554.05,-6.19792,-0.919759,-6.75416,-0.937871,-0.108207,-1.01481,-6.73931,-0.985194,-7.24436,-2.05236,-0.0184827,-13.5505,6.19887,-7.24436
104.6,47.0888,7.86039,552.731,-6.15531,-0.865521,-6.84598,-0.859063,-0.0531771,-0.947367,-6.88102,-0.941268,-7.47404,-4.02554,-0.0732251,-13.6825,6.15554,-7.47404
104.8,47.0899,7.85975,550.882,-6.15978,-0.858291,-6.66057,-0.901236,-0.0829316,-1.06801,-6.688,-1.0222,-7.31178,-0.510011,0.0730383,-13.5545,6.16033,-7.31178
105,47.0911,7.85911,550.07,-5.99515,-0.875774,-6.91728,-0.935443,-0.164329,-0.962561,-6.88889,-0.965748,-7.36716,-6.07643,0.124878,-13.5266,5.9974,-7.36716
105.2,47.0923,7.85847,547.94,-6.27062,-0.793349,-6.75282,-0.751694,-0.169721,-0.996062,-6.80417,-0.923113,-7.54422,4.37678,-0.028611,-13.9846,6.27291,-7.54422
105.4,47.0935,7.85783,548.162,-6.16437,-1.01397,-6.83517,-0.933019,-0.181085,-0.93533,-6.80862,-0.945865,-7.28974,-1.99172,0.150693,-13.6352,6.16703,-7.28974
105.6,47.0947,7.85719,546.867,-6.29495,-0.851026,-6.7784,-0.891411,-0.150584,-0.983241,-6.85716,-1.01205,-7.25805,-1.00873,0.0363094,-13.7036,6.29675,-7.25805
105.8,47.0958,7.85655,544.214,-6.44343,-0.72354,-6.81767,-0.711466,-0.109764,-1.0652,-6.8011,-1.01418,-7.34086,1.70139,0.476344,-13.8941,6.44437,-7.34086
106,47.097,7.85591,543.354,-6.30807,-0.825721,-6.84006,-0.806808,-0.272112,-1.03912,-6.83264,-1.03814,-7.39512,3.79413,0.163412,-13.9753,6.31393,-7.39512
106.2,47.0982,7.85527,542.517,-6.24728,-0.810492,-6.83564,-0.87064,-0.143331,-0.90445,-6.82679,-0.986017,-7.45025,0.488282,-0.0265094,-13.8409,6.24892,-7.45025
106.4,47.0994,7.85463,541.389,-6.27557,-0.87481,-6.78387,-0.890826,-0.133417,-0.867384,-6.8218,-0.943174,-7.41761,1.00211,0.00215901,-13.8266,6.27699,-7.41761
106.6,47.1006,7.85399,539.54,-6.37316,-0.768409,-6.86947,-0.79736,-0.078809,-0.940557,-6.81193,-0.956541,-7.47225,0.812433,0.0842351,-13.9242,6.37365,-7.47225
106.8,47.1018,7.85335,538.613,-6.20732,-0.823127,-6.74628,-0.796747,-0.211014,-0.98893,-6.80216,-0.976032,-7.57177,4.79525,-0.0605451,-13.9901,6.2109,-7.57177
107,47.103,7.85271,537.094,-6.37759,-0.80409,-6.87572,-0.787424,-0.0489428,-1.00826,-6.86445,-0.995614,-7.38398,-2.13889,0.126913,-13.8105,6.37778,-7.38398
107.2,47.1042,7.85207,537.191,-6.3649,-0.895649,-6.82711,-0.929086,-0.15694,-0.98626,-6.84815,-0.955703,-7.3319,0.577297,0.00278012,-13.8537,6.36684,-7.3319
107.4,47.1054,7.85142,534.662,-6.26513,-0.894289,-6.64719,-0.914366,-0.0241224,-0.719171,-6.70776,-0.685439,-7.2149,-0.741843,0.49309,-13.5041,6.26517,-7.2149
107.6,47.1066,7.85078,533.318,-6.43342,-0.895711,-6.81056,-0.867019,0.0555088,-0.88773,-6.79629,-0.919859,-7.46303,-1.27655,0.309319,-13.8409,6.43366,-7.46303
107.8,47.1078,7.85014,532.18,-6.22577,-0.94555,-6.77992,-0.933839,-0.207026,-0.827489,-6.74313,-0.842507,-7.46832,4.06603,0.163503,-13.9011,6.22921,-7.46832
108,47.1091,7.84949,531.938,-6.38844,-0.813214,-6.73774,-0.867689,-0.0981778,-0.992147,-6.76612,-1.00885,-7.47263,3.60893,0.0989934,-13.9593,6.3892,-7.47263
108.2,47.1103,7.84885,532.793,-6.21845,-0.909281,-6.83565,-0.909408,-0.238996,-1.04354,-6.8428,-0.991843,-7.32417,0.289218,0.128029,-13.7816,6.22304,-7.32417
108.4,47.1115,7.84821,530.949,-6.2781,-0.913724,-6.85789,-0.882186,-0.192396,-0.937734,-6.87196,-0.958431,-7.58466,2.9049,-0.0245786,-14.0552,6.28104,-7.58466
108.6,47.1127,7.84756,530.345,-6.43432,-1.04183,-6.92623,-0.970224,-0.0753667,-0.810876,-6.87974,-0.825301,-7.38473,-1.54701,0.42268,-13.8944,6.43476,-7.38473
108.8,47.1139,7.84692,530.585,-6.2393,-0.871745,-6.80302,-0.87761,-0.172496,-0.886117,-6.83366,-0.898241,-7.54552,2.81212,-0.00441636,-13.9573,6.24169,-7.54552
109,47.1152,7.84627,528.911,-6.21545,-0.701459,-6.73537,-0.697171,-0.339269,-0.889755,-6.75789,-0.876222,-7.46202,8.46919,-0.130112,-14.0167,6.2247,-7.46202
109.2,47.1164,7.84563,528.987,-6.11073,-0.801386,-6.8999,-0.803398,-0.116154,-0.969557,-6.85133,-0.995138,-7.31819,-5.20573,0.0644127,-13.5451,6.11183,-7.31819
109.4,47.1176,7.84498,526.22,-6.22499,-0.883184,-6.80616,-0.879204,-0.25359,-0.828291,-6.81069,-0.863266,-7.52232,4.93278,0.0245012,-14.0009,6.23016,-7.52232
109.6,47.1189,7.84434,527.827,-6.01307,-0.707977,-6.79487,-0.658224,-0.155914,-0.948768,-6.74542,-0.98408,-7.51614,0.141091,0.284136,-13.6851,6.01509,-7.51614
109.8,47.1201,7.84369,526.83,-6.38785,-0.774223,-6.75416,-0.814316,-0.229826,-0.7938,-6.79984,-0.848918,-7.38971,6.27844,-0.178098,-14.0074,6.39198,-7.38971
110,47.1214,7.84305,526.001,-6.26743,-0.726277,-6.74127,-0.739819,-0.0481882,-1.12153,-6.76405,-1.11268,-7.30602,-1.87886,0.678636,-13.6216,6.26762,-7.30602
110.2,47.1226,7.8424,525.68,-6.39877,-0.75892,-6.69407,-0.809355,-0.0878252,-0.997615,-6.7066,-1.03268,-7.31137,2.89806,0.244527,-13.798,6.39938,-7.31137
110.4,47.1239,7.84176,526.081,-6.30363,-0.899958,-6.74118,-0.913384,-0.0500902,-0.967696,-6.80762,-0.933623,-7.38933,-0.702774,0.0574644,-13.743,6.30383,-7.38933
110.6,47.1251,7.84111,525.919,-6.11606,-0.789493,-6.76461,-0.825866,-0.163213,-0.947676,-6.81378,-0.925392,-7.57906,1.93529,-0.00520061,-13.8583,6.11824,-7.57906
110.8,47.1264,7.84047,525.756,-6.3014,-0.769558,-6.85648,-0.822296,-0.214239,-0.952264,-6.83752,-0.980143,-7.4889,3.39503,0.0174114,-14.0045,6.30504,-7.4889
111,47.1276,7.83982,524.701,-6.26302,-0.845368,-6.72375,-0.828221,-0.110873,-0.911734,-6.71404,-0.898118,-7.48643,3.49918,0.000451191,-13.8603,6.264,-7.48643
111.2,47.1289,7.83918,525.41,-6.30887,-0.869869,-6.83991,-0.907751,-0.0132798,-0.934235,-6.82372,-0.917475,-7.47798,-1.91944,0.0637474,-13.8001,6.30889,-7.47798
111.4,47.1301,7.83854,523.746,-6.24462,-0.845208,-6.80972,-0.866084,-0.0332543,-0.970371,-6.82102,-0.951699,-7.41476,-2.69641,-0.00772913,-13.6926,6.24471,-7.41476
111.6,47.1314,7.83789,525.132,-6.32019,-0.785149,-6.72256,-0.798391,-0.248823,-1.06078,-6.81758,-1.02679,-7.35205,4.64131,0.145492,-13.9211,6.32508,-7.35205
111.8,47.1327,7.83725,524.304,-6.13097,-0.969263,-6.71658,-0.923025,-0.0332061,-0.937728,-6.7461,-0.933186,-7.41924,-2.28678,0.0799296,-13.5834,6.13106,-7.41924
112,47.1339,7.8366,523.794,-6.31992,-0.892213,-6.97877,-0.875029,-0.09412,-0.911128,-6.91933,-0.930024,-7.58295,-1.36863,0.00557895,-13.997,6.32062,-7.58295
112.2,47.1352,7.83596,524.845,-6.17597,-0.879234,-6.84926,-0.873048,0.0111462,-0.963125,-6.8847,-0.974724,-7.54619,-4.81876,-0.0743244,-13.711,6.17598,-7.54619
112.4,47.1365,7.83531,525.152,-6.37282,-0.867427,-6.75102,-0.832807,-0.138764,-1.00709,-6.72562,-0.994,-7.39026,3.75689,0.0195125,-13.9019,6.37434,-7.39026
112.6,47.1378,7.83467,523.369,-6.05769,-0.902454,-6.79196,-0.852939,-0.113957,-0.898272,-6.87485,-0.830651,-7.55378,-1.80009,0.0558018,-13.7254,6.05876,-7.55378
112.8,47.139,7.83402,522.78,-6.20641,-0.837728,-6.76157,-0.875553,-0.00208645,-0.94088,-6.80109,-0.930111,-7.50192,-2.0123,0.0656433,-13.7104,6.20641,-7.50192
113,47.1403,7.83338,522.497,-6.18829,-0.903704,-6.79753,-0.935131,-0.0354167,-0.894195,-6.80115,-0.929708,-7.30598,-4.43597,-0.0508565,-13.5297,6.18839,-7.30598
113.2,47.1416,7.83273,524.176,-6.39337,-0.823742,-6.65755,-0.789174,-0.221207,-0.995181,-6.65115,-1.00226,-7.40032,8.87277,-0.201393,-14.0149,6.3972,-7.40032
113.4,47.1429,7.83209,525.952,-6.06877,-0.908259,-6.92597,-0.904495,0.0498963,-0.974124,-6.88697,-0.938285,-7.41704,-10.19,-0.465125,-13.4359,6.06898,-7.41704
113.6,47.1442,7.83145,525.848,-6.26904,-0.723142,-6.91865,-0.765259,-0.040691,-0.963866,-6.8844,-0.956435,-7.44263,-3.77984,0.0751221,-13.7524,6.26917,-7.44263
113.8,47.1455,7.8308,525.373,-6.21825,-0.802573,-6.93603,-0.79558,-0.0180859,-0.929434,-6.9624,-0.919827,-7.33757,-7.82554,-0.219869,-13.5739,6.21828,-7.33757
114,47.1468,7.83016,524.771,-6.448,-0.854549,-6.97433,-0.862501,-0.100952,-0.967082,-6.91713,-0.942801,-7.46653,-0.684605,0.00443571,-14.0155,6.44879,-7.46653
114.2,47.1481,7.82952,524.606,-6.48475,-0.934561,-6.82104,-0.967623,-0.127421,-0.831186,-6.77913,-0.824506,-7.46342,4.69069,0.210482,-14.0756,6.486,-7.46342
114.4,47.1494,7.82887,524.774,-6.25339,-0.846097,-6.75769,-0.839641,-0.0571015,-0.928232,-6.77174,-0.928489,-7.50575,0.776953,0.0679969,-13.8162,6.25365,-7.50575
114.6,47.1507,7.82823,525.715,-6.14845,-0.778474,-6.91252,-0.795796,-0.0528273,-0.85332,-6.8337,-0.876128,-7.32895,-5.663,-0.107085,-13.5302,6.14868,-7.32895
114.8,47.152,7.82759,525.905,-6.26396,-1.02105,-6.86136,-1.00277,-0.0815395,-0.936893,-6.83091,-0.976277,-7.47182,-1.76936,0.133374,-13.8173,6.26449,-7.47182
115,47.1533,7.82694,527.034,-6.19067,-0.822611,-6.83204,-0.847825,-0.0968139,-0.819073,-6.8224,-0.877563,-7.52059,-0.28433,0.0200789,-13.8081,6.19143,-7.52059
115.2,47.1546,7.8263,527.845,-6.34536,-0.894782,-6.86432,-0.866466,-0.161658,-0.870814,-6.8099,-0.878109,-7.25061,-0.159362,0.0638019,-13.7576,6.34742,-7.25061
115.4,47.1559,7.82566,527.702,-6.07919,-0.882506,-6.87911,-0.871866,-0.124815,-0.869635,-6.89938,-0.860023,-7.56026,-2.63251,0.0980087,-13.7643,6.08047,-7.56026
115.6,47.1573,7.82501,528.101,-6.29903,-0.968822,-6.87277,-0.945593,-0.299708,-0.816022,-6.93712,-0.871899,-7.44499,3.42105,0.38553,-14.0437,6.30616,-7.44499
115.8,47.1586,7.82437,528.303,-6.24278,-0.721409,-6.75608,-0.78889,-0.227482,-0.83683,-6.76724,-0.828625,-7.55149,6.59542,-0.198809,-14.0218,6.24692,-7.55149
116,47.1599,7.82373,529.244,-6.33518,-0.785475,-6.98158,-0.805353,-0.112012,-0.829742,-6.9336,-0.892394,-7.21413,-5.12004,0.0209082,-13.6613,6.33617,-7.21413
116.2,47.1612,7.82309,530.592,-6.14007,-1.04088,-6.90791,-1.04128,0.0593288,-0.844693,-6.88769,-0.849376,-7.30054,-10.7049,-0.0108815,-13.3813,6.14036,-7.30054
116.4,47.1626,7.82244,530.659,-6.16922,-0.803914,-6.86674,-0.819743,-0.122087,-0.861562,-6.84137,-0.883987,-7.50002,-0.92076,0.0131757,-13.7913,6.17043,-7.50002
116.6,47.1639,7.8218,531.407,-6.38512,-0.901585,-6.92081,-0.908659,-0.234683,-1.08782,-6.89291,-1.07511,-7.45729,2.3421,0.0763659,-14.0771,6.38943,-7.45729
116.8,47.1652,7.82116,531.747,-6.3141,-0.790941,-6.78393,-0.713759,-0.107554,-1.02388,-6.77647,-0.989331,-7.26833,-0.389529,0.229366,-13.69,6.31501,-7.26833
117,47.1666,7.82052,533.075,-6.34416,-0.883939,-6.785,-0.880038,-0.214302,-0.977239,-6.77498,-0.969151,-7.45461,5.11425,-0.115724,-14.0131,6.34778,-7.45461
117.2,47.1679,7.81988,535.445,-6.26627,-0.921356,-6.76636,-0.891572,-0.0655746,-0.91023,-6.79,-0.949627,-7.63742,2.28092,0.141468,-13.9693,6.26661,-7.63742
117.4,47.1692,7.81923,535.468,-6.38104,-0.86805,-6.91704,-0.874561,-0.0221885,-0.745743,-6.93735,-0.819004,-7.50988,-2.25357,0.15469,-13.9131,6.38108,-7.50988
117.6,47.1706,7.81859,536.031,-6.31726,-1.00748,-6.77194,-0.977189,-0.160616,-0.944375,-6.74501,-1.00323,-7.44448,3.26065,0.0407695,-13.9224,6.3193,-7.44448
117.8,47.1719,7.81795,535.362,-6.41554,-0.931767,-6.78967,-0.88708,-0.0223563,-0.910944,-6.81511,-0.933735,-7.26297,-2.09546,0.0444795,-13.7009,6.41558,-7.26297
118,47.1733,7.81731,536.922,-6.23606,-0.765685,-6.93721,-0.778189,-0.0871971,-0.949373,-6.92369,-0.996474,-7.52239,-2.92645,0.0670199,-13.8456,6.23667,-7.52239
118.2,47.1746,7.81667,538.742,-6.03913,-0.900686,-6.89018,-0.880598,-0.295791,-1.01154,-6.88307,-0.971103,-7.58209,1.23439,0.266823,-13.917,6.04637,-7.58209
118.4,47.176,7.81603,540.901,-6.22977,-0.817905,-6.7804,-0.81652,0.0153034,-0.953059,-6.79705,-0.988012,-7.46654,-2.78201,0.0907869,-13.681,6.22979,-7.46654
118.6,47.1774,7.81539,540.876,-6.30615,-0.896925,-6.83778,-0.877682,-0.18701,-0.848994,-6.82293,-0.848501,-7.51006,3.56408,0.0350601,-14.0032,6.30893,-7.51006
118.8,47.1787,7.81474,541.799,-6.3021,-0.884957,-6.85226,-0.898021,-0.0686714,-0.926807,-6.88262,-0.904363,-7.3605,-2.93906,-0.0250836,-13.7313,6.30247,-7.3605
119,47.1801,7.8141,542.389,-6.25222,-0.915681,-6.90296,-0.928981,-0.207211,-0.742658,-6.90147,-0.77501,-7.33613,-0.768084,0.543357,-13.7956,6.25565,-7.33613
119.2,47.1815,7.81346,543.078,-6.26588,-0.878628,-6.80141,-0.793545,0.00889864,-0.944876,-6.79877,-0.949256,-7.42211,-2.90213,0.0296906,-13.6791,6.26589,-7.42211
119.4,47.1828,7.81282,544.765,-6.30186,-0.778722,-6.95905,-0.839213,-0.115028,-0.99779,-6.9514,-0.974939,-7.38127,-3.82357,0.0729867,-13.7982,6.30291,-7.38127
119.6,47.1842,7.81218,545.96,-6.28903,-0.76917,-6.7465,-0.770684,-0.105973,-0.941645,-6.74224,-0.875063,-7.52872,3.81857,0.0146524,-13.9237,6.28992,-7.52872
119.8,47.1856,7.81154,547.698,-6.15107,-0.920177,-6.97146,-0.900175,-0.300727,-0.94343,-6.99421,-0.934569,-7.46582,-0.904184,0.52392,-13.9176,6.15842,-7.46582
